Category,name,mrp,discountPercent,availableQuantity,discountedSellingPrice,weightInGms,outOfStock,quantity,discountValue,price_per_kg,total_revenue_est
Fruits & Vegetables,Onion,0.25,16,3,0.21,1000,False,1,0.04000000000000001,0.21,0.63
Fruits & Vegetables,Tomato Hybrid,0.42,16,3,0.35,1000,False,1,0.07,0.35,1.0499999999999998
Fruits & Vegetables,Tender Coconut,0.51,15,3,0.43,58,False,1,0.08000000000000002,7.413793103448276,1.29
Fruits & Vegetables,Coriander Leaves,0.2,15,3,0.17,100,False,100,0.03,1.7000000000000002,0.51
Fruits & Vegetables,Ladies Finger,0.14,14,3,0.12,250,False,250,0.020000000000000018,0.48,0.36
Fruits & Vegetables,Potato,0.35,17,3,0.29,1000,False,1,0.06,0.29,0.8699999999999999
Fruits & Vegetables,Lemon,0.75,16,3,0.63,200,False,200,0.12,3.15,1.8900000000000001
Fruits & Vegetables,Watermelon,0.58,15,3,0.49,58,False,1,0.08999999999999997,8.448275862068964,1.47
Fruits & Vegetables,Capsicum Green,0.23,17,3,0.19,250,False,250,0.04000000000000001,0.76,0.5700000000000001
Fruits & Vegetables,Chilli Green,0.19,15,3,0.16,100,False,100,0.03,1.6,0.48
Fruits & Vegetables,Banana Robusta,0.29,17,3,0.24,348,False,6,0.04999999999999999,0.689655172413793,0.72
Fruits & Vegetables,Garlic Indian,0.11,18,3,0.09,100,False,100,0.020000000000000004,0.9,0.27
Fruits & Vegetables,Cauliflower,0.26,15,3,0.22,58,False,1,0.04000000000000001,3.793103448275862,0.66
Fruits & Vegetables,Ginger,0.14,14,3,0.12,200,False,200,0.020000000000000018,0.6,0.36
Fruits & Vegetables,Spinach,0.19,15,3,0.16,250,False,250,0.03,0.64,0.48
Fruits & Vegetables,Muskmelon,0.42,16,3,0.35,58,False,1,0.07,6.0344827586206895,1.0499999999999998
Fruits & Vegetables,Cabbage,0.15,13,3,0.13,58,False,1,0.01999999999999999,2.2413793103448274,0.39
Fruits & Vegetables,Methi,0.3,16,3,0.25,250,False,250,0.04999999999999999,1.0,0.75
Fruits & Vegetables,Broccoli,0.36,16,3,0.3,500,False,500,0.06,0.6,0.8999999999999999
Fruits & Vegetables,Sapota,0.3,16,3,0.25,348,False,6,0.04999999999999999,0.7183908045977011,0.75
Fruits & Vegetables,Onion,0.68,16,3,0.57,3000,False,3,0.1100000000000001,0.18999999999999997,1.71
Fruits & Vegetables,Potato,1.0,16,3,0.84,3000,False,3,0.16000000000000003,0.27999999999999997,2.52
Fruits & Vegetables,Orange Nagpur,0.82,15,3,0.69,232,False,4,0.13,2.9741379310344827,2.07
Fruits & Vegetables,Mint Leaves,0.11,18,3,0.09,100,False,100,0.020000000000000004,0.9,0.27
Fruits & Vegetables,Beans French,0.33,15,3,0.28,250,False,250,0.04999999999999999,1.12,0.8400000000000001
Fruits & Vegetables,Bottle Gourd,0.26,15,3,0.22,58,False,1,0.04000000000000001,3.793103448275862,0.66
Fruits & Vegetables,Banana Elaichi,0.58,15,3,0.49,348,False,6,0.08999999999999997,1.4080459770114941,1.47
Fruits & Vegetables,Coconut Big,0.36,16,3,0.3,58,False,1,0.06,5.172413793103448,0.8999999999999999
Fruits & Vegetables,Curry Leaves,0.13,15,3,0.11,50,False,50,0.020000000000000004,2.2,0.33
Fruits & Vegetables,Brinjal Bharta,0.19,15,3,0.16,58,False,1,0.03,2.7586206896551726,0.48
Fruits & Vegetables,Lettuce Iceberg,0.25,16,3,0.21,250,False,250,0.04000000000000001,0.84,0.63
Fruits & Vegetables,Papaya,0.54,16,3,0.45,58,False,1,0.09000000000000002,7.758620689655173,1.35
Fruits & Vegetables,Apple Shimla,1.42,16,3,1.19,232,False,4,0.22999999999999998,5.129310344827586,3.57
Fruits & Vegetables,Bitter Gourd,0.18,16,3,0.15,250,False,250,0.03,0.6,0.44999999999999996
Fruits & Vegetables,Brinjal Small,0.18,16,3,0.15,250,False,250,0.03,0.6,0.44999999999999996
Fruits & Vegetables,Sweet Corn,0.36,16,3,0.3,116,False,2,0.06,2.586206896551724,0.8999999999999999
Fruits & Vegetables,Spring Onion,0.18,16,3,0.15,250,False,250,0.03,0.6,0.44999999999999996
Fruits & Vegetables,Bell Peppers Red & Yellow,1.18,16,3,0.99,116,False,2,0.18999999999999995,8.53448275862069,2.9699999999999998
Fruits & Vegetables,Pomegranate,1.06,16,3,0.89,116,False,2,0.17000000000000004,7.672413793103448,2.67
Fruits & Vegetables,Sweet Lime,0.3,16,3,0.25,116,False,2,0.04999999999999999,2.155172413793103,0.75
Fruits & Vegetables,Baby Potato,0.19,15,3,0.16,500,False,500,0.03,0.32,0.48
Fruits & Vegetables,Coccinia,0.32,15,3,0.27,250,False,250,0.04999999999999999,1.08,0.81
Fruits & Vegetables,Guava,0.54,16,3,0.45,232,False,4,0.09000000000000002,1.9396551724137931,1.35
Fruits & Vegetables,Apple Washington,1.77,15,3,1.49,232,False,4,0.28,6.422413793103448,4.47
Fruits & Vegetables,Amla,0.32,15,3,0.27,250,False,250,0.04999999999999999,1.08,0.81
Fruits & Vegetables,Beans Cluster,0.3,16,3,0.25,250,False,250,0.04999999999999999,1.0,0.75
Fruits & Vegetables,Apple Royal Gala,1.89,15,3,1.59,232,False,4,0.2999999999999998,6.853448275862069,4.7700000000000005
Fruits & Vegetables,Chilli Bhaji,0.3,16,3,0.25,250,False,250,0.04999999999999999,1.0,0.75
Fruits & Vegetables,Lettuce Green,0.23,17,3,0.19,100,False,100,0.04000000000000001,1.9,0.5700000000000001
Fruits & Vegetables,Baby Corn Peeled,0.35,17,3,0.29,250,False,250,0.06,1.16,0.8699999999999999
Fruits & Vegetables,Mixed Sprouts,0.35,17,3,0.29,200,False,200,0.06,1.45,0.8699999999999999
Fruits & Vegetables,Zucchini Green,0.35,17,3,0.29,250,False,250,0.06,1.16,0.8699999999999999
Fruits & Vegetables,Beans Broad,0.42,16,3,0.35,250,False,250,0.07,1.4,1.0499999999999998
Fruits & Vegetables,Raw Banana,0.2,15,6,0.17,500,False,500,0.03,0.34,1.02
Fruits & Vegetables,Colocasia,0.29,17,6,0.24,500,False,500,0.04999999999999999,0.48,1.44
Fruits & Vegetables,Tomato Cherry,0.35,17,3,0.29,200,False,200,0.06,1.45,0.8699999999999999
Fruits & Vegetables,Sweet Potato,0.38,15,3,0.32,500,False,500,0.06,0.64,0.96
Fruits & Vegetables,Pineapple Slice,0.89,15,3,0.75,200,False,200,0.14,3.75,2.25
Fruits & Vegetables,Orange,0.54,16,3,0.45,116,False,2,0.09000000000000002,3.8793103448275863,1.35
Fruits & Vegetables,Dragon Fruit Imported,0.7,15,3,0.59,58,False,1,0.10999999999999999,10.172413793103447,1.77
Fruits & Vegetables,Zucchini Yellow,0.42,16,3,0.35,250,False,500,0.07,1.4,1.0499999999999998
Fruits & Vegetables,Apple Kinnaur,1.42,16,6,1.19,232,False,4,0.22999999999999998,5.129310344827586,7.14
Fruits & Vegetables,Pineapple,0.94,15,3,0.79,58,False,1,0.1499999999999999,13.620689655172415,2.37
Fruits & Vegetables,Basil,0.2,15,3,0.17,100,False,100,0.03,1.7000000000000002,0.51
Fruits & Vegetables,Parsley,0.17,17,3,0.14,100,False,100,0.03,1.4000000000000001,0.42000000000000004
Fruits & Vegetables,Ridge Gourd,0.3,16,3,0.25,500,False,500,0.04999999999999999,0.5,0.75
Fruits & Vegetables,Papaya Cut,0.46,15,3,0.39,200,False,200,0.07,1.9500000000000002,1.17
Fruits & Vegetables,Pomegranate Peeled,0.58,15,2,0.49,100,False,100,0.08999999999999997,4.8999999999999995,0.98
Fruits & Vegetables,Pear Green Imported,0.82,15,3,0.69,116,False,2,0.13,5.948275862068965,2.07
Fruits & Vegetables,Guava Thai,0.7,15,3,0.59,116,False,2,0.10999999999999999,5.086206896551723,1.77
Fruits & Vegetables,Lettuce Red,0.2,15,3,0.17,100,False,100,0.03,1.7000000000000002,0.51
Fruits & Vegetables,Mango Raw,0.6,16,3,0.5,500,False,500,0.09999999999999998,1.0,1.5
Fruits & Vegetables,Biryani /Pulav Mix,0.58,15,3,0.49,250,False,250,0.08999999999999997,1.96,1.47
Fruits & Vegetables,Banana Nendran,0.54,16,6,0.45,500,False,500,0.09000000000000002,0.9,2.7
Fruits & Vegetables,Pumpkin Cut,0.3,16,3,0.25,200,False,200,0.04999999999999999,1.25,0.75
Fruits & Vegetables,Banana Red,0.54,16,6,0.45,500,False,500,0.09000000000000002,0.9,2.7
Fruits & Vegetables,Radish White,0.23,17,6,0.19,500,False,500,0.04000000000000001,0.38,1.1400000000000001
Fruits & Vegetables,Avocado Indian Premium,1.77,15,3,1.49,58,False,1,0.28,25.689655172413794,4.47
Fruits & Vegetables,Banana Leaf,0.12,16,2,0.1,58,False,1,0.01999999999999999,1.7241379310344829,0.2
Fruits & Vegetables,Sponge Gourd,0.25,16,2,0.21,300,False,300,0.04000000000000001,0.7,0.42
Fruits & Vegetables,Zama Organics Carrot,0.2,15,3,0.17,250,False,250,0.03,0.68,0.51
Fruits & Vegetables,Safal Frozen - Mixed Vegetables,1.1,4,2,1.05,1000,False,1,0.050000000000000044,1.05,2.1
Fruits & Vegetables,Zama Organics Sweet Potato,0.37,16,3,0.31,250,False,250,0.06,1.24,0.9299999999999999
Fruits & Vegetables,Beetroot,0.16,18,3,0.13,500,False,500,0.03,0.26,0.39
Fruits & Vegetables,Capsicum,0.26,19,3,0.21,500,False,500,0.05000000000000002,0.42,0.63
Fruits & Vegetables,Carrot,0.19,21,3,0.15,500,False,500,0.04000000000000001,0.3,0.44999999999999996
Fruits & Vegetables,Garlic,0.17,23,3,0.13,200,False,200,0.04000000000000001,0.65,0.39
Fruits & Vegetables,Carrot,0.13,15,0,0.11,250,True,200,0.020000000000000004,0.44,0.0
Fruits & Vegetables,Beetroot,0.11,18,0,0.09,250,True,250,0.020000000000000004,0.36,0.0
Fruits & Vegetables,Moong Sprouts,0.35,17,0,0.29,200,True,200,0.06,1.45,0.0
Fruits & Vegetables,Safal Frozen Mixed Vegetables,0.6,5,0,0.57,500,True,500,0.030000000000000027,1.14,0.0
Fruits & Vegetables,Safal Frozen Corn,0.41,4,0,0.39,200,True,200,0.019999999999999962,1.9500000000000002,0.0
Fruits & Vegetables,Safal Frozen - Sweet Corn,1.6,5,0,1.52,1000,True,1,0.08000000000000007,1.52,0.0
Cooking Essentials,Maggi 2 Minute Masala Noodles,0.12,0,6,0.12,70,False,70,0.0,1.7142857142857142,0.72
Cooking Essentials,iD Idli & Dosa Batter,0.8,15,6,0.68,1000,False,1,0.12,0.68,4.08
Cooking Essentials,Tata Salt,0.24,0,6,0.24,1000,False,1,0.0,0.24,1.44
Cooking Essentials,Arden Eggs White,0.97,0,4,0.97,696,False,12,0.0,1.3936781609195403,3.88
Cooking Essentials,Arden Eggs White,0.65,15,4,0.55,348,False,6,0.09999999999999998,1.5804597701149428,2.2
Cooking Essentials,Fortune Sunlite Refined Sunflower (Pouch),2.3,4,6,2.19,1000,False,1,0.10999999999999988,2.19,13.14
Cooking Essentials,Aashirvaad Superior MP Atta,2.5,2,6,2.45,5000,False,5,0.04999999999999982,0.49,14.700000000000001
Cooking Essentials,Amul Pure Ghee (Pouch),2.55,2,6,2.49,500,False,500,0.05999999999999961,4.98,14.940000000000001
Cooking Essentials,Arden Eggs Brown,0.85,7,4,0.79,348,False,6,0.05999999999999994,2.270114942528736,3.16
Cooking Essentials,Tata Salt Lite,0.4,10,6,0.36,1000,False,1,0.040000000000000036,0.36,2.16
Cooking Essentials,Saffola Gold Oil (Pouch),2.15,0,6,2.15,1000,False,1,0.0,2.15,12.899999999999999
Cooking Essentials,Fortune Sunlite Refined Sunflower (Jar),9.25,0,6,9.25,5000,False,5,0.0,1.85,55.5
Cooking Essentials,Fortune Rice Bran (Pouch),2.25,11,6,1.99,1000,False,1,0.26,1.99,11.94
Cooking Essentials,Saffola Active Oil,2.1,0,6,2.1,1000,False,1,0.0,2.1,12.600000000000001
Cooking Essentials,Amul Pure Ghee (Pouch),5.05,1,2,4.99,1000,False,1,0.05999999999999961,4.99,9.98
Cooking Essentials,Aashirvaad Atta,4.6,13,6,3.99,10000,False,10,0.6099999999999994,0.399,23.94
Cooking Essentials,Popular Essentials Toor Dal (Un-Polished),1.6,6,4,1.49,1000,False,1,0.1100000000000001,1.49,5.96
Cooking Essentials,Amul Ghee (Tin),5.2,2,6,5.09,1000,False,1,0.11000000000000032,5.09,30.54
Cooking Essentials,Amul Fresh Cream,1.97,3,3,1.91,1000,False,1,0.06000000000000005,1.91,5.7299999999999995
Cooking Essentials,Popular Essentials Pure Jaggery,0.5,2,6,0.49,450,False,450,0.010000000000000009,1.0888888888888888,2.94
Cooking Essentials,Aashirvaad Multigrain Atta,0.64,3,2,0.62,1000,False,1,0.020000000000000018,0.62,1.24
Cooking Essentials,Fortune Soyabean Oil,10.05,0,6,9.99,5000,False,5,0.0600000000000005,1.9980000000000002,59.94
Cooking Essentials,Popular Essentials Sunflower Seeds,0.25,0,6,0.25,50,False,50,0.0,5.0,1.5
Cooking Essentials,Tata Sampann kabuli chana,1.85,1,4,1.83,1000,False,500,0.020000000000000018,1.83,7.32
Cooking Essentials,Dhara Groundnut Oil (Pouch),2.3,11,6,2.03,1000,False,1,0.27,2.03,12.18
Cooking Essentials,Dhara Health Refined Sun Flower Oil Jar,12.0,18,6,9.84,5000,False,5,2.16,1.9680000000000002,59.04
Cooking Essentials,24 Mantra Organic Jaggery Powder,0.8,15,6,0.68,500,False,500,0.12,1.36,4.08
Cooking Essentials,Tata Sampann High Protien Kabuli Chana,0.94,0,1,0.94,500,False,500,0.0,1.88,0.94
Cooking Essentials,Dhara Kachi Ghani Mustard Oil Jar,12.5,8,6,11.43,5000,False,5,1.0700000000000003,2.286,68.58
Cooking Essentials,D'lecta Dairy Cream,0.54,5,6,0.51,200,False,200,0.030000000000000027,2.5500000000000003,3.06
Cooking Essentials,Ching's Secret Instant Hot Garlic Noodles,0.15,0,3,0.15,60,False,60,0.0,2.5,0.44999999999999996
Cooking Essentials,Dabur Ginger Garlic Paste,0.25,8,3,0.23,100,False,100,0.01999999999999999,2.3,0.6900000000000001
Cooking Essentials,Ching's Secret Instant Schezwan Noodles,0.15,0,6,0.15,60,False,60,0.0,2.5,0.8999999999999999
Cooking Essentials,Gowardhan Ghee/Tuppa Jar,3.15,1,6,3.09,500,False,500,0.06000000000000005,6.18,18.54
Cooking Essentials,Tata Sampann Unpolished Moong Dal,0.92,4,4,0.88,500,False,500,0.040000000000000036,1.76,3.52
Cooking Essentials,Aashirvaad Select Atta,0.64,0,6,0.64,1000,False,1,0.0,0.64,3.84
Cooking Essentials,Popular Essentials Misri Dana (Diamond Sugar),0.15,0,4,0.15,100,False,100,0.0,1.5,0.6
Cooking Essentials,Gowardhan Ghee Jar,5.98,3,6,5.79,1000,False,1,0.1900000000000004,5.79,34.74
Cooking Essentials,Top Ramen  Noodles Curry Veg Pouch,0.2,0,1,0.2,70,False,70,0.0,2.857142857142857,0.2
Cooking Essentials,Popular Essentials Refined Sugar,0.6,0,6,0.6,1000,False,1,0.0,0.6,3.5999999999999996
Cooking Essentials,Fortune Kachi Ghani Mustard Oil Bottle,2.16,7,6,1.99,1000,False,1,0.17000000000000015,1.99,11.94
Cooking Essentials,Saffola Veggie Twist Masala Oats,0.15,0,6,0.15,38,False,38,0.0,3.947368421052632,0.8999999999999999
Cooking Essentials,Satyam Puffed Rice Kurmura (R),0.23,0,6,0.23,200,False,200,0.0,1.15,1.3800000000000001
Cooking Essentials,Quaker Oats,0.79,0,2,0.79,400,False,400,0.0,1.975,1.58
Cooking Essentials,Aashirvaad Select Sharbati Atta,3.15,10,6,2.83,5000,False,5,0.31999999999999984,0.566,16.98
Cooking Essentials,Popular Essentials Refined Sugar,2.95,10,6,2.65,5000,False,5,0.30000000000000027,0.53,15.899999999999999
Cooking Essentials,Gowardhan Cow Ghee Pouch,5.79,10,6,5.21,1000,False,1,0.5800000000000001,5.21,31.259999999999998
Cooking Essentials,Dhara Nourish Refined Sunflower Oil Pouch,2.1,5,6,1.99,1000,False,1,0.1100000000000001,1.99,11.94
Cooking Essentials,Parachute Oil,0.4,7,3,0.37,100,False,100,0.030000000000000027,3.7,1.1099999999999999
Cooking Essentials,Popular Essentials Plain Puffed Rice (Murmura/Muri),0.18,0,6,0.18,100,False,100,0.0,1.8,1.08
Cooking Essentials,Amul Mithai Mate Condensed Sweetened Milk,0.56,3,4,0.54,200,False,200,0.020000000000000018,2.7,2.16
Cooking Essentials,Saffola Gold (Jar),12.4,0,6,12.4,5000,False,5,0.0,2.48,74.4
Cooking Essentials,McCain New Mini Samosa with Cheese Pizza Style Filling,1.2,1,3,1.18,240,False,240,0.020000000000000018,4.916666666666666,3.54
Cooking Essentials,Fortune Rice Bran Health Oil (Jar),10.5,1,6,10.39,5000,False,5,0.10999999999999943,2.078,62.34
Cooking Essentials,Arden Desi Eggs,1.1,13,4,0.95,348,False,6,0.15000000000000013,2.7298850574712645,3.8
Cooking Essentials,Fortune Rozana Basmati Rice,5.85,21,6,4.62,5000,False,5,1.2299999999999995,0.924,27.72
Cooking Essentials,Fortune Biriyani Special Basmati Rice,1.75,0,5,1.75,1000,False,1,0.0,1.75,8.75
Cooking Essentials,Everest Garam Masala,0.78,7,5,0.72,100,False,100,0.06000000000000005,7.2,3.5999999999999996
Cooking Essentials,Popular Essentials Pumpkin Seeds,0.9,16,6,0.75,100,False,100,0.15000000000000002,7.5,4.5
Cooking Essentials,Fortune Soya Health Refined Soybean Oil,2.1,1,2,2.06,1000,False,1,0.040000000000000036,2.06,4.12
Cooking Essentials,Gowardhan Pure Ghee Pouch,2.95,4,6,2.81,500,False,500,0.14000000000000012,5.62,16.86
Cooking Essentials,Popular Essentials Jeera/Cumin Seeds,0.4,5,3,0.38,100,False,100,0.020000000000000018,3.8,1.1400000000000001
Cooking Essentials,Weikfield Baking Soda,0.3,3,6,0.29,100,False,100,0.010000000000000009,2.9,1.7399999999999998
Cooking Essentials,Everest Pav Bhaji Masala,0.37,10,4,0.33,50,False,50,0.03999999999999998,6.6,1.32
Cooking Essentials,Tata Sampann Unpolished Chana Dal,0.95,6,2,0.89,1000,False,500,0.05999999999999994,0.89,1.78
Cooking Essentials,Amul Mithai Mate EOE Tin,1.12,2,6,1.09,400,False,400,0.030000000000000027,2.725,6.540000000000001
Cooking Essentials,Pillsbury Chakki Fresh Atta,4.5,16,6,3.75,10000,False,10,0.75,0.375,22.5
Cooking Essentials,Everest Chicken Masala,0.39,2,1,0.38,50,False,50,0.010000000000000009,7.6,0.38
Cooking Essentials,Dhara Life Refined Ricebran Oil (Pouch),2.05,7,6,1.9,1000,False,1,0.1499999999999999,1.9,11.399999999999999
Cooking Essentials,Borges Extra Virgin Olive Oil,4.0,25,1,2.99,250,False,250,1.0099999999999998,11.96,2.99
Cooking Essentials,Everest Shahi Biryani Masala,0.7,14,6,0.6,50,False,50,0.09999999999999998,12.0,3.5999999999999996
Cooking Essentials,Popular Essentials Californian Almond,3.5,28,6,2.51,250,False,250,0.9900000000000002,10.04,15.059999999999999
Cooking Essentials,Popular Essentials Ajwain Whole,0.25,0,4,0.25,50,False,50,0.0,5.0,1.0
Cooking Essentials,Everest Tikhalal Chilli Powder,2.35,9,6,2.12,500,False,500,0.22999999999999998,4.24,12.72
Cooking Essentials,Popular Essentials Kabuli Chana Regular,0.85,9,6,0.77,500,False,500,0.07999999999999996,1.54,4.62
Cooking Essentials,Pillsbury Chakki Fresh Atta,0.52,0,4,0.52,1000,False,1,0.0,0.52,2.08
Cooking Essentials,Popular Essentials Saunf/Fennel Seeds,0.45,2,6,0.44,100,False,100,0.010000000000000009,4.4,2.64
Cooking Essentials,Popular Essentials Bansi Sooji,0.35,2,3,0.34,500,False,500,0.009999999999999953,0.68,1.02
Cooking Essentials,Happilo Premium International Queen Kalmi Dates,2.45,29,6,1.72,200,False,200,0.7300000000000002,8.6,10.32
Cooking Essentials,Tata Sampann Unpolished Urad Whole,1.01,6,4,0.94,500,False,500,0.07000000000000006,1.88,3.76
Cooking Essentials,Popular Essentials Cashew Split,3.25,12,6,2.83,250,False,250,0.41999999999999993,11.32,16.98
Cooking Essentials,Popular Essentials Chana Dal (Un-Polished),0.6,10,6,0.54,500,False,500,0.05999999999999994,1.08,3.24
Cooking Essentials,Tata Sampann Unpolished Rajma (Chitra),1.34,6,6,1.25,500,False,500,0.09000000000000008,2.5,7.5
Cooking Essentials,Everest Garam Masala,0.42,2,2,0.41,50,False,50,0.010000000000000009,8.2,0.82
Cooking Essentials,Everest Kitchen King Masala,0.7,14,2,0.6,100,False,100,0.09999999999999998,6.0,1.2
Cooking Essentials,24 Mantra Organic Cumin,0.7,7,2,0.65,100,False,100,0.04999999999999993,6.500000000000001,1.3
Cooking Essentials,Nestle Milkmaid,1.32,3,6,1.28,400,False,400,0.040000000000000036,3.2,7.68
Cooking Essentials,Popular Essentials Sona Masouri Steam Rice,0.65,9,6,0.59,1000,False,1,0.06000000000000005,0.59,3.54
Cooking Essentials,24 Mantra Organic Tur Dal,2.6,20,6,2.08,1000,False,1,0.52,2.08,12.48
Cooking Essentials,Gits Gulab Jamun Instant Dessert Mix,0.99,10,6,0.89,200,False,200,0.09999999999999998,4.45,5.34
Cooking Essentials,Popular Essentials Black Masoor Whole (Un-Polished),0.65,10,3,0.58,500,False,500,0.07000000000000006,1.16,1.7399999999999998
Cooking Essentials,24 Mantra Organic Peanuts,1.35,7,1,1.25,500,False,500,0.10000000000000009,2.5,1.25
Cooking Essentials,Everest Hingraj Powder,0.9,10,2,0.81,50,False,50,0.08999999999999997,16.200000000000003,1.62
Cooking Essentials,Everest Black Pepper Powder,1.35,14,6,1.15,100,False,100,0.20000000000000018,11.5,6.8999999999999995
Cooking Essentials,Tata Sampann Masoor Dal Stand,1.5,10,4,1.34,1000,False,1,0.15999999999999992,1.34,5.36
Cooking Essentials,24 Mantra Organic Besan,0.95,7,5,0.88,500,False,500,0.06999999999999995,1.76,4.4
Cooking Essentials,Quaker Oats,1.99,7,6,1.84,1000,False,1,0.1499999999999999,1.84,11.040000000000001
Cooking Essentials,Saffola Gold Refined Cooking Oil (Jar),4.85,7,6,4.49,2000,False,2,0.35999999999999943,2.245,26.94
Cooking Essentials,Nestle Everyday Dairy Whitener,2.1,0,4,2.1,400,False,400,0.0,5.25,8.4
Cooking Essentials,24 Mantra Organic Red Poha,0.75,8,1,0.69,500,False,500,0.06000000000000005,1.38,0.69
Cooking Essentials,Everest Powder - Tea Masala,0.98,9,5,0.89,100,False,100,0.08999999999999997,8.9,4.45
Cooking Essentials,Tata Sampann Urad Dal Split,0.94,4,6,0.9,500,False,500,0.039999999999999925,1.8,5.4
Cooking Essentials,Popular Essentials Idli Sooji,0.3,6,6,0.28,500,False,500,0.019999999999999962,0.56,1.6800000000000002
Cooking Essentials,Popular Essentials Dessicated Coconut,0.95,9,6,0.86,200,False,200,0.08999999999999997,4.3,5.16
Cooking Essentials,Sunfeast Yippee! Mood Masala Noodles,0.6,28,3,0.43,260,False,260,0.16999999999999998,1.6538461538461537,1.29
Cooking Essentials,Chef's Basket Durum Wheat Elbow Pasta,1.6,50,6,0.8,500,False,500,0.8,1.6,4.800000000000001
Cooking Essentials,MTR Breakfast Khatta Meetha Poha Mix,0.25,20,6,0.2,60,False,60,0.04999999999999999,3.3333333333333335,1.2000000000000002
Cooking Essentials,Satyam Khobra,1.13,10,5,1.01,200,False,200,0.11999999999999988,5.05,5.05
Cooking Essentials,Betty Crocker Complete Pancake Mix Original,1.1,4,6,1.05,250,False,500,0.050000000000000044,4.2,6.300000000000001
Cooking Essentials,Borges Durum Wheat Fusilli Pasta,2.5,0,3,2.5,500,False,500,0.0,5.0,7.5
Cooking Essentials,24 Mantra Organic Green Moong Dal - Split,1.35,0,2,1.35,500,False,500,0.0,2.7,2.7
Cooking Essentials,Weikfield Vanilla Flavoured Custard Powder,0.37,0,6,0.37,100,False,100,0.0,3.7,2.2199999999999998
Cooking Essentials,Tata Sampann Moong Dal Split,1.8,1,5,1.78,1000,False,200,0.020000000000000018,1.78,8.9
Cooking Essentials,Tata Sampann Kala Chana,0.64,0,5,0.64,500,False,500,0.0,1.28,3.2
Cooking Essentials,Saffola Soya Chunks Mealmaker,0.5,0,2,0.5,200,False,200,0.0,2.5,1.0
Cooking Essentials,24 Mantra Bura Sugar (Demerara),0.8,10,6,0.72,500,False,500,0.08000000000000007,1.44,4.32
Cooking Essentials,Popular Essentials Green Cardamom (Elaichi),2.0,1,6,1.98,50,False,50,0.020000000000000018,39.599999999999994,11.879999999999999
Cooking Essentials,Hershey's Syrup Delicious Strawberry,0.95,0,1,0.95,200,False,200,0.0,4.75,0.95
Cooking Essentials,Popular Essentials Anjeer,1.9,11,4,1.69,100,False,100,0.20999999999999996,16.9,6.76
Cooking Essentials,Popular Essentials Mustard Seeds Rai Small,0.2,0,2,0.2,100,False,100,0.0,2.0,0.4
Cooking Essentials,Weikfield Baking Powder,0.33,3,6,0.32,100,False,100,0.010000000000000009,3.2,1.92
Cooking Essentials,Dabur Honey Squeezy,1.85,9,6,1.67,225,False,225,0.18000000000000016,7.422222222222222,10.02
Cooking Essentials,Tata Sampann High Protein Kali Urad,0.91,14,6,0.78,500,False,500,0.13,1.56,4.68
Cooking Essentials,Everest Kitchen King Masala,0.37,2,6,0.36,50,False,50,0.010000000000000009,7.2,2.16
Cooking Essentials,Chef's Basket Durum Wheat Fusilli Pasta,1.6,50,6,0.8,500,False,500,0.8,1.6,4.800000000000001
Cooking Essentials,TilSona Til Oil,1.8,10,2,1.62,500,False,500,0.17999999999999994,3.24,3.24
Cooking Essentials,Top Ramen Chicken Noodles,0.6,10,1,0.54,280,False,280,0.05999999999999994,1.9285714285714288,0.54
Cooking Essentials,Everest Chaat Masala,0.35,2,1,0.34,50,False,50,0.009999999999999953,6.800000000000001,0.34
Cooking Essentials,Keya Wonder Red Hot Chilli Flakes,0.89,10,2,0.8,40,False,40,0.08999999999999997,20.0,1.6
Cooking Essentials,Popular Essentials White Peas (Un-Polished),0.8,10,5,0.72,500,False,500,0.08000000000000007,1.44,3.5999999999999996
Cooking Essentials,Chings Secret Chowmein Hakka Noodles Masala,0.44,0,2,0.44,60,False,60,0.0,7.333333333333333,0.88
Cooking Essentials,Dhara Filtered Groundnut Oil (Jar),10.5,1,6,10.35,5000,False,5,0.15000000000000036,2.07,62.099999999999994
Cooking Essentials,Pillsbury Choco Chip Pancake Mix,0.99,5,6,0.94,165,False,165,0.050000000000000044,5.696969696969697,5.64
Cooking Essentials,Hershey's Caramel Syrup,2.3,0,1,2.3,623,False,623,0.0,3.691813804173355,2.3
Cooking Essentials,Pillsbury Multi Grain Atta,0.6,6,3,0.56,1000,False,1,0.039999999999999925,0.56,1.6800000000000002
Cooking Essentials,McCain New Mini Samosa with Cheese Corn Style Filling,1.2,1,2,1.18,240,False,240,0.020000000000000018,4.916666666666666,2.36
Cooking Essentials,Satyam Puffed Rice Kurmura (A),0.43,0,6,0.43,200,False,200,0.0,2.15,2.58
Cooking Essentials,MTR 3 Min Poha,0.25,0,6,0.25,60,False,60,0.0,4.166666666666667,1.5
Cooking Essentials,Ching's Manchurian Instant Noodles,0.15,0,5,0.15,60,False,60,0.0,2.5,0.75
Cooking Essentials,Everest Pav Bhaji Masala,0.7,0,2,0.7,100,False,100,0.0,6.999999999999999,1.4
Cooking Essentials,Hershey's Chocolate Flavour Syrup,2.2,6,6,2.05,623,False,680,0.15000000000000036,3.2905296950240768,12.299999999999999
Cooking Essentials,Popular Essentials Dhania (Coriander Seeds),0.55,16,4,0.46,200,False,200,0.09000000000000002,2.3,1.84
Cooking Essentials,24 Mantra Red Chilly Whole,0.7,7,1,0.65,100,False,100,0.04999999999999993,6.500000000000001,0.65
Cooking Essentials,Dabur Honey - World's No.1,1.2,0,6,1.2,250,False,250,0.0,4.8,7.199999999999999
Cooking Essentials,24 Mantra Organic Puffed Rice,0.4,2,6,0.39,200,False,200,0.010000000000000009,1.9500000000000002,2.34
Cooking Essentials,24 Mantra Organic Wheat Daliya,0.48,2,2,0.47,500,False,500,0.010000000000000009,0.94,0.94
Cooking Essentials,24 Mantra Organic Ragi Flour,0.65,20,4,0.52,500,False,500,0.13,1.04,2.08
Cooking Essentials,Popular Essentials Cinnamon Whole (Dalchini),0.35,5,6,0.33,25,False,25,0.019999999999999962,13.2,1.98
Cooking Essentials,Sundrop Super Lite Advanced - Sunflower Oil,2.15,0,4,2.15,1000,False,1,0.0,2.15,8.6
Cooking Essentials,Pillsbury Atta/Godihittu - Chakki Fresh,1.02,7,4,0.94,2000,False,2,0.08000000000000007,0.47,3.76
Cooking Essentials,Popular Essentials Green Moong Chilka/Chilka (Un-Polished),0.85,7,5,0.79,500,False,500,0.05999999999999994,1.58,3.95
Cooking Essentials,Popular Essentials HMT Kolam Steam,0.75,0,3,0.75,1000,False,1,0.0,0.75,2.25
Cooking Essentials,Popular Essentials Black Urad Split,0.8,10,4,0.72,500,False,500,0.08000000000000007,1.44,2.88
Cooking Essentials,Keya Oregano,1.09,10,5,0.98,9,False,9,0.1100000000000001,108.88888888888889,4.9
Cooking Essentials,Popular Essentials Pink Rajma,1.0,10,6,0.9,500,False,500,0.09999999999999998,1.8,5.4
Cooking Essentials,Everest Chicken Masala,0.74,2,6,0.72,100,False,100,0.020000000000000018,7.2,4.32
Cooking Essentials,Popular Essentials HMT Kolam Steam,3.7,10,6,3.33,5000,False,5,0.3700000000000001,0.666,19.98
Cooking Essentials,Everest Shahi Paneer Masala,0.42,4,5,0.4,50,False,50,0.019999999999999962,8.0,2.0
Cooking Essentials,Godrej Yummiez Chicken Nuggets,3.25,9,1,2.93,500,False,500,0.31999999999999984,5.86,2.93
Cooking Essentials,Flying Bird Vanilla Essence,0.35,2,6,0.34,20,False,20,0.009999999999999953,17.0,2.04
Cooking Essentials,Everest Sabji Masala,0.3,3,6,0.29,50,False,50,0.010000000000000009,5.8,1.7399999999999998
Cooking Essentials,Popular Essentials Californian Almond,6.95,32,6,4.7,500,False,500,2.25,9.4,28.200000000000003
Cooking Essentials,Cornitos Cornitos Taco Shells - 4 Inches,1.1,20,6,0.88,80,False,80,0.22000000000000008,11.0,5.28
Cooking Essentials,Everest Rajma Masala,0.33,3,5,0.32,50,False,50,0.010000000000000009,6.4,1.6
Cooking Essentials,Popular Essentials White Til,0.4,5,1,0.38,100,False,100,0.020000000000000018,3.8,0.38
Cooking Essentials,Amul Dark Compound Chocolate Slab,1.25,2,6,1.22,500,False,500,0.030000000000000027,2.44,7.32
Cooking Essentials,Mothers Recipe Papad Chana Masala,0.79,10,6,0.71,200,False,200,0.08000000000000007,3.55,4.26
Cooking Essentials,Ching's Schezwan Masala Instant Noodles,0.6,0,1,0.6,240,False,240,0.0,2.5,0.6
Cooking Essentials,Amul Milk Compound Chocolate Slab,1.1,2,6,1.07,500,False,500,0.030000000000000027,2.14,6.42
Cooking Essentials,Eastern Chicken Masala,0.7,7,3,0.65,100,False,100,0.04999999999999993,6.500000000000001,1.9500000000000002
Cooking Essentials,Popular Essentials Methi Seeds,0.25,0,5,0.25,100,False,100,0.0,2.5,1.25
Cooking Essentials,Saffola Yummy Masala Noodles,0.2,0,2,0.2,46,False,46,0.0,4.3478260869565215,0.4
Cooking Essentials,Cadbury Hot Chocolate,1.75,5,6,1.66,200,False,200,0.09000000000000008,8.3,9.959999999999999
Cooking Essentials,Ching's Chicken Chilli Masala,0.1,0,6,0.1,20,False,20,0.0,5.0,0.6000000000000001
Cooking Essentials,Dabur Keora water - Authentic flavour for Biryani's and Desserts,0.62,6,6,0.58,250,False,250,0.040000000000000036,2.32,3.4799999999999995
Cooking Essentials,Popular Essentials Black Cardamom/Elaichi,1.0,10,6,0.9,50,False,50,0.09999999999999998,18.000000000000004,5.4
Cooking Essentials,Popular Essentials Idli Rice,0.6,10,4,0.54,1000,False,1,0.05999999999999994,0.54,2.16
Cooking Essentials,Everest Chole Masala,0.33,3,1,0.32,50,False,50,0.010000000000000009,6.4,0.32
Cooking Essentials,Dabur Hommade Tamarind Paste,0.48,6,6,0.45,200,False,200,0.02999999999999997,2.2500000000000004,2.7
Cooking Essentials,"""Maggi Magic Cubes, Vegetarian Masala (Free 2 Cubes Inside)""",0.35,2,6,0.34,48,False,48,0.009999999999999953,7.083333333333334,2.04
Cooking Essentials,Popular Essentials Cooking Soda,0.3,10,6,0.27,200,False,200,0.02999999999999997,1.35,1.62
Cooking Essentials,RRO Primio Refined Groundnut Oil Pet Bottle,2.55,6,2,2.39,1000,False,1,0.1599999999999997,2.39,4.78
Cooking Essentials,Everest Pani Puri Masala,0.31,3,6,0.3,50,False,50,0.010000000000000009,6.0,1.7999999999999998
Cooking Essentials,Nissin Cup Noodles Tangy Tomato,0.5,10,2,0.45,70,False,70,0.04999999999999999,6.428571428571429,0.9
Cooking Essentials,Ching's Veg Manchurian Masala,0.1,0,2,0.1,20,False,20,0.0,5.0,0.2
Cooking Essentials,Ceres Foods Fish Mustard Instant Liquid Masala,2.2,50,6,1.1,200,False,200,1.1,5.500000000000001,6.6000000000000005
Cooking Essentials,Everest Garam Masala,1.58,10,6,1.42,200,False,200,0.16000000000000014,7.1,8.52
Cooking Essentials,24 Mantra Organic Jowar Flour,0.7,7,6,0.65,500,False,500,0.04999999999999993,1.3,3.9000000000000004
Cooking Essentials,Maggi Coconut Milkpowder,1.0,0,6,1.0,100,False,100,0.0,10.0,6.0
Cooking Essentials,On1y Pepper Grinder,1.59,9,1,1.44,50,False,50,0.15000000000000013,28.8,1.44
Cooking Essentials,Popular Essentials Rice Flour,0.6,0,3,0.6,1000,False,1,0.0,0.6,1.7999999999999998
Cooking Essentials,Sunfeast Yippee! Pasta Treat - Sour Cream Onion,0.28,10,1,0.25,65,False,65,0.030000000000000027,3.8461538461538463,0.25
Cooking Essentials,24 Mantra Organic Brown Sona Masoori Rice,0.95,0,6,0.95,1000,False,1,0.0,0.95,5.699999999999999
Cooking Essentials,Happilo Premium Afghani Anjeer,3.65,29,2,2.56,200,False,200,1.0899999999999999,12.8,5.12
Cooking Essentials,Popular Essentials Chiroti Sooji,0.35,2,6,0.34,500,False,500,0.009999999999999953,0.68,2.04
Cooking Essentials,RRO Til Dil Premium Til Oil Bottle,3.3,10,5,2.94,1000,False,1,0.3599999999999999,2.94,14.7
Cooking Essentials,Popular Essentials Red Rajma,0.9,10,6,0.81,500,False,500,0.08999999999999997,1.62,4.86
Cooking Essentials,Cornitos Peanut - Premium Salted,1.2,10,6,1.08,150,False,150,0.11999999999999988,7.200000000000001,6.48
Cooking Essentials,Popular Essentials Black Pepper,1.0,10,5,0.9,100,False,100,0.09999999999999998,9.000000000000002,4.5
Cooking Essentials,24 Mantra Organic Tur Dal - Split,1.3,7,6,1.2,500,False,500,0.10000000000000009,2.4,7.199999999999999
Cooking Essentials,Sugarfree Gold Low Calorie Sweetner,0.65,6,3,0.61,110,False,100,0.040000000000000036,5.545454545454545,1.83
Cooking Essentials,Ching's Secret Paneer Chilli Masala,0.1,0,2,0.1,20,False,20,0.0,5.0,0.2
Cooking Essentials,Dabur Honey,2.2,7,3,2.04,500,False,500,0.16000000000000014,4.08,6.12
Cooking Essentials,Sunfeast Yippee! Pasta Treat - Sour Cream Onion,0.28,17,3,0.23,65,False,65,0.05000000000000002,3.5384615384615383,0.6900000000000001
Cooking Essentials,Everest Tea Masala,0.55,9,2,0.5,50,False,50,0.050000000000000044,10.0,1.0
Cooking Essentials,Ching's Paneer Chilli Masala,0.44,0,4,0.44,60,False,60,0.0,7.333333333333333,1.76
Cooking Essentials,Sunfeast YiPPee! Magic Masala Noodles,0.7,10,3,0.63,405,False,405,0.06999999999999995,1.5555555555555554,1.8900000000000001
Cooking Essentials,Everest Meat Masala Powder,0.74,9,3,0.67,100,False,100,0.06999999999999995,6.7,2.0100000000000002
Cooking Essentials,Pillsbury Atta With Multigrains Wheat Grains,2.95,16,6,2.45,5000,False,5,0.5,0.49,14.700000000000001
Cooking Essentials,Mother's Recipe Tamarind Paste,0.5,2,6,0.49,200,False,200,0.010000000000000009,2.4499999999999997,2.94
Cooking Essentials,Quaker Oats Breakfast Cereals - With Flavour Mix Nutritious Rich Source Of Energy,0.49,8,6,0.45,200,False,200,0.03999999999999998,2.2500000000000004,2.7
Cooking Essentials,Popular Essentials Cloves (Lavang),0.75,17,6,0.62,50,False,50,0.13,12.4,3.7199999999999998
Cooking Essentials,Sunfeast Yippee! Power Up Atta Noodles,0.96,15,6,0.81,280,False,280,0.1499999999999999,2.8928571428571432,4.86
Cooking Essentials,Suhana Paneer Tikka Masala Mix,0.4,5,6,0.38,50,False,50,0.020000000000000018,7.6,2.2800000000000002
Cooking Essentials,24 Mantra Turmeric Powder,0.35,2,6,0.34,100,False,100,0.009999999999999953,3.4000000000000004,2.04
Cooking Essentials,24 Mantra Super Grain Quinoa,1.9,0,4,1.9,500,False,500,0.0,3.8,7.6
Cooking Essentials,Everest Powder - Egg Curry Masala,0.4,2,6,0.39,50,False,50,0.010000000000000009,7.800000000000001,2.34
Cooking Essentials,Popular Essentials Pe Shah Jeera,0.6,15,6,0.51,50,False,50,0.08999999999999997,10.200000000000001,3.06
Cooking Essentials,24 Mantra Organic Sattu Atta,0.95,0,6,0.95,500,False,500,0.0,1.9,5.699999999999999
Cooking Essentials,Smith & Jones Pasta Masala,0.46,0,6,0.46,54,False,54,0.0,8.518518518518519,2.7600000000000002
Cooking Essentials,Weikfield Vanilla Custard Powder,1.42,9,3,1.28,500,False,500,0.1399999999999999,2.56,3.84
Cooking Essentials,Sugarfree Natura Low Calorie Sweetner,3.0,10,3,2.7,42,False,42,0.2999999999999998,64.28571428571429,8.100000000000001
Cooking Essentials,Pillsbury Vanilla Custard Powder,0.37,2,6,0.36,100,False,100,0.010000000000000009,3.6,2.16
Cooking Essentials,24 Mantra Organic Rajma,1.45,0,6,1.45,500,False,500,0.0,2.9,8.7
Cooking Essentials,Popular Essentials Broken Wheat/Daliya,0.35,2,6,0.34,500,False,500,0.009999999999999953,0.68,2.04
Cooking Essentials,Zorabian Chicken Smoked Ham,2.05,5,1,1.94,250,False,250,0.10999999999999988,7.76,1.94
Cooking Essentials,Smith & Jones Peri Peri Masala,0.99,0,6,0.99,75,False,75,0.0,13.2,5.9399999999999995
Cooking Essentials,Saffola Veggie Twist Masala Oats,1.95,12,2,1.71,500,False,500,0.24,3.42,3.42
Cooking Essentials,Popular Essentials Urad Dal Split (Un-Polished),0.85,9,5,0.77,500,False,500,0.07999999999999996,1.54,3.85
Cooking Essentials,Weikfield Baking Powder,0.22,0,6,0.22,50,False,50,0.0,4.4,1.32
Cooking Essentials,Popular Essentials Bajra Whole,0.65,13,6,0.56,1000,False,1,0.08999999999999997,0.56,3.3600000000000003
Cooking Essentials,Weikfield Veg Jelly Crystals - Strawberry,0.45,2,6,0.44,90,False,90,0.010000000000000009,4.888888888888888,2.64
Cooking Essentials,Weikfield Veg Jelly Crystals - Raspberry,0.45,2,6,0.44,90,False,90,0.010000000000000009,4.888888888888888,2.64
Cooking Essentials,Popular Essentials Masoor Dal Split (Un-Polished),0.7,10,4,0.63,500,False,500,0.06999999999999995,1.26,2.52
Cooking Essentials,Popular Essentials Ajwain Whole,0.5,12,2,0.44,100,False,100,0.06,4.4,0.88
Cooking Essentials,Popular Essentials Pista Salted (With Shell),4.7,21,5,3.71,250,False,250,0.9900000000000002,14.84,18.55
Cooking Essentials,The Bake Shop Bread Crumbs,0.5,6,3,0.47,400,False,400,0.030000000000000027,1.1749999999999998,1.41
Cooking Essentials,Popular Essentials Horse Gram,0.4,10,4,0.36,500,False,500,0.040000000000000036,0.72,1.44
Cooking Essentials,Hershey's Chocolate Syrup,0.95,0,4,0.95,200,False,200,0.0,4.75,3.8
Cooking Essentials,Godrej Yummiez Chilli Chicken Sausages,1.6,10,3,1.44,250,False,250,0.16000000000000014,5.76,4.32
Cooking Essentials,Everest Kasuri Methi,0.25,0,6,0.25,25,False,25,0.0,10.0,1.5
Cooking Essentials,Satyam Makhana,2.08,0,6,2.08,100,False,100,0.0,20.8,12.48
Cooking Essentials,Everest Tandoori Chicken Masala,0.39,2,5,0.38,50,False,50,0.010000000000000009,7.6,1.9
Cooking Essentials,Weikfield Falooda Mix - Kesar Pista,0.49,2,3,0.48,200,False,200,0.010000000000000009,2.4,1.44
Cooking Essentials,Weikfield Cocoa Powder,0.7,7,6,0.65,50,False,50,0.04999999999999993,13.000000000000002,3.9000000000000004
Cooking Essentials,Pantai Coconut Cream,1.5,4,4,1.43,400,False,400,0.07000000000000006,3.575,5.72
Cooking Essentials,Popular Essentials Coriander Seeds,0.15,0,5,0.15,50,False,50,0.0,3.0,0.75
Cooking Essentials,Ching's Singapore Curry Instant Noodles,0.6,0,4,0.6,240,False,240,0.0,2.5,2.4
Cooking Essentials,Eastern Fish Masala,0.48,2,5,0.47,100,False,100,0.010000000000000009,4.699999999999999,2.3499999999999996
Cooking Essentials,Pillsbury Atta/Godihittu - Chakki Fresh,2.75,0,6,2.75,5000,False,5,0.0,0.55,16.5
Cooking Essentials,"Oleev Smart Oil Fortified with VIT A, D, E & K (Pouch)",2.15,9,4,1.94,1000,False,1,0.20999999999999996,1.94,7.76
Cooking Essentials,Everest Dry Ginger Powder,0.75,9,4,0.68,100,False,100,0.06999999999999995,6.800000000000001,2.72
Cooking Essentials,Pillsbury Cooker Cake Mix - Choco,1.0,11,6,0.89,159,False,159,0.10999999999999999,5.59748427672956,5.34
Cooking Essentials,Hersheys Chocolate Almond Syrup,2.0,0,2,2.0,450,False,450,0.0,4.444444444444445,4.0
Cooking Essentials,Satyam Nighties Spices  Chilli Pandi,0.56,7,5,0.52,100,False,100,0.040000000000000036,5.2,2.6
Cooking Essentials,Popular Essentials Popular Essential Pista Salted (With Shell),1.9,10,6,1.71,100,False,100,0.18999999999999995,17.1,10.26
Cooking Essentials,Godrej Yummiez Chicken Punjabi Tikka,2.95,9,6,2.66,360,False,360,0.29000000000000004,7.388888888888889,15.96
Cooking Essentials,Popular Essentials Rozana Sona Masuri Raw Rice,3.5,10,5,3.12,5000,False,5,0.3799999999999999,0.624,15.600000000000001
Cooking Essentials,24 Mantra Mustard Oil (Cold Pressed),3.5,10,6,3.12,1000,False,1,0.3799999999999999,3.12,18.72
Cooking Essentials,24 Mantra Organic Black Pepper,1.7,7,6,1.57,100,False,100,0.1299999999999999,15.700000000000003,9.42
Cooking Essentials,Popular Essentials Green Moong Whole,0.9,16,3,0.75,500,False,500,0.15000000000000002,1.5,2.25
Cooking Essentials,24 Mantra Organic Masoor Dal - Split,0.95,7,6,0.88,500,False,500,0.06999999999999995,1.76,5.28
Cooking Essentials,Praakritik Organic Natural Rock Salt,0.6,6,3,0.56,500,False,500,0.039999999999999925,1.12,1.6800000000000002
Cooking Essentials,24 Mantra Sunflower Oil (Cold Pressed) Pet Bottle,3.9,11,5,3.47,1000,False,1,0.4299999999999997,3.47,17.35
Cooking Essentials,"Ching's Secret Instant Noodles, Hot Garlic",0.6,0,4,0.6,240,False,240,0.0,2.5,2.4
Cooking Essentials,Saffola Everyday Peppy Tomato Masala Oats,1.95,12,6,1.71,500,False,500,0.24,3.42,10.26
Cooking Essentials,Dabur 100% Pure Honey - Worlds No.1,4.3,10,6,3.87,1000,False,1,0.4299999999999997,3.87,23.22
Cooking Essentials,Popular Essentials Star Anise,0.7,10,5,0.63,25,False,25,0.06999999999999995,25.2,3.15
Cooking Essentials,Ching's Secret Chicken 65 Masala - Chicken,0.1,0,5,0.1,20,False,20,0.0,5.0,0.5
Cooking Essentials,Cadbury Cocoa Powder,2.23,5,6,2.11,150,False,150,0.1200000000000001,14.066666666666666,12.66
Cooking Essentials,Praakritik Natural Desi Gir Cow A2 Ghee,14.5,10,6,13.05,540,False,540,1.4499999999999993,24.16666666666667,78.30000000000001
Cooking Essentials,Praakritik Organic Poha,1.2,6,5,1.12,500,False,500,0.07999999999999985,2.24,5.6000000000000005
Cooking Essentials,Praakritik Organic Natural Wild Forest Honey,1.6,6,4,1.5,200,False,200,0.10000000000000009,7.5,6.0
Cooking Essentials,Popular Essentials Dry Dates (Kharak),1.4,15,6,1.18,250,False,250,0.21999999999999997,4.72,7.08
Cooking Essentials,Popular Essentials Kashmiri Red Rajma,0.95,6,4,0.89,500,False,500,0.05999999999999994,1.78,3.56
Cooking Essentials,Dabur Hommade - Garlic Paste,0.5,6,6,0.47,200,False,200,0.030000000000000027,2.3499999999999996,2.82
Cooking Essentials,Dabur 100% Pure Honey,3.3,10,1,2.97,400,False,400,0.3299999999999996,7.425,2.97
Cooking Essentials,Ching's Schezwan Fried Rice(Miracle Masala),0.44,0,5,0.44,60,False,60,0.0,7.333333333333333,2.2
Cooking Essentials,"""Maggi Magic Cubes, Vegetarian Masala""",0.35,2,1,0.34,40,False,40,0.009999999999999953,8.5,0.34
Cooking Essentials,Everest Tandoori Chicken Masala,0.74,9,3,0.67,100,False,100,0.06999999999999995,6.7,2.0100000000000002
Cooking Essentials,Popular Essentials Red Poha,0.45,4,6,0.43,500,False,500,0.020000000000000018,0.86,2.58
Cooking Essentials,Everest Kitchen King Masala,1.42,9,6,1.28,200,False,200,0.1399999999999999,6.4,7.68
Cooking Essentials,Pillsbury Oven Cake Mix - Rich Chocolate,1.65,10,5,1.47,285,False,285,0.17999999999999994,5.157894736842105,7.35
Cooking Essentials,Eastern Super Garam Masala,0.74,6,2,0.69,200,False,200,0.050000000000000044,3.4499999999999997,1.38
Cooking Essentials,Maggi Magic Cubes Extra Chicken,0.4,2,6,0.39,48,False,48,0.010000000000000009,8.125,2.34
Cooking Essentials,Satyam Nighties Spices  Chilli Kashmiri,1.02,6,6,0.95,100,False,100,0.07000000000000006,9.5,5.699999999999999
Cooking Essentials,Eastern Cumin Powder,0.49,2,6,0.48,100,False,100,0.010000000000000009,4.8,2.88
Cooking Essentials,Popular Essentials Urad Gola White(Un-Polished),0.9,10,6,0.81,500,False,500,0.08999999999999997,1.62,4.86
Cooking Essentials,24 Mantra Organic Chana Dal,0.95,6,5,0.89,500,False,500,0.05999999999999994,1.78,4.45
Cooking Essentials,Delight Nuts Cashew Roasted & Salted,4.25,20,6,3.4,200,False,200,0.8500000000000001,17.0,20.4
Cooking Essentials,Popular Essentials Mace/Javitri,0.9,10,3,0.81,20,False,20,0.08999999999999997,40.5,2.43
Cooking Essentials,Dlicia Whip Topping Bottle,2.35,27,5,1.71,1000,False,1,0.6400000000000001,1.71,8.55
Cooking Essentials,Mother's Recipe Paste Ginger & Garlic,0.76,10,4,0.68,300,False,300,0.07999999999999996,2.2666666666666666,2.72
Cooking Essentials,24 Mantra Groundnut Oil (Cold Pressed) Pet Bottle,4.1,10,6,3.69,1000,False,1,0.4099999999999997,3.69,22.14
Cooking Essentials,Satyam Pulses Masur Dal,0.87,6,6,0.81,500,False,500,0.05999999999999994,1.62,4.86
Cooking Essentials,Delight Nuts Pista Roasted & Salted,4.25,20,6,3.4,200,False,200,0.8500000000000001,17.0,20.4
Cooking Essentials,"Top Ramen Noodles, Atta",0.8,0,1,0.8,280,False,280,0.0,2.857142857142857,0.8
Cooking Essentials,Hershey's Cocoa Powder,0.95,0,5,0.95,70,False,70,0.0,13.571428571428571,4.75
Cooking Essentials,Praakritik Organic Singhara Atta,2.4,6,4,2.25,500,False,500,0.1499999999999999,4.5,9.0
Cooking Essentials,Gits Veg Biryani Ready to Eat,1.1,10,6,0.99,265,False,265,0.1100000000000001,3.7358490566037736,5.9399999999999995
Cooking Essentials,Delight Nuts Cranberries Sliced,2.99,20,6,2.39,200,False,200,0.6000000000000001,11.950000000000001,14.34
Cooking Essentials,Borges Durum Wheat Pasta Superior Quality,2.5,40,6,1.49,500,False,500,1.01,2.98,8.94
Cooking Essentials,Ceres Foods Laal Maas Instant Liquid Masala,2.2,50,5,1.1,200,False,200,1.1,5.500000000000001,5.5
Cooking Essentials,Popular Essentials Sattu Atta,0.9,12,3,0.79,500,False,500,0.10999999999999999,1.58,2.37
Cooking Essentials,Popular Essentials Mustard Seeds Rai Yellow,0.25,0,5,0.25,100,False,100,0.0,2.5,1.25
Cooking Essentials,Praakritik Organic Extra Virgin Coconut Oil,1.5,10,5,1.34,100,False,100,0.15999999999999992,13.4,6.7
Cooking Essentials,Praakritik Organic Garlic Powder,1.1,1,5,1.08,100,False,100,0.020000000000000018,10.8,5.4
Cooking Essentials,Sugarfree Gold Low Calorie Sweetner,1.25,5,6,1.18,100,False,100,0.07000000000000006,11.799999999999999,7.08
Cooking Essentials,Aashirvaad Breakfast Instant Mix - Rice Idli,0.75,30,6,0.52,200,False,200,0.22999999999999998,2.6,3.12
Cooking Essentials,Kitchens Of India Mutter Paneer,1.3,4,6,1.24,285,False,285,0.06000000000000005,4.350877192982456,7.4399999999999995
Cooking Essentials,Ching's Secret Veg Manchurian Masala,0.44,0,6,0.44,60,False,60,0.0,7.333333333333333,2.64
Cooking Essentials,Popular Essentials Jowa Flour,0.5,2,5,0.49,500,False,500,0.010000000000000009,0.98,2.45
Cooking Essentials,Everest Shahi Biryani Masala,2.45,0,6,2.45,200,False,200,0.0,12.25,14.700000000000001
Cooking Essentials,Popular Essentials Black Til,0.5,6,4,0.47,100,False,100,0.030000000000000027,4.699999999999999,1.88
Cooking Essentials,Popular Essentials Pancharatna Dal,0.8,10,6,0.72,500,False,500,0.08000000000000007,1.44,4.32
Cooking Essentials,Saffola 100% Pure Honey,4.75,8,2,4.37,1000,False,750,0.3799999999999999,4.37,8.74
Cooking Essentials,Popular Essentials Tamarind,1.5,14,6,1.28,500,False,500,0.21999999999999997,2.56,7.68
Cooking Essentials,Gits Rice Dosa Instant Breakfast Mix,0.6,5,5,0.57,200,False,200,0.030000000000000027,2.8499999999999996,2.8499999999999996
Cooking Essentials,Popular Essentials Poppy Seeds (Gasagase),2.8,7,6,2.6,100,False,100,0.19999999999999973,26.000000000000004,15.600000000000001
Cooking Essentials,Hershey's Hot Chocolate Powder,2.1,0,4,2.1,250,False,250,0.0,8.4,8.4
Cooking Essentials,Borges Farfalle Durum Wheat Pasta,2.5,0,5,2.5,500,False,500,0.0,5.0,12.5
Cooking Essentials,Satyam Chilli  Bedgi,0.82,10,5,0.73,100,False,100,0.08999999999999997,7.3,3.65
Cooking Essentials,Aashirvaad Instant Mix - Rice Dosa,0.75,30,6,0.52,200,False,200,0.22999999999999998,2.6,3.12
Cooking Essentials,Hershey's Cocoa - Natural Unsweetened,2.7,10,4,2.43,225,False,225,0.27,10.8,9.72
Cooking Essentials,Weikfield Veg Jelly Crystals - Mango,0.45,2,6,0.44,90,False,90,0.010000000000000009,4.888888888888888,2.64
Cooking Essentials,Praakritik Orrganic Cold Pressed Sesame Oil,1.3,10,5,1.17,100,False,100,0.13000000000000012,11.7,5.85
Cooking Essentials,Amulya Dairy Whitener,3.8,2,4,3.72,1000,False,1,0.07999999999999963,3.72,14.88
Cooking Essentials,ITC Master Chef Hyderabadi Biryani,0.75,30,5,0.52,80,False,80,0.22999999999999998,6.500000000000001,2.6
Cooking Essentials,Flying Bird Butter Scotch Essence,0.5,2,6,0.49,20,False,20,0.010000000000000009,24.5,2.94
Cooking Essentials,Dabur Hommade - Ginger Paste,0.5,6,6,0.47,200,False,200,0.030000000000000027,2.3499999999999996,2.82
Cooking Essentials,Popular Essentials Green Peas (Un-Polished),1.2,10,5,1.08,500,False,500,0.11999999999999988,2.16,5.4
Cooking Essentials,Quaker Oats Pouch,2.76,10,6,2.48,1500,False,1,0.2799999999999998,1.6533333333333333,14.879999999999999
Cooking Essentials,24 Mantra Organic Urad White Whole,1.45,15,4,1.22,500,False,500,0.22999999999999998,2.44,4.88
Cooking Essentials,Popular Essentials Guntur Chilli Stemless,0.4,2,2,0.39,100,False,100,0.010000000000000009,3.9000000000000004,0.78
Cooking Essentials,Popular Essentials Moth Whole,0.9,10,6,0.81,500,False,500,0.08999999999999997,1.62,4.86
Cooking Essentials,Keya Pizza Seasoning,1.09,17,6,0.9,45,False,45,0.19000000000000006,20.0,5.4
Cooking Essentials,Keya Piri Piri | Exotic Spices Mix,1.09,20,6,0.87,80,False,80,0.22000000000000008,10.875,5.22
Cooking Essentials,24 Mantra Organic Moong Dal,1.35,7,6,1.25,500,False,500,0.10000000000000009,2.5,7.5
Cooking Essentials,Betty Crocker French Vanilla Cake Mix,3.1,10,6,2.76,520,False,520,0.3400000000000003,5.3076923076923075,16.56
Cooking Essentials,Delight Nuts Dried Cranberries,3.4,20,6,2.72,200,False,200,0.6799999999999997,13.600000000000001,16.32
Cooking Essentials,Everest Kesari Milk Masala,2.05,0,2,2.05,50,False,50,0.0,40.99999999999999,4.1
Cooking Essentials,Tong Garden Salted Cocktail Nuts,2.95,9,5,2.66,160,False,160,0.29000000000000004,16.625,13.3
Cooking Essentials,MTR Uttapam Mix,1.65,5,6,1.56,500,False,500,0.08999999999999986,3.12,9.36
Cooking Essentials,Gits Khaman Dhokla Instant Snack Mix,0.65,6,6,0.61,180,False,180,0.040000000000000036,3.388888888888889,3.66
Cooking Essentials,Happilo Premium 100% Natural Whole Cashews,3.35,29,6,2.35,200,False,200,1.0,11.75,14.100000000000001
Cooking Essentials,Everest Dry Mango Powder,0.8,0,5,0.8,100,False,100,0.0,8.0,4.0
Cooking Essentials,Dabur Hommade - Ginger Garlic Past Tub,1.1,5,6,1.04,400,False,400,0.06000000000000005,2.6,6.24
Cooking Essentials,Everest Chicken Masala,1.47,10,6,1.32,200,False,200,0.1499999999999999,6.6,7.92
Cooking Essentials,Gits Medu Vada Instant Snack Mix,0.9,4,6,0.86,200,False,200,0.040000000000000036,4.3,5.16
Cooking Essentials,Weikfield Drinking Chocolate Powder,0.65,10,6,0.58,100,False,100,0.07000000000000006,5.8,3.4799999999999995
Cooking Essentials,Popular Essentials Regular White Lobia,0.7,10,6,0.63,500,False,500,0.06999999999999995,1.26,3.7800000000000002
Cooking Essentials,Puro Healthy Salt Crystal,1.35,7,6,1.25,1000,False,1,0.10000000000000009,1.25,7.5
Cooking Essentials,Popular Essentials Premium Jeera Rice,1.4,0,5,1.4,1000,False,1,0.0,1.4,7.0
Cooking Essentials,Smith & Jones Shahi Paneer Masala Mix,0.44,0,6,0.44,60,False,60,0.0,7.333333333333333,2.64
Cooking Essentials,Betty Crocker Mug Treats - Chocolate Mix - Pack of 4,2.0,11,6,1.78,264,False,264,0.21999999999999997,6.742424242424242,10.68
Cooking Essentials,Smith & Jones Pasta Masala,0.6,10,5,0.54,108,False,108,0.05999999999999994,5.0,2.7
Cooking Essentials,Catch Black Pepper Sprinkler,1.0,0,1,1.0,50,False,50,0.0,20.0,1.0
Cooking Essentials,Weikfield Cooker Cake Mix - Chocolate,0.95,6,6,0.89,150,False,150,0.05999999999999994,5.933333333333333,5.34
Cooking Essentials,ITC Master Chef Butter Chicken,0.75,30,6,0.52,80,False,80,0.22999999999999998,6.500000000000001,3.12
Cooking Essentials,Masala Oats Masala & Coriander,1.95,9,5,1.76,500,False,500,0.18999999999999995,3.52,8.8
Cooking Essentials,Smith & Jones Mutter Paneer Masala,0.42,0,6,0.42,60,False,60,0.0,7.0,2.52
Cooking Essentials,Kitchens of India Dal Bukhara Gravy Mix,1.1,30,6,0.77,285,False,285,0.33000000000000007,2.7017543859649122,4.62
Cooking Essentials,Popular Essentials Fried Gram (Bengal Gram),0.7,10,6,0.63,500,False,500,0.06999999999999995,1.26,3.7800000000000002
Cooking Essentials,Gits Jalebi with Maker Dessert Mix,0.75,16,6,0.63,100,False,100,0.12,6.3,3.7800000000000002
Cooking Essentials,Popular Essentials Soya Beans,0.8,6,6,0.75,500,False,500,0.050000000000000044,1.5,4.5
Cooking Essentials,24 Mantra Organic Roasted Bengal Gram Dal,1.05,7,6,0.97,500,False,500,0.08000000000000007,1.94,5.82
Cooking Essentials,Keya Italian Seasoning,1.09,10,6,0.98,35,False,35,0.1100000000000001,28.0,5.88
Cooking Essentials,MTR Idli/Dosa/Chilly Chutney Powder,1.15,0,3,1.15,200,False,200,0.0,5.75,3.4499999999999997
Cooking Essentials,Delight Nuts Trail Mix,3.99,25,6,2.99,200,False,200,1.0,14.950000000000001,17.94
Cooking Essentials,Praakritik Organic Chilka Moong Dal,1.2,10,6,1.08,500,False,500,0.11999999999999988,2.16,6.48
Cooking Essentials,Smith & Jones Garlic & Herbs Masala Mix,0.99,0,6,0.99,75,False,75,0.0,13.2,5.9399999999999995
Cooking Essentials,Eastern Tamarind,0.63,0,6,0.63,200,False,200,0.0,3.15,3.7800000000000002
Cooking Essentials,Tong Garden Wasabi Coated Greenpeas Tin,2.0,11,6,1.78,180,False,180,0.21999999999999997,9.88888888888889,10.68
Cooking Essentials,Flying Bird Pineapple Artifical Food Essence,0.5,2,6,0.49,20,False,20,0.010000000000000009,24.5,2.94
Cooking Essentials,Mother's Recipe Tamarind Paste,0.5,2,2,0.49,200,False,200,0.010000000000000009,2.4499999999999997,0.98
Cooking Essentials,Japanese Choice Udon Noodles,2.95,9,6,2.66,250,False,250,0.29000000000000004,10.64,15.96
Cooking Essentials,Pantai Coconut Milk,1.5,0,4,1.5,400,False,400,0.0,3.75,6.0
Cooking Essentials,Praakritik Organic Masoor Dal,1.3,10,6,1.16,500,False,500,0.14000000000000012,2.32,6.959999999999999
Cooking Essentials,Popular Essentials Classic Sona Masuri Rice,4.3,10,6,3.87,5000,False,5,0.4299999999999997,0.774,23.22
Cooking Essentials,Popular Essentials Salted Murmure,0.7,18,6,0.57,400,False,400,0.13,1.4249999999999998,3.42
Cooking Essentials,Oleev Active Oil (Pouch),2.65,9,6,2.39,1000,False,1,0.2599999999999998,2.39,14.34
Cooking Essentials,Delight Nuts Dried Blueberries,5.4,20,6,4.32,150,False,150,1.08,28.800000000000004,25.92
Cooking Essentials,Popular Essentials Double Beans White,0.6,10,6,0.54,250,False,250,0.05999999999999994,2.16,3.24
Cooking Essentials,Delight Nuts Almond Natural,3.49,20,6,2.79,200,False,200,0.7000000000000002,13.950000000000001,16.740000000000002
Cooking Essentials,Praakritik Organic Jaggery,1.6,6,6,1.5,900,False,900,0.10000000000000009,1.6666666666666667,9.0
Cooking Essentials,Praakritik Organic Raw Sugar,0.9,6,6,0.84,500,False,500,0.06000000000000005,1.68,5.04
Cooking Essentials,MTR Masala - Sambar Powder,1.15,0,4,1.15,200,False,200,0.0,5.75,4.6
Cooking Essentials,RRO Til Dil Premium Til Oil Bottle,1.73,6,6,1.62,500,False,500,0.10999999999999988,3.24,9.72
Cooking Essentials,ITC Master Chef Vegetable Biryani Cooking Paste,0.75,30,5,0.52,80,False,80,0.22999999999999998,6.500000000000001,2.6
Cooking Essentials,Jivana Jaggery,1.0,0,2,1.0,950,False,950,0.0,1.0526315789473684,2.0
Cooking Essentials,Praakritik Organic Besan,1.7,6,6,1.59,500,False,500,0.10999999999999988,3.18,9.540000000000001
Cooking Essentials,MTR Instant Gulab Jamun Mix,1.95,9,6,1.76,500,False,500,0.18999999999999995,3.52,10.56
Cooking Essentials,Maggi Magic Cubes Extra Chicken,1.99,0,2,1.99,240,False,240,0.0,8.291666666666666,3.98
Cooking Essentials,On1y Mixed Herbs,0.99,0,6,0.99,14,False,14,0.0,70.71428571428572,5.9399999999999995
Cooking Essentials,Popular Essentials Urad Gola Black (Un-Polished),0.8,10,6,0.72,500,False,500,0.08000000000000007,1.44,4.32
Cooking Essentials,Gits Dessert Mix China Grass Bombay Halwa,0.55,0,4,0.55,80,False,80,0.0,6.875000000000001,2.2
Cooking Essentials,Praakritik Organic Basmati Rice,1.7,0,5,1.7,500,False,500,0.0,3.4,8.5
Cooking Essentials,Ceres Foods Nalli Nihari Instant Liquid Masala,2.2,50,6,1.1,200,False,200,1.1,5.500000000000001,6.6000000000000005
Cooking Essentials,Borges Canola Oil Pet Bottle,3.99,0,6,3.99,1000,False,1,0.0,3.9900000000000007,23.94
Cooking Essentials,Suhana Biryani Masala,0.66,0,6,0.66,50,False,50,0.0,13.2,3.96
Cooking Essentials,On1y Black Salt Grinder,0.99,0,6,0.99,100,False,100,0.0,9.899999999999999,5.9399999999999995
Cooking Essentials,Popular Essentials Nylon Til,0.4,2,6,0.39,100,False,100,0.010000000000000009,3.9000000000000004,2.34
Cooking Essentials,Pillsbury Rich Choco Oven Cake Mix - Egg Free,1.7,6,6,1.59,270,False,270,0.10999999999999988,5.888888888888888,9.540000000000001
Cooking Essentials,Weikfield Tomato Salsa Instant Pasta,0.25,0,1,0.25,77,False,77,0.0,3.246753246753247,0.25
Cooking Essentials,Praakritik Organic Jowar Atta,1.1,6,6,1.03,500,False,500,0.07000000000000006,2.06,6.18
Cooking Essentials,Sugarfree Gold Low Calorie Sweetner,2.7,7,6,2.51,50,False,50,0.1900000000000004,50.199999999999996,15.059999999999999
Cooking Essentials,Epicurea Thai Jasmine Rice,2.95,0,4,2.95,500,False,500,0.0,5.9,11.8
Cooking Essentials,Yummiez Chicken Garlic Fingers Pouch,2.5,0,5,2.5,400,False,400,0.0,6.25,12.5
Cooking Essentials,RRO Primio Refined Groundnut (Jar),4.9,11,6,4.36,2000,False,2,0.54,2.18,26.160000000000004
Cooking Essentials,Praakritik Organic Tuvar Dal,1.4,0,6,1.4,500,False,500,0.0,2.8,8.399999999999999
Cooking Essentials,Sugarfree Gold Low Calorie Sweetner,1.85,5,3,1.75,300,False,300,0.10000000000000009,5.833333333333334,5.25
Cooking Essentials,Cantina Beans Mexican Beans,2.5,14,6,2.13,410,False,410,0.3700000000000001,5.1951219512195115,12.78
Cooking Essentials,Pillsbury Oven Cake Mix - Vanilla,1.75,10,6,1.56,225,False,225,0.18999999999999995,6.933333333333334,9.36
Cooking Essentials,Hershey's Chocolate Milk Booster,2.0,0,6,2.0,450,False,450,0.0,4.444444444444445,12.0
Cooking Essentials,Popular Essentials Byadagi Chilli Stemless,0.8,0,6,0.8,100,False,100,0.0,8.0,4.800000000000001
Cooking Essentials,Suhana Spice Mix - Chicken Biryani,0.66,0,6,0.66,50,False,50,0.0,13.2,3.96
Cooking Essentials,Praakritik Organic Yellow Moon Dal,1.35,0,6,1.35,500,False,500,0.0,2.7,8.100000000000001
Cooking Essentials,Maggi Magic Cubes Extra Chicken,1.99,10,6,1.79,240,False,240,0.19999999999999996,7.458333333333333,10.74
Cooking Essentials,Dhara Filtered Groundnut Oil (Jar),10.5,0,2,10.5,5000,False,5,0.0,2.1,21.0
Cooking Essentials,24 Mantra Sona Masuri Brown Rice,4.75,10,6,4.23,5000,False,5,0.5199999999999996,0.8460000000000001,25.380000000000003
Cooking Essentials,24 Mantra Organic Pancharatna Dal - Split,1.3,7,6,1.2,500,False,500,0.10000000000000009,2.4,7.199999999999999
Cooking Essentials,24 Mantra Organic Cumin Powder,0.7,0,6,0.7,100,False,100,0.0,6.999999999999999,4.199999999999999
Cooking Essentials,Popular Essentials Samba Broken Wheat,1.0,11,6,0.89,500,False,500,0.10999999999999999,1.78,5.34
Cooking Essentials,Betty Crocker Chocolate Fudge Cake Mix,2.95,0,6,2.95,475,False,475,0.0,6.2105263157894735,17.700000000000003
Cooking Essentials,Borges Extra Light Olive Oil Bottle,26.0,46,6,13.99,2000,False,2,12.01,6.995,83.94
Cooking Essentials,Flying Bird Premium Orange Artificial Food Essence,0.6,0,6,0.6,20,False,20,0.0,30.0,3.5999999999999996
Cooking Essentials,Popular Essentials Red Cherry/Gundu Chilli,0.95,0,6,0.95,100,False,100,0.0,9.5,5.699999999999999
Cooking Essentials,Super Saver Kolam Rice Sortex Clean,7.0,10,3,6.3,5000,False,5,0.7000000000000002,1.26,18.9
Cooking Essentials,Flying Bird Food Essence - Kewra,0.5,0,6,0.5,20,False,20,0.0,25.0,3.0
Cooking Essentials,MTR Vada Breakfast,2.0,0,1,2.0,500,False,500,0.0,4.0,2.0
Cooking Essentials,On1y Pasta Seasoning,0.99,0,6,0.99,30,False,30,0.0,33.0,5.9399999999999995
Cooking Essentials,Praakritik Organic Indrayani Rice,0.7,0,6,0.7,500,False,500,0.0,1.4,4.199999999999999
Cooking Essentials,On1y Pizza Seasoning,0.99,0,6,0.99,28,False,28,0.0,35.35714285714286,5.9399999999999995
Cooking Essentials,Kitchens of India Mutter Paneer Mix,1.2,30,4,0.84,285,False,285,0.36,2.947368421052632,3.36
Cooking Essentials,Aashirvaad Svasti Cow Ghee Tetra Pack,2.95,0,6,2.95,500,False,500,0.0,5.9,17.700000000000003
Cooking Essentials,Weikfield Cooker Cake Mix - Vanilla,0.95,0,6,0.95,150,False,150,0.0,6.333333333333333,5.699999999999999
Cooking Essentials,Praakritik Organic Kapli Wheat Atta,1.65,10,6,1.47,1000,False,1,0.17999999999999994,1.47,8.82
Cooking Essentials,Epicurea Sushi Rice,2.95,0,6,2.95,500,False,500,0.0,5.9,17.700000000000003
Cooking Essentials,Sugarfree Natural Green Stevia Leaves Zero Calorie,0.75,0,2,0.75,100,False,100,0.0,7.5,1.5
Cooking Essentials,Smith & Jones Italian Spices Masala Mix,0.99,0,6,0.99,75,False,75,0.0,13.2,5.9399999999999995
Cooking Essentials,Satyam Nighties Spices  Chilli Bore,0.89,10,6,0.8,100,False,100,0.08999999999999997,8.0,4.800000000000001
Cooking Essentials,Weikfield Veg Jelly Crystals - Orange,0.45,2,6,0.44,90,False,90,0.010000000000000009,4.888888888888888,2.64
Cooking Essentials,Praakritik Organic Jumbo Rolled Oats,1.9,11,6,1.69,500,False,500,0.20999999999999996,3.38,10.14
Cooking Essentials,On1y Sea Salt Grinder,0.89,0,6,0.89,100,False,100,0.0,8.9,5.34
Cooking Essentials,Delight Nuts Berries Mix,3.99,20,6,3.19,200,False,200,0.8000000000000003,15.95,19.14
Cooking Essentials,Everest Kesari Milk Masala,2.05,0,6,2.05,50,False,20,0.0,40.99999999999999,12.299999999999999
Cooking Essentials,Praakritik Organic Ginger Powder,1.39,10,6,1.25,100,False,100,0.1399999999999999,12.5,7.5
Cooking Essentials,Suhana Mutton Gravy Mix,0.45,0,4,0.45,80,False,80,0.0,5.625,1.8
Cooking Essentials,On1y Salad Seasoning Grinder,1.39,0,6,1.39,45,False,45,0.0,30.888888888888886,8.34
Cooking Essentials,Figaro Pure Olive Oil,3.25,8,1,2.99,200,False,200,0.2599999999999998,14.950000000000001,2.99
Cooking Essentials,Madhur Sugar,0.6,6,0,0.56,1000,True,1,0.039999999999999925,0.56,0.0
Cooking Essentials,Amul Fresh Cream,0.63,0,0,0.63,250,True,250,0.0,2.52,0.0
Cooking Essentials,Madhur Pure And Hygienic Sugar,2.95,9,0,2.66,5000,True,5,0.29000000000000004,0.532,0.0
Cooking Essentials,Satyam Poha Jada,0.35,8,0,0.32,500,True,500,0.02999999999999997,0.64,0.0
Cooking Essentials,Aashirvaad Superior MP Whole Wheat Atta,0.53,1,0,0.52,1000,True,1,0.010000000000000009,0.52,0.0
Cooking Essentials,Fortune Soyabean Oil,2.1,13,0,1.81,1000,True,1,0.29000000000000004,1.81,0.0
Cooking Essentials,Maggi Masala Ae Magic,0.58,6,0,0.54,72,True,72,0.039999999999999925,7.500000000000001,0.0
Cooking Essentials,Aashirvaad Iodised Salt,0.22,13,0,0.19,1000,True,1,0.03,0.19,0.0
Cooking Essentials,Maggi 2-Minute Instant Noodles - Masala,0.44,0,0,0.44,280,True,280,0.0,1.5714285714285714,0.0
Cooking Essentials,Popular Essentials Phool Makhana (Jumbo Size),1.5,14,0,1.28,100,True,100,0.21999999999999997,12.8,0.0
Cooking Essentials,Aashirvaad Atta With Mutigrains,3.15,8,0,2.87,5000,True,5,0.2799999999999998,0.5740000000000001,0.0
Cooking Essentials,Tata Sampann Poha,0.44,6,0,0.41,500,True,500,0.030000000000000027,0.82,0.0
Cooking Essentials,Fortune Besan Flour,1.2,0,0,1.2,1000,True,1,0.0,1.2,0.0
Cooking Essentials,Popular Essentials Toor Dal (Un-Polished),0.8,7,0,0.74,500,True,500,0.06000000000000005,1.48,0.0
Cooking Essentials,Everest Tikhalal Hot & Red Chilly Powder,0.47,2,0,0.46,100,True,100,0.009999999999999953,4.6,0.0
Cooking Essentials,Popular Essentials Chia Seeds,0.5,2,0,0.49,100,True,100,0.010000000000000009,4.8999999999999995,0.0
Cooking Essentials,Tata Sampann Unpolished Toor Dal/Arhar Dal,1.79,1,0,1.77,1000,True,200,0.020000000000000018,1.77,0.0
Cooking Essentials,Everest Coriander Powder,0.32,3,0,0.31,100,True,100,0.010000000000000009,3.1,0.0
Cooking Essentials,Satyam Thin Poha Patla,0.38,7,0,0.35,500,True,500,0.030000000000000027,0.7,0.0
Cooking Essentials,Popular Essentials Sona Masouri Raw Rice,0.75,0,0,0.75,1000,True,1,0.0,0.75,0.0
Cooking Essentials,Tata Sampann High Protien Chana Dal - Split,0.64,0,0,0.64,500,True,500,0.0,1.28,0.0
Cooking Essentials,Satyam Singdana,1.19,6,0,1.11,500,True,500,0.07999999999999985,2.22,0.0
Cooking Essentials,Tata Sampann Moong Chilka,0.88,6,0,0.82,500,True,500,0.06000000000000005,1.64,0.0
Cooking Essentials,Tata Sampann High Protien Toor Dal - Split,0.91,2,0,0.89,500,True,500,0.020000000000000018,1.78,0.0
Cooking Essentials,Ching's Chow Mein Hakka Noodles Masala,0.1,0,0,0.1,20,True,20,0.0,5.0,0.0
Cooking Essentials,Everest Chat Masala,0.65,9,0,0.59,100,True,100,0.06000000000000005,5.8999999999999995,0.0
Cooking Essentials,Popular Essentials Black Brown Chana (Un-Polished),0.55,9,0,0.5,500,True,500,0.050000000000000044,1.0,0.0
Cooking Essentials,Dabur Ginger Garlic Paste,0.5,6,0,0.47,200,True,200,0.030000000000000027,2.3499999999999996,0.0
Cooking Essentials,Ching's Secret Veg Hakka Noodles,1.07,0,0,1.07,600,True,600,0.0,1.7833333333333334,0.0
Cooking Essentials,Saffola Oats 100 % Natural,0.15,0,0,0.15,38,True,38,0.0,3.947368421052632,0.0
Cooking Essentials,Everest Kashmiri Lal Chilli Powder,3.1,10,0,2.79,500,True,500,0.31000000000000005,5.58,0.0
Cooking Essentials,Popular Essentials Black Raisins Seedless,0.6,10,0,0.54,100,True,100,0.05999999999999994,5.4,0.0
Cooking Essentials,Daawat Rozana Super Basmati Rice,0.79,0,0,0.79,1000,True,1,0.0,0.79,0.0
Cooking Essentials,Everest Cumin Powder (Jeera),0.3,3,0,0.29,50,True,50,0.010000000000000009,5.8,0.0
Cooking Essentials,Everest Sambhar Masala,0.34,2,0,0.33,50,True,50,0.010000000000000009,6.6,0.0
Cooking Essentials,Maggi Chilly Chow Cuppa Noodles,0.5,0,0,0.5,70,True,70,0.0,7.142857142857142,0.0
Cooking Essentials,Popular Essentials Mustard Seeds Rai Big,0.2,0,0,0.2,100,True,100,0.0,2.0,0.0
Cooking Essentials,Patanjali Cow's Ghee,5.65,0,0,5.65,1000,True,1,0.0,5.65,0.0
Cooking Essentials,Everest Amchur Powder,0.42,2,0,0.41,50,True,50,0.010000000000000009,8.2,0.0
Cooking Essentials,Daawat Super Basmati Rice,1.85,8,0,1.69,1000,True,1,0.16000000000000014,1.69,0.0
Cooking Essentials,Popular Essentials Sabudana,0.6,10,0,0.54,500,True,500,0.05999999999999994,1.08,0.0
Cooking Essentials,Popular Essentials Brown Sugar,0.4,0,0,0.4,500,True,500,0.0,0.8,0.0
Cooking Essentials,Everest Coriander Powder,0.7,10,0,0.63,200,True,200,0.06999999999999995,3.15,0.0
Cooking Essentials,Sunfeast Yippee! Magic Masala Noodles,0.48,6,0,0.45,240,True,240,0.02999999999999997,1.8750000000000002,0.0
Cooking Essentials,Tata Tea Gold,0.35,0,0,0.35,100,True,200,0.0,3.4999999999999996,0.0
Cooking Essentials,Daawat Rozana Gold Basmati Rice,0.9,1,0,0.89,1000,True,1,0.010000000000000009,0.89,0.0
Cooking Essentials,Top Ramen Masala,0.91,9,0,0.82,560,True,560,0.09000000000000008,1.4642857142857142,0.0
Cooking Essentials,Everest Turmeric Powder,0.67,10,0,0.6,200,True,200,0.07000000000000006,3.0,0.0
Cooking Essentials,Popular Essentials Buckwheat Flour (Kuttu Atta),1.25,9,0,1.13,500,True,500,0.1200000000000001,2.26,0.0
Cooking Essentials,Keya Italian Pizza Oregano,1.09,11,0,0.97,80,True,80,0.1200000000000001,12.125,0.0
Cooking Essentials,Chef's Basket Durum Wheat Penne Pasta,1.6,50,0,0.8,500,True,500,0.8,1.6,0.0
Cooking Essentials,Tata Sampann Kala Chana,1.25,0,0,1.25,1000,True,1,0.0,1.25,0.0
Cooking Essentials,India Gate Basmati Rice,2.1,0,0,2.1,1000,True,1,0.0,2.1,0.0
Cooking Essentials,24 Mantra Organic Whole Wheat Atta,0.64,7,0,0.59,1000,True,1,0.050000000000000044,0.59,0.0
Cooking Essentials,Zorabian Chicken Kheema Parathas,1.9,0,0,1.9,300,True,300,0.0,6.333333333333333,0.0
Cooking Essentials,Sunfeast Pasta Treat Pack of Tomato Cheese,0.28,17,0,0.23,65,True,65,0.05000000000000002,3.5384615384615383,0.0
Cooking Essentials,Sugarlite 50% Less Calories Sugar Pouch,0.99,40,0,0.59,500,True,500,0.4,1.18,0.0
Cooking Essentials,Popular Essentials Sabja/Basil Seeds,0.6,15,0,0.51,100,True,100,0.08999999999999997,5.1000000000000005,0.0
Cooking Essentials,Patanjali Pure Honey,0.95,0,0,0.95,250,True,250,0.0,3.8,0.0
Cooking Essentials,Weikfield Falooda Mix - Mango,0.49,2,0,0.48,200,True,200,0.010000000000000009,2.4,0.0
Cooking Essentials,Pro Nature Organic Sonamasoori Brown Rice,1.02,7,0,0.94,1000,True,1,0.08000000000000007,0.94,0.0
Cooking Essentials,Maggi Special Masala Spicy Yummy Noodles,0.72,0,0,0.72,280,True,280,0.0,2.571428571428571,0.0
Cooking Essentials,Godrej Yummiez Chicken Breakfast Salami,1.5,4,0,1.43,250,True,250,0.07000000000000006,5.72,0.0
Cooking Essentials,Everest Saffron Kesar,1.2,0,0,1.2,1,True,0,0.0,1200.0,0.0
Munchies,Maggi 2 Minute Masala Noodles,0.12,0,6,0.12,70,False,70,0.0,1.7142857142857142,0.72
Munchies,iD Idli & Dosa Batter,0.8,15,6,0.68,1000,False,1,0.12,0.68,4.08
Munchies,Tata Salt,0.24,0,6,0.24,1000,False,1,0.0,0.24,1.44
Munchies,Arden Eggs White,0.97,0,4,0.97,696,False,12,0.0,1.3936781609195403,3.88
Munchies,Arden Eggs White,0.65,15,4,0.55,348,False,6,0.09999999999999998,1.5804597701149428,2.2
Munchies,Fortune Sunlite Refined Sunflower (Pouch),2.3,4,6,2.19,1000,False,1,0.10999999999999988,2.19,13.14
Munchies,Aashirvaad Superior MP Atta,2.5,2,6,2.45,5000,False,5,0.04999999999999982,0.49,14.700000000000001
Munchies,Amul Pure Ghee (Pouch),2.55,2,6,2.49,500,False,500,0.05999999999999961,4.98,14.940000000000001
Munchies,Arden Eggs Brown,0.85,7,4,0.79,348,False,6,0.05999999999999994,2.270114942528736,3.16
Munchies,Tata Salt Lite,0.4,10,6,0.36,1000,False,1,0.040000000000000036,0.36,2.16
Munchies,Saffola Gold Oil (Pouch),2.15,0,6,2.15,1000,False,1,0.0,2.15,12.899999999999999
Munchies,Fortune Sunlite Refined Sunflower (Jar),9.25,0,6,9.25,5000,False,5,0.0,1.85,55.5
Munchies,Fortune Rice Bran (Pouch),2.25,11,6,1.99,1000,False,1,0.26,1.99,11.94
Munchies,Saffola Active Oil,2.1,0,6,2.1,1000,False,1,0.0,2.1,12.600000000000001
Munchies,Amul Pure Ghee (Pouch),5.05,1,2,4.99,1000,False,1,0.05999999999999961,4.99,9.98
Munchies,Aashirvaad Atta,4.6,13,6,3.99,10000,False,10,0.6099999999999994,0.399,23.94
Munchies,Popular Essentials Toor Dal (Un-Polished),1.6,6,4,1.49,1000,False,1,0.1100000000000001,1.49,5.96
Munchies,Amul Ghee (Tin),5.2,2,6,5.09,1000,False,1,0.11000000000000032,5.09,30.54
Munchies,Amul Fresh Cream,1.97,3,3,1.91,1000,False,1,0.06000000000000005,1.91,5.7299999999999995
Munchies,Popular Essentials Pure Jaggery,0.5,2,6,0.49,450,False,450,0.010000000000000009,1.0888888888888888,2.94
Munchies,Aashirvaad Multigrain Atta,0.64,3,2,0.62,1000,False,1,0.020000000000000018,0.62,1.24
Munchies,Fortune Soyabean Oil,10.05,0,6,9.99,5000,False,5,0.0600000000000005,1.9980000000000002,59.94
Munchies,Popular Essentials Sunflower Seeds,0.25,0,6,0.25,50,False,50,0.0,5.0,1.5
Munchies,Tata Sampann kabuli chana,1.85,1,4,1.83,1000,False,500,0.020000000000000018,1.83,7.32
Munchies,Dhara Groundnut Oil (Pouch),2.3,11,6,2.03,1000,False,1,0.27,2.03,12.18
Munchies,Dhara Health Refined Sun Flower Oil Jar,12.0,18,6,9.84,5000,False,5,2.16,1.9680000000000002,59.04
Munchies,24 Mantra Organic Jaggery Powder,0.8,15,6,0.68,500,False,500,0.12,1.36,4.08
Munchies,Tata Sampann High Protien Kabuli Chana,0.94,0,1,0.94,500,False,500,0.0,1.88,0.94
Munchies,Dhara Kachi Ghani Mustard Oil Jar,12.5,8,6,11.43,5000,False,5,1.0700000000000003,2.286,68.58
Munchies,D'lecta Dairy Cream,0.54,5,6,0.51,200,False,200,0.030000000000000027,2.5500000000000003,3.06
Munchies,Ching's Secret Instant Hot Garlic Noodles,0.15,0,3,0.15,60,False,60,0.0,2.5,0.44999999999999996
Munchies,Dabur Ginger Garlic Paste,0.25,8,3,0.23,100,False,100,0.01999999999999999,2.3,0.6900000000000001
Munchies,Ching's Secret Instant Schezwan Noodles,0.15,0,6,0.15,60,False,60,0.0,2.5,0.8999999999999999
Munchies,Gowardhan Ghee/Tuppa Jar,3.15,1,6,3.09,500,False,500,0.06000000000000005,6.18,18.54
Munchies,Tata Sampann Unpolished Moong Dal,0.92,4,4,0.88,500,False,500,0.040000000000000036,1.76,3.52
Munchies,Aashirvaad Select Atta,0.64,0,6,0.64,1000,False,1,0.0,0.64,3.84
Munchies,Popular Essentials Misri Dana (Diamond Sugar),0.15,0,4,0.15,100,False,100,0.0,1.5,0.6
Munchies,Gowardhan Ghee Jar,5.98,3,6,5.79,1000,False,1,0.1900000000000004,5.79,34.74
Munchies,Top Ramen  Noodles Curry Veg Pouch,0.2,0,1,0.2,70,False,70,0.0,2.857142857142857,0.2
Munchies,Popular Essentials Refined Sugar,0.6,0,6,0.6,1000,False,1,0.0,0.6,3.5999999999999996
Munchies,Fortune Kachi Ghani Mustard Oil Bottle,2.16,7,6,1.99,1000,False,1,0.17000000000000015,1.99,11.94
Munchies,Saffola Veggie Twist Masala Oats,0.15,0,6,0.15,38,False,38,0.0,3.947368421052632,0.8999999999999999
Munchies,Satyam Puffed Rice Kurmura (R),0.23,0,6,0.23,200,False,200,0.0,1.15,1.3800000000000001
Munchies,Quaker Oats,0.79,0,2,0.79,400,False,400,0.0,1.975,1.58
Munchies,Aashirvaad Select Sharbati Atta,3.15,10,6,2.83,5000,False,5,0.31999999999999984,0.566,16.98
Munchies,Popular Essentials Refined Sugar,2.95,10,6,2.65,5000,False,5,0.30000000000000027,0.53,15.899999999999999
Munchies,Gowardhan Cow Ghee Pouch,5.79,10,6,5.21,1000,False,1,0.5800000000000001,5.21,31.259999999999998
Munchies,Dhara Nourish Refined Sunflower Oil Pouch,2.1,5,6,1.99,1000,False,1,0.1100000000000001,1.99,11.94
Munchies,Parachute Oil,0.4,7,3,0.37,100,False,100,0.030000000000000027,3.7,1.1099999999999999
Munchies,Popular Essentials Plain Puffed Rice (Murmura/Muri),0.18,0,6,0.18,100,False,100,0.0,1.8,1.08
Munchies,Amul Mithai Mate Condensed Sweetened Milk,0.56,3,4,0.54,200,False,200,0.020000000000000018,2.7,2.16
Munchies,Saffola Gold (Jar),12.4,0,6,12.4,5000,False,5,0.0,2.48,74.4
Munchies,McCain New Mini Samosa with Cheese Pizza Style Filling,1.2,1,3,1.18,240,False,240,0.020000000000000018,4.916666666666666,3.54
Munchies,Fortune Rice Bran Health Oil (Jar),10.5,1,6,10.39,5000,False,5,0.10999999999999943,2.078,62.34
Munchies,Arden Desi Eggs,1.1,13,4,0.95,348,False,6,0.15000000000000013,2.7298850574712645,3.8
Munchies,Fortune Rozana Basmati Rice,5.85,21,6,4.62,5000,False,5,1.2299999999999995,0.924,27.72
Munchies,Fortune Biriyani Special Basmati Rice,1.75,0,5,1.75,1000,False,1,0.0,1.75,8.75
Munchies,Everest Garam Masala,0.78,7,5,0.72,100,False,100,0.06000000000000005,7.2,3.5999999999999996
Munchies,Popular Essentials Pumpkin Seeds,0.9,16,6,0.75,100,False,100,0.15000000000000002,7.5,4.5
Munchies,Fortune Soya Health Refined Soybean Oil,2.1,1,2,2.06,1000,False,1,0.040000000000000036,2.06,4.12
Munchies,Gowardhan Pure Ghee Pouch,2.95,4,6,2.81,500,False,500,0.14000000000000012,5.62,16.86
Munchies,Popular Essentials Jeera/Cumin Seeds,0.4,5,3,0.38,100,False,100,0.020000000000000018,3.8,1.1400000000000001
Munchies,Weikfield Baking Soda,0.3,3,6,0.29,100,False,100,0.010000000000000009,2.9,1.7399999999999998
Munchies,Everest Pav Bhaji Masala,0.37,10,4,0.33,50,False,50,0.03999999999999998,6.6,1.32
Munchies,Tata Sampann Unpolished Chana Dal,0.95,6,2,0.89,1000,False,500,0.05999999999999994,0.89,1.78
Munchies,Amul Mithai Mate EOE Tin,1.12,2,6,1.09,400,False,400,0.030000000000000027,2.725,6.540000000000001
Munchies,Pillsbury Chakki Fresh Atta,4.5,16,6,3.75,10000,False,10,0.75,0.375,22.5
Munchies,Everest Chicken Masala,0.39,2,1,0.38,50,False,50,0.010000000000000009,7.6,0.38
Munchies,Dhara Life Refined Ricebran Oil (Pouch),2.05,7,6,1.9,1000,False,1,0.1499999999999999,1.9,11.399999999999999
Munchies,Borges Extra Virgin Olive Oil,4.0,25,1,2.99,250,False,250,1.0099999999999998,11.96,2.99
Munchies,Everest Shahi Biryani Masala,0.7,14,6,0.6,50,False,50,0.09999999999999998,12.0,3.5999999999999996
Munchies,Popular Essentials Californian Almond,3.5,28,6,2.51,250,False,250,0.9900000000000002,10.04,15.059999999999999
Munchies,Popular Essentials Ajwain Whole,0.25,0,4,0.25,50,False,50,0.0,5.0,1.0
Munchies,Everest Tikhalal Chilli Powder,2.35,9,6,2.12,500,False,500,0.22999999999999998,4.24,12.72
Munchies,Popular Essentials Kabuli Chana Regular,0.85,9,6,0.77,500,False,500,0.07999999999999996,1.54,4.62
Munchies,Pillsbury Chakki Fresh Atta,0.52,0,4,0.52,1000,False,1,0.0,0.52,2.08
Munchies,Popular Essentials Saunf/Fennel Seeds,0.45,2,6,0.44,100,False,100,0.010000000000000009,4.4,2.64
Munchies,Popular Essentials Bansi Sooji,0.35,2,3,0.34,500,False,500,0.009999999999999953,0.68,1.02
Munchies,Happilo Premium International Queen Kalmi Dates,2.45,29,6,1.72,200,False,200,0.7300000000000002,8.6,10.32
Munchies,Tata Sampann Unpolished Urad Whole,1.01,6,4,0.94,500,False,500,0.07000000000000006,1.88,3.76
Munchies,Popular Essentials Cashew Split,3.25,12,6,2.83,250,False,250,0.41999999999999993,11.32,16.98
Munchies,Popular Essentials Chana Dal (Un-Polished),0.6,10,6,0.54,500,False,500,0.05999999999999994,1.08,3.24
Munchies,Tata Sampann Unpolished Rajma (Chitra),1.34,6,6,1.25,500,False,500,0.09000000000000008,2.5,7.5
Munchies,Everest Garam Masala,0.42,2,2,0.41,50,False,50,0.010000000000000009,8.2,0.82
Munchies,Everest Kitchen King Masala,0.7,14,2,0.6,100,False,100,0.09999999999999998,6.0,1.2
Munchies,24 Mantra Organic Cumin,0.7,7,2,0.65,100,False,100,0.04999999999999993,6.500000000000001,1.3
Munchies,Nestle Milkmaid,1.32,3,6,1.28,400,False,400,0.040000000000000036,3.2,7.68
Munchies,Popular Essentials Sona Masouri Steam Rice,0.65,9,6,0.59,1000,False,1,0.06000000000000005,0.59,3.54
Munchies,24 Mantra Organic Tur Dal,2.6,20,6,2.08,1000,False,1,0.52,2.08,12.48
Munchies,Gits Gulab Jamun Instant Dessert Mix,0.99,10,6,0.89,200,False,200,0.09999999999999998,4.45,5.34
Munchies,Popular Essentials Black Masoor Whole (Un-Polished),0.65,10,3,0.58,500,False,500,0.07000000000000006,1.16,1.7399999999999998
Munchies,24 Mantra Organic Peanuts,1.35,7,1,1.25,500,False,500,0.10000000000000009,2.5,1.25
Munchies,Everest Hingraj Powder,0.9,10,2,0.81,50,False,50,0.08999999999999997,16.200000000000003,1.62
Munchies,Everest Black Pepper Powder,1.35,14,6,1.15,100,False,100,0.20000000000000018,11.5,6.8999999999999995
Munchies,Tata Sampann Masoor Dal Stand,1.5,10,4,1.34,1000,False,1,0.15999999999999992,1.34,5.36
Munchies,24 Mantra Organic Besan,0.95,7,5,0.88,500,False,500,0.06999999999999995,1.76,4.4
Munchies,Quaker Oats,1.99,7,6,1.84,1000,False,1,0.1499999999999999,1.84,11.040000000000001
Munchies,Saffola Gold Refined Cooking Oil (Jar),4.85,7,6,4.49,2000,False,2,0.35999999999999943,2.245,26.94
Munchies,Nestle Everyday Dairy Whitener,2.1,0,4,2.1,400,False,400,0.0,5.25,8.4
Munchies,24 Mantra Organic Red Poha,0.75,8,1,0.69,500,False,500,0.06000000000000005,1.38,0.69
Munchies,Everest Powder - Tea Masala,0.98,9,5,0.89,100,False,100,0.08999999999999997,8.9,4.45
Munchies,Tata Sampann Urad Dal Split,0.94,4,6,0.9,500,False,500,0.039999999999999925,1.8,5.4
Munchies,Popular Essentials Idli Sooji,0.3,6,6,0.28,500,False,500,0.019999999999999962,0.56,1.6800000000000002
Munchies,Popular Essentials Dessicated Coconut,0.95,9,6,0.86,200,False,200,0.08999999999999997,4.3,5.16
Munchies,Sunfeast Yippee! Mood Masala Noodles,0.6,28,3,0.43,260,False,260,0.16999999999999998,1.6538461538461537,1.29
Munchies,Chef's Basket Durum Wheat Elbow Pasta,1.6,50,6,0.8,500,False,500,0.8,1.6,4.800000000000001
Munchies,MTR Breakfast Khatta Meetha Poha Mix,0.25,20,6,0.2,60,False,60,0.04999999999999999,3.3333333333333335,1.2000000000000002
Munchies,Satyam Khobra,1.13,10,5,1.01,200,False,200,0.11999999999999988,5.05,5.05
Munchies,Betty Crocker Complete Pancake Mix Original,1.1,4,6,1.05,250,False,500,0.050000000000000044,4.2,6.300000000000001
Munchies,Borges Durum Wheat Fusilli Pasta,2.5,0,3,2.5,500,False,500,0.0,5.0,7.5
Munchies,24 Mantra Organic Green Moong Dal - Split,1.35,0,2,1.35,500,False,500,0.0,2.7,2.7
Munchies,Weikfield Vanilla Flavoured Custard Powder,0.37,0,6,0.37,100,False,100,0.0,3.7,2.2199999999999998
Munchies,Tata Sampann Moong Dal Split,1.8,1,5,1.78,1000,False,200,0.020000000000000018,1.78,8.9
Munchies,Tata Sampann Kala Chana,0.64,0,5,0.64,500,False,500,0.0,1.28,3.2
Munchies,Saffola Soya Chunks Mealmaker,0.5,0,2,0.5,200,False,200,0.0,2.5,1.0
Munchies,24 Mantra Bura Sugar (Demerara),0.8,10,6,0.72,500,False,500,0.08000000000000007,1.44,4.32
Munchies,Popular Essentials Green Cardamom (Elaichi),2.0,1,6,1.98,50,False,50,0.020000000000000018,39.599999999999994,11.879999999999999
Munchies,Hershey's Syrup Delicious Strawberry,0.95,0,1,0.95,200,False,200,0.0,4.75,0.95
Munchies,Popular Essentials Anjeer,1.9,11,4,1.69,100,False,100,0.20999999999999996,16.9,6.76
Munchies,Popular Essentials Mustard Seeds Rai Small,0.2,0,2,0.2,100,False,100,0.0,2.0,0.4
Munchies,Weikfield Baking Powder,0.33,3,6,0.32,100,False,100,0.010000000000000009,3.2,1.92
Munchies,Dabur Honey Squeezy,1.85,9,6,1.67,225,False,225,0.18000000000000016,7.422222222222222,10.02
Munchies,Tata Sampann High Protein Kali Urad,0.91,14,6,0.78,500,False,500,0.13,1.56,4.68
Munchies,Everest Kitchen King Masala,0.37,2,6,0.36,50,False,50,0.010000000000000009,7.2,2.16
Munchies,Chef's Basket Durum Wheat Fusilli Pasta,1.6,50,6,0.8,500,False,500,0.8,1.6,4.800000000000001
Munchies,TilSona Til Oil,1.8,10,2,1.62,500,False,500,0.17999999999999994,3.24,3.24
Munchies,Top Ramen Chicken Noodles,0.6,10,1,0.54,280,False,280,0.05999999999999994,1.9285714285714288,0.54
Munchies,Everest Chaat Masala,0.35,2,1,0.34,50,False,50,0.009999999999999953,6.800000000000001,0.34
Munchies,Keya Wonder Red Hot Chilli Flakes,0.89,10,2,0.8,40,False,40,0.08999999999999997,20.0,1.6
Munchies,Popular Essentials White Peas (Un-Polished),0.8,10,5,0.72,500,False,500,0.08000000000000007,1.44,3.5999999999999996
Munchies,Chings Secret Chowmein Hakka Noodles Masala,0.44,0,2,0.44,60,False,60,0.0,7.333333333333333,0.88
Munchies,Dhara Filtered Groundnut Oil (Jar),10.5,1,6,10.35,5000,False,5,0.15000000000000036,2.07,62.099999999999994
Munchies,Pillsbury Choco Chip Pancake Mix,0.99,5,6,0.94,165,False,165,0.050000000000000044,5.696969696969697,5.64
Munchies,Hershey's Caramel Syrup,2.3,0,1,2.3,623,False,623,0.0,3.691813804173355,2.3
Munchies,Pillsbury Multi Grain Atta,0.6,6,3,0.56,1000,False,1,0.039999999999999925,0.56,1.6800000000000002
Munchies,McCain New Mini Samosa with Cheese Corn Style Filling,1.2,1,2,1.18,240,False,240,0.020000000000000018,4.916666666666666,2.36
Munchies,Satyam Puffed Rice Kurmura (A),0.43,0,6,0.43,200,False,200,0.0,2.15,2.58
Munchies,MTR 3 Min Poha,0.25,0,6,0.25,60,False,60,0.0,4.166666666666667,1.5
Munchies,Ching's Manchurian Instant Noodles,0.15,0,5,0.15,60,False,60,0.0,2.5,0.75
Munchies,Everest Pav Bhaji Masala,0.7,0,2,0.7,100,False,100,0.0,6.999999999999999,1.4
Munchies,Hershey's Chocolate Flavour Syrup,2.2,6,6,2.05,623,False,680,0.15000000000000036,3.2905296950240768,12.299999999999999
Munchies,Popular Essentials Dhania (Coriander Seeds),0.55,16,4,0.46,200,False,200,0.09000000000000002,2.3,1.84
Munchies,24 Mantra Red Chilly Whole,0.7,7,1,0.65,100,False,100,0.04999999999999993,6.500000000000001,0.65
Munchies,Dabur Honey - World's No.1,1.2,0,6,1.2,250,False,250,0.0,4.8,7.199999999999999
Munchies,24 Mantra Organic Puffed Rice,0.4,2,6,0.39,200,False,200,0.010000000000000009,1.9500000000000002,2.34
Munchies,24 Mantra Organic Wheat Daliya,0.48,2,2,0.47,500,False,500,0.010000000000000009,0.94,0.94
Munchies,24 Mantra Organic Ragi Flour,0.65,20,4,0.52,500,False,500,0.13,1.04,2.08
Munchies,Popular Essentials Cinnamon Whole (Dalchini),0.35,5,6,0.33,25,False,25,0.019999999999999962,13.2,1.98
Munchies,Sundrop Super Lite Advanced - Sunflower Oil,2.15,0,4,2.15,1000,False,1,0.0,2.15,8.6
Munchies,Pillsbury Atta/Godihittu - Chakki Fresh,1.02,7,4,0.94,2000,False,2,0.08000000000000007,0.47,3.76
Munchies,Popular Essentials Green Moong Chilka/Chilka (Un-Polished),0.85,7,5,0.79,500,False,500,0.05999999999999994,1.58,3.95
Munchies,Popular Essentials HMT Kolam Steam,0.75,0,3,0.75,1000,False,1,0.0,0.75,2.25
Munchies,Popular Essentials Black Urad Split,0.8,10,4,0.72,500,False,500,0.08000000000000007,1.44,2.88
Munchies,Keya Oregano,1.09,10,5,0.98,9,False,9,0.1100000000000001,108.88888888888889,4.9
Munchies,Popular Essentials Pink Rajma,1.0,10,6,0.9,500,False,500,0.09999999999999998,1.8,5.4
Munchies,Everest Chicken Masala,0.74,2,6,0.72,100,False,100,0.020000000000000018,7.2,4.32
Munchies,Popular Essentials HMT Kolam Steam,3.7,10,6,3.33,5000,False,5,0.3700000000000001,0.666,19.98
Munchies,Everest Shahi Paneer Masala,0.42,4,5,0.4,50,False,50,0.019999999999999962,8.0,2.0
Munchies,Godrej Yummiez Chicken Nuggets,3.25,9,1,2.93,500,False,500,0.31999999999999984,5.86,2.93
Munchies,Flying Bird Vanilla Essence,0.35,2,6,0.34,20,False,20,0.009999999999999953,17.0,2.04
Munchies,Everest Sabji Masala,0.3,3,6,0.29,50,False,50,0.010000000000000009,5.8,1.7399999999999998
Munchies,Popular Essentials Californian Almond,6.95,32,6,4.7,500,False,500,2.25,9.4,28.200000000000003
Munchies,Cornitos Cornitos Taco Shells - 4 Inches,1.1,20,6,0.88,80,False,80,0.22000000000000008,11.0,5.28
Munchies,Everest Rajma Masala,0.33,3,5,0.32,50,False,50,0.010000000000000009,6.4,1.6
Munchies,Popular Essentials White Til,0.4,5,1,0.38,100,False,100,0.020000000000000018,3.8,0.38
Munchies,Amul Dark Compound Chocolate Slab,1.25,2,6,1.22,500,False,500,0.030000000000000027,2.44,7.32
Munchies,Mothers Recipe Papad Chana Masala,0.79,10,6,0.71,200,False,200,0.08000000000000007,3.55,4.26
Munchies,Ching's Schezwan Masala Instant Noodles,0.6,0,1,0.6,240,False,240,0.0,2.5,0.6
Munchies,Amul Milk Compound Chocolate Slab,1.1,2,6,1.07,500,False,500,0.030000000000000027,2.14,6.42
Munchies,Eastern Chicken Masala,0.7,7,3,0.65,100,False,100,0.04999999999999993,6.500000000000001,1.9500000000000002
Munchies,Popular Essentials Methi Seeds,0.25,0,5,0.25,100,False,100,0.0,2.5,1.25
Munchies,Saffola Yummy Masala Noodles,0.2,0,2,0.2,46,False,46,0.0,4.3478260869565215,0.4
Munchies,Cadbury Hot Chocolate,1.75,5,6,1.66,200,False,200,0.09000000000000008,8.3,9.959999999999999
Munchies,Ching's Chicken Chilli Masala,0.1,0,6,0.1,20,False,20,0.0,5.0,0.6000000000000001
Munchies,Dabur Keora water - Authentic flavour for Biryani's and Desserts,0.62,6,6,0.58,250,False,250,0.040000000000000036,2.32,3.4799999999999995
Munchies,Popular Essentials Black Cardamom/Elaichi,1.0,10,6,0.9,50,False,50,0.09999999999999998,18.000000000000004,5.4
Munchies,Popular Essentials Idli Rice,0.6,10,4,0.54,1000,False,1,0.05999999999999994,0.54,2.16
Munchies,Everest Chole Masala,0.33,3,1,0.32,50,False,50,0.010000000000000009,6.4,0.32
Munchies,Dabur Hommade Tamarind Paste,0.48,6,6,0.45,200,False,200,0.02999999999999997,2.2500000000000004,2.7
Munchies,"""Maggi Magic Cubes, Vegetarian Masala (Free 2 Cubes Inside)""",0.35,2,6,0.34,48,False,48,0.009999999999999953,7.083333333333334,2.04
Munchies,Popular Essentials Cooking Soda,0.3,10,6,0.27,200,False,200,0.02999999999999997,1.35,1.62
Munchies,RRO Primio Refined Groundnut Oil Pet Bottle,2.55,6,2,2.39,1000,False,1,0.1599999999999997,2.39,4.78
Munchies,Everest Pani Puri Masala,0.31,3,6,0.3,50,False,50,0.010000000000000009,6.0,1.7999999999999998
Munchies,Nissin Cup Noodles Tangy Tomato,0.5,10,2,0.45,70,False,70,0.04999999999999999,6.428571428571429,0.9
Munchies,Ching's Veg Manchurian Masala,0.1,0,2,0.1,20,False,20,0.0,5.0,0.2
Munchies,Ceres Foods Fish Mustard Instant Liquid Masala,2.2,50,6,1.1,200,False,200,1.1,5.500000000000001,6.6000000000000005
Munchies,Everest Garam Masala,1.58,10,6,1.42,200,False,200,0.16000000000000014,7.1,8.52
Munchies,24 Mantra Organic Jowar Flour,0.7,7,6,0.65,500,False,500,0.04999999999999993,1.3,3.9000000000000004
Munchies,Maggi Coconut Milkpowder,1.0,0,6,1.0,100,False,100,0.0,10.0,6.0
Munchies,On1y Pepper Grinder,1.59,9,1,1.44,50,False,50,0.15000000000000013,28.8,1.44
Munchies,Popular Essentials Rice Flour,0.6,0,3,0.6,1000,False,1,0.0,0.6,1.7999999999999998
Munchies,Sunfeast Yippee! Pasta Treat - Sour Cream Onion,0.28,10,1,0.25,65,False,65,0.030000000000000027,3.8461538461538463,0.25
Munchies,24 Mantra Organic Brown Sona Masoori Rice,0.95,0,6,0.95,1000,False,1,0.0,0.95,5.699999999999999
Munchies,Happilo Premium Afghani Anjeer,3.65,29,2,2.56,200,False,200,1.0899999999999999,12.8,5.12
Munchies,Popular Essentials Chiroti Sooji,0.35,2,6,0.34,500,False,500,0.009999999999999953,0.68,2.04
Munchies,RRO Til Dil Premium Til Oil Bottle,3.3,10,5,2.94,1000,False,1,0.3599999999999999,2.94,14.7
Munchies,Popular Essentials Red Rajma,0.9,10,6,0.81,500,False,500,0.08999999999999997,1.62,4.86
Munchies,Cornitos Peanut - Premium Salted,1.2,10,6,1.08,150,False,150,0.11999999999999988,7.200000000000001,6.48
Munchies,Popular Essentials Black Pepper,1.0,10,5,0.9,100,False,100,0.09999999999999998,9.000000000000002,4.5
Munchies,24 Mantra Organic Tur Dal - Split,1.3,7,6,1.2,500,False,500,0.10000000000000009,2.4,7.199999999999999
Munchies,Sugarfree Gold Low Calorie Sweetner,0.65,6,3,0.61,110,False,100,0.040000000000000036,5.545454545454545,1.83
Munchies,Ching's Secret Paneer Chilli Masala,0.1,0,2,0.1,20,False,20,0.0,5.0,0.2
Munchies,Dabur Honey,2.2,7,3,2.04,500,False,500,0.16000000000000014,4.08,6.12
Munchies,Sunfeast Yippee! Pasta Treat - Sour Cream Onion,0.28,17,3,0.23,65,False,65,0.05000000000000002,3.5384615384615383,0.6900000000000001
Munchies,Everest Tea Masala,0.55,9,2,0.5,50,False,50,0.050000000000000044,10.0,1.0
Munchies,Ching's Paneer Chilli Masala,0.44,0,4,0.44,60,False,60,0.0,7.333333333333333,1.76
Munchies,Sunfeast YiPPee! Magic Masala Noodles,0.7,10,3,0.63,405,False,405,0.06999999999999995,1.5555555555555554,1.8900000000000001
Munchies,Everest Meat Masala Powder,0.74,9,3,0.67,100,False,100,0.06999999999999995,6.7,2.0100000000000002
Munchies,Pillsbury Atta With Multigrains Wheat Grains,2.95,16,6,2.45,5000,False,5,0.5,0.49,14.700000000000001
Munchies,Mother's Recipe Tamarind Paste,0.5,2,6,0.49,200,False,200,0.010000000000000009,2.4499999999999997,2.94
Munchies,Quaker Oats Breakfast Cereals - With Flavour Mix Nutritious Rich Source Of Energy,0.49,8,6,0.45,200,False,200,0.03999999999999998,2.2500000000000004,2.7
Munchies,Popular Essentials Cloves (Lavang),0.75,17,6,0.62,50,False,50,0.13,12.4,3.7199999999999998
Munchies,Sunfeast Yippee! Power Up Atta Noodles,0.96,15,6,0.81,280,False,280,0.1499999999999999,2.8928571428571432,4.86
Munchies,Suhana Paneer Tikka Masala Mix,0.4,5,6,0.38,50,False,50,0.020000000000000018,7.6,2.2800000000000002
Munchies,24 Mantra Turmeric Powder,0.35,2,6,0.34,100,False,100,0.009999999999999953,3.4000000000000004,2.04
Munchies,24 Mantra Super Grain Quinoa,1.9,0,4,1.9,500,False,500,0.0,3.8,7.6
Munchies,Everest Powder - Egg Curry Masala,0.4,2,6,0.39,50,False,50,0.010000000000000009,7.800000000000001,2.34
Munchies,Popular Essentials Pe Shah Jeera,0.6,15,6,0.51,50,False,50,0.08999999999999997,10.200000000000001,3.06
Munchies,24 Mantra Organic Sattu Atta,0.95,0,6,0.95,500,False,500,0.0,1.9,5.699999999999999
Munchies,Smith & Jones Pasta Masala,0.46,0,6,0.46,54,False,54,0.0,8.518518518518519,2.7600000000000002
Munchies,Weikfield Vanilla Custard Powder,1.42,9,3,1.28,500,False,500,0.1399999999999999,2.56,3.84
Munchies,Sugarfree Natura Low Calorie Sweetner,3.0,10,3,2.7,42,False,42,0.2999999999999998,64.28571428571429,8.100000000000001
Munchies,Pillsbury Vanilla Custard Powder,0.37,2,6,0.36,100,False,100,0.010000000000000009,3.6,2.16
Munchies,24 Mantra Organic Rajma,1.45,0,6,1.45,500,False,500,0.0,2.9,8.7
Munchies,Popular Essentials Broken Wheat/Daliya,0.35,2,6,0.34,500,False,500,0.009999999999999953,0.68,2.04
Munchies,Zorabian Chicken Smoked Ham,2.05,5,1,1.94,250,False,250,0.10999999999999988,7.76,1.94
Munchies,Smith & Jones Peri Peri Masala,0.99,0,6,0.99,75,False,75,0.0,13.2,5.9399999999999995
Munchies,Saffola Veggie Twist Masala Oats,1.95,12,2,1.71,500,False,500,0.24,3.42,3.42
Munchies,Popular Essentials Urad Dal Split (Un-Polished),0.85,9,5,0.77,500,False,500,0.07999999999999996,1.54,3.85
Munchies,Weikfield Baking Powder,0.22,0,6,0.22,50,False,50,0.0,4.4,1.32
Munchies,Popular Essentials Bajra Whole,0.65,13,6,0.56,1000,False,1,0.08999999999999997,0.56,3.3600000000000003
Munchies,Weikfield Veg Jelly Crystals - Strawberry,0.45,2,6,0.44,90,False,90,0.010000000000000009,4.888888888888888,2.64
Munchies,Weikfield Veg Jelly Crystals - Raspberry,0.45,2,6,0.44,90,False,90,0.010000000000000009,4.888888888888888,2.64
Munchies,Popular Essentials Masoor Dal Split (Un-Polished),0.7,10,4,0.63,500,False,500,0.06999999999999995,1.26,2.52
Munchies,Popular Essentials Ajwain Whole,0.5,12,2,0.44,100,False,100,0.06,4.4,0.88
Munchies,Popular Essentials Pista Salted (With Shell),4.7,21,5,3.71,250,False,250,0.9900000000000002,14.84,18.55
Munchies,The Bake Shop Bread Crumbs,0.5,6,3,0.47,400,False,400,0.030000000000000027,1.1749999999999998,1.41
Munchies,Popular Essentials Horse Gram,0.4,10,4,0.36,500,False,500,0.040000000000000036,0.72,1.44
Munchies,Hershey's Chocolate Syrup,0.95,0,4,0.95,200,False,200,0.0,4.75,3.8
Munchies,Godrej Yummiez Chilli Chicken Sausages,1.6,10,3,1.44,250,False,250,0.16000000000000014,5.76,4.32
Munchies,Everest Kasuri Methi,0.25,0,6,0.25,25,False,25,0.0,10.0,1.5
Munchies,Satyam Makhana,2.08,0,6,2.08,100,False,100,0.0,20.8,12.48
Munchies,Everest Tandoori Chicken Masala,0.39,2,5,0.38,50,False,50,0.010000000000000009,7.6,1.9
Munchies,Weikfield Falooda Mix - Kesar Pista,0.49,2,3,0.48,200,False,200,0.010000000000000009,2.4,1.44
Munchies,Weikfield Cocoa Powder,0.7,7,6,0.65,50,False,50,0.04999999999999993,13.000000000000002,3.9000000000000004
Munchies,Pantai Coconut Cream,1.5,4,4,1.43,400,False,400,0.07000000000000006,3.575,5.72
Munchies,Popular Essentials Coriander Seeds,0.15,0,5,0.15,50,False,50,0.0,3.0,0.75
Munchies,Ching's Singapore Curry Instant Noodles,0.6,0,4,0.6,240,False,240,0.0,2.5,2.4
Munchies,Eastern Fish Masala,0.48,2,5,0.47,100,False,100,0.010000000000000009,4.699999999999999,2.3499999999999996
Munchies,Pillsbury Atta/Godihittu - Chakki Fresh,2.75,0,6,2.75,5000,False,5,0.0,0.55,16.5
Munchies,"Oleev Smart Oil Fortified with VIT A, D, E & K (Pouch)",2.15,9,4,1.94,1000,False,1,0.20999999999999996,1.94,7.76
Munchies,Everest Dry Ginger Powder,0.75,9,4,0.68,100,False,100,0.06999999999999995,6.800000000000001,2.72
Munchies,Pillsbury Cooker Cake Mix - Choco,1.0,11,6,0.89,159,False,159,0.10999999999999999,5.59748427672956,5.34
Munchies,Hersheys Chocolate Almond Syrup,2.0,0,2,2.0,450,False,450,0.0,4.444444444444445,4.0
Munchies,Satyam Nighties Spices  Chilli Pandi,0.56,7,5,0.52,100,False,100,0.040000000000000036,5.2,2.6
Munchies,Popular Essentials Popular Essential Pista Salted (With Shell),1.9,10,6,1.71,100,False,100,0.18999999999999995,17.1,10.26
Munchies,Godrej Yummiez Chicken Punjabi Tikka,2.95,9,6,2.66,360,False,360,0.29000000000000004,7.388888888888889,15.96
Munchies,Popular Essentials Rozana Sona Masuri Raw Rice,3.5,10,5,3.12,5000,False,5,0.3799999999999999,0.624,15.600000000000001
Munchies,24 Mantra Mustard Oil (Cold Pressed),3.5,10,6,3.12,1000,False,1,0.3799999999999999,3.12,18.72
Munchies,24 Mantra Organic Black Pepper,1.7,7,6,1.57,100,False,100,0.1299999999999999,15.700000000000003,9.42
Munchies,Popular Essentials Green Moong Whole,0.9,16,3,0.75,500,False,500,0.15000000000000002,1.5,2.25
Munchies,24 Mantra Organic Masoor Dal - Split,0.95,7,6,0.88,500,False,500,0.06999999999999995,1.76,5.28
Munchies,Praakritik Organic Natural Rock Salt,0.6,6,3,0.56,500,False,500,0.039999999999999925,1.12,1.6800000000000002
Munchies,24 Mantra Sunflower Oil (Cold Pressed) Pet Bottle,3.9,11,5,3.47,1000,False,1,0.4299999999999997,3.47,17.35
Munchies,"Ching's Secret Instant Noodles, Hot Garlic",0.6,0,4,0.6,240,False,240,0.0,2.5,2.4
Munchies,Saffola Everyday Peppy Tomato Masala Oats,1.95,12,6,1.71,500,False,500,0.24,3.42,10.26
Munchies,Dabur 100% Pure Honey - Worlds No.1,4.3,10,6,3.87,1000,False,1,0.4299999999999997,3.87,23.22
Munchies,Popular Essentials Star Anise,0.7,10,5,0.63,25,False,25,0.06999999999999995,25.2,3.15
Munchies,Ching's Secret Chicken 65 Masala - Chicken,0.1,0,5,0.1,20,False,20,0.0,5.0,0.5
Munchies,Cadbury Cocoa Powder,2.23,5,6,2.11,150,False,150,0.1200000000000001,14.066666666666666,12.66
Munchies,Praakritik Natural Desi Gir Cow A2 Ghee,14.5,10,6,13.05,540,False,540,1.4499999999999993,24.16666666666667,78.30000000000001
Munchies,Praakritik Organic Poha,1.2,6,5,1.12,500,False,500,0.07999999999999985,2.24,5.6000000000000005
Munchies,Praakritik Organic Natural Wild Forest Honey,1.6,6,4,1.5,200,False,200,0.10000000000000009,7.5,6.0
Munchies,Popular Essentials Dry Dates (Kharak),1.4,15,6,1.18,250,False,250,0.21999999999999997,4.72,7.08
Munchies,Popular Essentials Kashmiri Red Rajma,0.95,6,4,0.89,500,False,500,0.05999999999999994,1.78,3.56
Munchies,Dabur Hommade - Garlic Paste,0.5,6,6,0.47,200,False,200,0.030000000000000027,2.3499999999999996,2.82
Munchies,Dabur 100% Pure Honey,3.3,10,1,2.97,400,False,400,0.3299999999999996,7.425,2.97
Munchies,Ching's Schezwan Fried Rice(Miracle Masala),0.44,0,5,0.44,60,False,60,0.0,7.333333333333333,2.2
Munchies,"""Maggi Magic Cubes, Vegetarian Masala""",0.35,2,1,0.34,40,False,40,0.009999999999999953,8.5,0.34
Munchies,Everest Tandoori Chicken Masala,0.74,9,3,0.67,100,False,100,0.06999999999999995,6.7,2.0100000000000002
Munchies,Popular Essentials Red Poha,0.45,4,6,0.43,500,False,500,0.020000000000000018,0.86,2.58
Munchies,Everest Kitchen King Masala,1.42,9,6,1.28,200,False,200,0.1399999999999999,6.4,7.68
Munchies,Pillsbury Oven Cake Mix - Rich Chocolate,1.65,10,5,1.47,285,False,285,0.17999999999999994,5.157894736842105,7.35
Munchies,Eastern Super Garam Masala,0.74,6,2,0.69,200,False,200,0.050000000000000044,3.4499999999999997,1.38
Munchies,Maggi Magic Cubes Extra Chicken,0.4,2,6,0.39,48,False,48,0.010000000000000009,8.125,2.34
Munchies,Satyam Nighties Spices  Chilli Kashmiri,1.02,6,6,0.95,100,False,100,0.07000000000000006,9.5,5.699999999999999
Munchies,Eastern Cumin Powder,0.49,2,6,0.48,100,False,100,0.010000000000000009,4.8,2.88
Munchies,Popular Essentials Urad Gola White(Un-Polished),0.9,10,6,0.81,500,False,500,0.08999999999999997,1.62,4.86
Munchies,24 Mantra Organic Chana Dal,0.95,6,5,0.89,500,False,500,0.05999999999999994,1.78,4.45
Munchies,Delight Nuts Cashew Roasted & Salted,4.25,20,6,3.4,200,False,200,0.8500000000000001,17.0,20.4
Munchies,Popular Essentials Mace/Javitri,0.9,10,3,0.81,20,False,20,0.08999999999999997,40.5,2.43
Munchies,Dlicia Whip Topping Bottle,2.35,27,5,1.71,1000,False,1,0.6400000000000001,1.71,8.55
Munchies,Mother's Recipe Paste Ginger & Garlic,0.76,10,4,0.68,300,False,300,0.07999999999999996,2.2666666666666666,2.72
Munchies,24 Mantra Groundnut Oil (Cold Pressed) Pet Bottle,4.1,10,6,3.69,1000,False,1,0.4099999999999997,3.69,22.14
Munchies,Satyam Pulses Masur Dal,0.87,6,6,0.81,500,False,500,0.05999999999999994,1.62,4.86
Munchies,Delight Nuts Pista Roasted & Salted,4.25,20,6,3.4,200,False,200,0.8500000000000001,17.0,20.4
Munchies,"Top Ramen Noodles, Atta",0.8,0,1,0.8,280,False,280,0.0,2.857142857142857,0.8
Munchies,Hershey's Cocoa Powder,0.95,0,5,0.95,70,False,70,0.0,13.571428571428571,4.75
Munchies,Praakritik Organic Singhara Atta,2.4,6,4,2.25,500,False,500,0.1499999999999999,4.5,9.0
Munchies,Gits Veg Biryani Ready to Eat,1.1,10,6,0.99,265,False,265,0.1100000000000001,3.7358490566037736,5.9399999999999995
Munchies,Delight Nuts Cranberries Sliced,2.99,20,6,2.39,200,False,200,0.6000000000000001,11.950000000000001,14.34
Munchies,Borges Durum Wheat Pasta Superior Quality,2.5,40,6,1.49,500,False,500,1.01,2.98,8.94
Munchies,Ceres Foods Laal Maas Instant Liquid Masala,2.2,50,5,1.1,200,False,200,1.1,5.500000000000001,5.5
Munchies,Popular Essentials Sattu Atta,0.9,12,3,0.79,500,False,500,0.10999999999999999,1.58,2.37
Munchies,Popular Essentials Mustard Seeds Rai Yellow,0.25,0,5,0.25,100,False,100,0.0,2.5,1.25
Munchies,Praakritik Organic Extra Virgin Coconut Oil,1.5,10,5,1.34,100,False,100,0.15999999999999992,13.4,6.7
Munchies,Praakritik Organic Garlic Powder,1.1,1,5,1.08,100,False,100,0.020000000000000018,10.8,5.4
Munchies,Sugarfree Gold Low Calorie Sweetner,1.25,5,6,1.18,100,False,100,0.07000000000000006,11.799999999999999,7.08
Munchies,Aashirvaad Breakfast Instant Mix - Rice Idli,0.75,30,6,0.52,200,False,200,0.22999999999999998,2.6,3.12
Munchies,Kitchens Of India Mutter Paneer,1.3,4,6,1.24,285,False,285,0.06000000000000005,4.350877192982456,7.4399999999999995
Munchies,Ching's Secret Veg Manchurian Masala,0.44,0,6,0.44,60,False,60,0.0,7.333333333333333,2.64
Munchies,Popular Essentials Jowa Flour,0.5,2,5,0.49,500,False,500,0.010000000000000009,0.98,2.45
Munchies,Everest Shahi Biryani Masala,2.45,0,6,2.45,200,False,200,0.0,12.25,14.700000000000001
Munchies,Popular Essentials Black Til,0.5,6,4,0.47,100,False,100,0.030000000000000027,4.699999999999999,1.88
Munchies,Popular Essentials Pancharatna Dal,0.8,10,6,0.72,500,False,500,0.08000000000000007,1.44,4.32
Munchies,Saffola 100% Pure Honey,4.75,8,2,4.37,1000,False,750,0.3799999999999999,4.37,8.74
Munchies,Popular Essentials Tamarind,1.5,14,6,1.28,500,False,500,0.21999999999999997,2.56,7.68
Munchies,Gits Rice Dosa Instant Breakfast Mix,0.6,5,5,0.57,200,False,200,0.030000000000000027,2.8499999999999996,2.8499999999999996
Munchies,Popular Essentials Poppy Seeds (Gasagase),2.8,7,6,2.6,100,False,100,0.19999999999999973,26.000000000000004,15.600000000000001
Munchies,Hershey's Hot Chocolate Powder,2.1,0,4,2.1,250,False,250,0.0,8.4,8.4
Munchies,Borges Farfalle Durum Wheat Pasta,2.5,0,5,2.5,500,False,500,0.0,5.0,12.5
Munchies,Satyam Chilli  Bedgi,0.82,10,5,0.73,100,False,100,0.08999999999999997,7.3,3.65
Munchies,Aashirvaad Instant Mix - Rice Dosa,0.75,30,6,0.52,200,False,200,0.22999999999999998,2.6,3.12
Munchies,Hershey's Cocoa - Natural Unsweetened,2.7,10,4,2.43,225,False,225,0.27,10.8,9.72
Munchies,Weikfield Veg Jelly Crystals - Mango,0.45,2,6,0.44,90,False,90,0.010000000000000009,4.888888888888888,2.64
Munchies,Praakritik Orrganic Cold Pressed Sesame Oil,1.3,10,5,1.17,100,False,100,0.13000000000000012,11.7,5.85
Munchies,Amulya Dairy Whitener,3.8,2,4,3.72,1000,False,1,0.07999999999999963,3.72,14.88
Munchies,ITC Master Chef Hyderabadi Biryani,0.75,30,5,0.52,80,False,80,0.22999999999999998,6.500000000000001,2.6
Munchies,Flying Bird Butter Scotch Essence,0.5,2,6,0.49,20,False,20,0.010000000000000009,24.5,2.94
Munchies,Dabur Hommade - Ginger Paste,0.5,6,6,0.47,200,False,200,0.030000000000000027,2.3499999999999996,2.82
Munchies,Popular Essentials Green Peas (Un-Polished),1.2,10,5,1.08,500,False,500,0.11999999999999988,2.16,5.4
Munchies,Quaker Oats Pouch,2.76,10,6,2.48,1500,False,1,0.2799999999999998,1.6533333333333333,14.879999999999999
Munchies,24 Mantra Organic Urad White Whole,1.45,15,4,1.22,500,False,500,0.22999999999999998,2.44,4.88
Munchies,Popular Essentials Guntur Chilli Stemless,0.4,2,2,0.39,100,False,100,0.010000000000000009,3.9000000000000004,0.78
Munchies,Popular Essentials Moth Whole,0.9,10,6,0.81,500,False,500,0.08999999999999997,1.62,4.86
Munchies,Keya Pizza Seasoning,1.09,17,6,0.9,45,False,45,0.19000000000000006,20.0,5.4
Munchies,Keya Piri Piri | Exotic Spices Mix,1.09,20,6,0.87,80,False,80,0.22000000000000008,10.875,5.22
Munchies,24 Mantra Organic Moong Dal,1.35,7,6,1.25,500,False,500,0.10000000000000009,2.5,7.5
Munchies,Betty Crocker French Vanilla Cake Mix,3.1,10,6,2.76,520,False,520,0.3400000000000003,5.3076923076923075,16.56
Munchies,Delight Nuts Dried Cranberries,3.4,20,6,2.72,200,False,200,0.6799999999999997,13.600000000000001,16.32
Munchies,Everest Kesari Milk Masala,2.05,0,2,2.05,50,False,50,0.0,40.99999999999999,4.1
Munchies,Tong Garden Salted Cocktail Nuts,2.95,9,5,2.66,160,False,160,0.29000000000000004,16.625,13.3
Munchies,MTR Uttapam Mix,1.65,5,6,1.56,500,False,500,0.08999999999999986,3.12,9.36
Munchies,Gits Khaman Dhokla Instant Snack Mix,0.65,6,6,0.61,180,False,180,0.040000000000000036,3.388888888888889,3.66
Munchies,Happilo Premium 100% Natural Whole Cashews,3.35,29,6,2.35,200,False,200,1.0,11.75,14.100000000000001
Munchies,Everest Dry Mango Powder,0.8,0,5,0.8,100,False,100,0.0,8.0,4.0
Munchies,Dabur Hommade - Ginger Garlic Past Tub,1.1,5,6,1.04,400,False,400,0.06000000000000005,2.6,6.24
Munchies,Everest Chicken Masala,1.47,10,6,1.32,200,False,200,0.1499999999999999,6.6,7.92
Munchies,Gits Medu Vada Instant Snack Mix,0.9,4,6,0.86,200,False,200,0.040000000000000036,4.3,5.16
Munchies,Weikfield Drinking Chocolate Powder,0.65,10,6,0.58,100,False,100,0.07000000000000006,5.8,3.4799999999999995
Munchies,Popular Essentials Regular White Lobia,0.7,10,6,0.63,500,False,500,0.06999999999999995,1.26,3.7800000000000002
Munchies,Puro Healthy Salt Crystal,1.35,7,6,1.25,1000,False,1,0.10000000000000009,1.25,7.5
Munchies,Popular Essentials Premium Jeera Rice,1.4,0,5,1.4,1000,False,1,0.0,1.4,7.0
Munchies,Smith & Jones Shahi Paneer Masala Mix,0.44,0,6,0.44,60,False,60,0.0,7.333333333333333,2.64
Munchies,Betty Crocker Mug Treats - Chocolate Mix - Pack of 4,2.0,11,6,1.78,264,False,264,0.21999999999999997,6.742424242424242,10.68
Munchies,Smith & Jones Pasta Masala,0.6,10,5,0.54,108,False,108,0.05999999999999994,5.0,2.7
Munchies,Catch Black Pepper Sprinkler,1.0,0,1,1.0,50,False,50,0.0,20.0,1.0
Munchies,Weikfield Cooker Cake Mix - Chocolate,0.95,6,6,0.89,150,False,150,0.05999999999999994,5.933333333333333,5.34
Munchies,ITC Master Chef Butter Chicken,0.75,30,6,0.52,80,False,80,0.22999999999999998,6.500000000000001,3.12
Munchies,Masala Oats Masala & Coriander,1.95,9,5,1.76,500,False,500,0.18999999999999995,3.52,8.8
Munchies,Smith & Jones Mutter Paneer Masala,0.42,0,6,0.42,60,False,60,0.0,7.0,2.52
Munchies,Kitchens of India Dal Bukhara Gravy Mix,1.1,30,6,0.77,285,False,285,0.33000000000000007,2.7017543859649122,4.62
Munchies,Popular Essentials Fried Gram (Bengal Gram),0.7,10,6,0.63,500,False,500,0.06999999999999995,1.26,3.7800000000000002
Munchies,Gits Jalebi with Maker Dessert Mix,0.75,16,6,0.63,100,False,100,0.12,6.3,3.7800000000000002
Munchies,Popular Essentials Soya Beans,0.8,6,6,0.75,500,False,500,0.050000000000000044,1.5,4.5
Munchies,24 Mantra Organic Roasted Bengal Gram Dal,1.05,7,6,0.97,500,False,500,0.08000000000000007,1.94,5.82
Munchies,Keya Italian Seasoning,1.09,10,6,0.98,35,False,35,0.1100000000000001,28.0,5.88
Munchies,MTR Idli/Dosa/Chilly Chutney Powder,1.15,0,3,1.15,200,False,200,0.0,5.75,3.4499999999999997
Munchies,Delight Nuts Trail Mix,3.99,25,6,2.99,200,False,200,1.0,14.950000000000001,17.94
Munchies,Praakritik Organic Chilka Moong Dal,1.2,10,6,1.08,500,False,500,0.11999999999999988,2.16,6.48
Munchies,Smith & Jones Garlic & Herbs Masala Mix,0.99,0,6,0.99,75,False,75,0.0,13.2,5.9399999999999995
Munchies,Eastern Tamarind,0.63,0,6,0.63,200,False,200,0.0,3.15,3.7800000000000002
Munchies,Tong Garden Wasabi Coated Greenpeas Tin,2.0,11,6,1.78,180,False,180,0.21999999999999997,9.88888888888889,10.68
Munchies,Flying Bird Pineapple Artifical Food Essence,0.5,2,6,0.49,20,False,20,0.010000000000000009,24.5,2.94
Munchies,Mother's Recipe Tamarind Paste,0.5,2,2,0.49,200,False,200,0.010000000000000009,2.4499999999999997,0.98
Munchies,Japanese Choice Udon Noodles,2.95,9,6,2.66,250,False,250,0.29000000000000004,10.64,15.96
Munchies,Pantai Coconut Milk,1.5,0,4,1.5,400,False,400,0.0,3.75,6.0
Munchies,Praakritik Organic Masoor Dal,1.3,10,6,1.16,500,False,500,0.14000000000000012,2.32,6.959999999999999
Munchies,Popular Essentials Classic Sona Masuri Rice,4.3,10,6,3.87,5000,False,5,0.4299999999999997,0.774,23.22
Munchies,Popular Essentials Salted Murmure,0.7,18,6,0.57,400,False,400,0.13,1.4249999999999998,3.42
Munchies,Oleev Active Oil (Pouch),2.65,9,6,2.39,1000,False,1,0.2599999999999998,2.39,14.34
Munchies,Delight Nuts Dried Blueberries,5.4,20,6,4.32,150,False,150,1.08,28.800000000000004,25.92
Munchies,Popular Essentials Double Beans White,0.6,10,6,0.54,250,False,250,0.05999999999999994,2.16,3.24
Munchies,Delight Nuts Almond Natural,3.49,20,6,2.79,200,False,200,0.7000000000000002,13.950000000000001,16.740000000000002
Munchies,Praakritik Organic Jaggery,1.6,6,6,1.5,900,False,900,0.10000000000000009,1.6666666666666667,9.0
Munchies,Praakritik Organic Raw Sugar,0.9,6,6,0.84,500,False,500,0.06000000000000005,1.68,5.04
Munchies,MTR Masala - Sambar Powder,1.15,0,4,1.15,200,False,200,0.0,5.75,4.6
Munchies,RRO Til Dil Premium Til Oil Bottle,1.73,6,6,1.62,500,False,500,0.10999999999999988,3.24,9.72
Munchies,ITC Master Chef Vegetable Biryani Cooking Paste,0.75,30,5,0.52,80,False,80,0.22999999999999998,6.500000000000001,2.6
Munchies,Jivana Jaggery,1.0,0,2,1.0,950,False,950,0.0,1.0526315789473684,2.0
Munchies,Praakritik Organic Besan,1.7,6,6,1.59,500,False,500,0.10999999999999988,3.18,9.540000000000001
Munchies,MTR Instant Gulab Jamun Mix,1.95,9,6,1.76,500,False,500,0.18999999999999995,3.52,10.56
Munchies,Maggi Magic Cubes Extra Chicken,1.99,0,2,1.99,240,False,240,0.0,8.291666666666666,3.98
Munchies,On1y Mixed Herbs,0.99,0,6,0.99,14,False,14,0.0,70.71428571428572,5.9399999999999995
Munchies,Popular Essentials Urad Gola Black (Un-Polished),0.8,10,6,0.72,500,False,500,0.08000000000000007,1.44,4.32
Munchies,Gits Dessert Mix China Grass Bombay Halwa,0.55,0,4,0.55,80,False,80,0.0,6.875000000000001,2.2
Munchies,Praakritik Organic Basmati Rice,1.7,0,5,1.7,500,False,500,0.0,3.4,8.5
Munchies,Ceres Foods Nalli Nihari Instant Liquid Masala,2.2,50,6,1.1,200,False,200,1.1,5.500000000000001,6.6000000000000005
Munchies,Borges Canola Oil Pet Bottle,3.99,0,6,3.99,1000,False,1,0.0,3.9900000000000007,23.94
Munchies,Suhana Biryani Masala,0.66,0,6,0.66,50,False,50,0.0,13.2,3.96
Munchies,On1y Black Salt Grinder,0.99,0,6,0.99,100,False,100,0.0,9.899999999999999,5.9399999999999995
Munchies,Popular Essentials Nylon Til,0.4,2,6,0.39,100,False,100,0.010000000000000009,3.9000000000000004,2.34
Munchies,Pillsbury Rich Choco Oven Cake Mix - Egg Free,1.7,6,6,1.59,270,False,270,0.10999999999999988,5.888888888888888,9.540000000000001
Munchies,Weikfield Tomato Salsa Instant Pasta,0.25,0,1,0.25,77,False,77,0.0,3.246753246753247,0.25
Munchies,Praakritik Organic Jowar Atta,1.1,6,6,1.03,500,False,500,0.07000000000000006,2.06,6.18
Munchies,Sugarfree Gold Low Calorie Sweetner,2.7,7,6,2.51,50,False,50,0.1900000000000004,50.199999999999996,15.059999999999999
Munchies,Epicurea Thai Jasmine Rice,2.95,0,4,2.95,500,False,500,0.0,5.9,11.8
Munchies,Yummiez Chicken Garlic Fingers Pouch,2.5,0,5,2.5,400,False,400,0.0,6.25,12.5
Munchies,RRO Primio Refined Groundnut (Jar),4.9,11,6,4.36,2000,False,2,0.54,2.18,26.160000000000004
Munchies,Praakritik Organic Tuvar Dal,1.4,0,6,1.4,500,False,500,0.0,2.8,8.399999999999999
Munchies,Sugarfree Gold Low Calorie Sweetner,1.85,5,3,1.75,300,False,300,0.10000000000000009,5.833333333333334,5.25
Munchies,Cantina Beans Mexican Beans,2.5,14,6,2.13,410,False,410,0.3700000000000001,5.1951219512195115,12.78
Munchies,Pillsbury Oven Cake Mix - Vanilla,1.75,10,6,1.56,225,False,225,0.18999999999999995,6.933333333333334,9.36
Munchies,Hershey's Chocolate Milk Booster,2.0,0,6,2.0,450,False,450,0.0,4.444444444444445,12.0
Munchies,Popular Essentials Byadagi Chilli Stemless,0.8,0,6,0.8,100,False,100,0.0,8.0,4.800000000000001
Munchies,Suhana Spice Mix - Chicken Biryani,0.66,0,6,0.66,50,False,50,0.0,13.2,3.96
Munchies,Praakritik Organic Yellow Moon Dal,1.35,0,6,1.35,500,False,500,0.0,2.7,8.100000000000001
Munchies,Maggi Magic Cubes Extra Chicken,1.99,10,6,1.79,240,False,240,0.19999999999999996,7.458333333333333,10.74
Munchies,Dhara Filtered Groundnut Oil (Jar),10.5,0,2,10.5,5000,False,5,0.0,2.1,21.0
Munchies,24 Mantra Sona Masuri Brown Rice,4.75,10,6,4.23,5000,False,5,0.5199999999999996,0.8460000000000001,25.380000000000003
Munchies,24 Mantra Organic Pancharatna Dal - Split,1.3,7,6,1.2,500,False,500,0.10000000000000009,2.4,7.199999999999999
Munchies,24 Mantra Organic Cumin Powder,0.7,0,6,0.7,100,False,100,0.0,6.999999999999999,4.199999999999999
Munchies,Popular Essentials Samba Broken Wheat,1.0,11,6,0.89,500,False,500,0.10999999999999999,1.78,5.34
Munchies,Betty Crocker Chocolate Fudge Cake Mix,2.95,0,6,2.95,475,False,475,0.0,6.2105263157894735,17.700000000000003
Munchies,Borges Extra Light Olive Oil Bottle,26.0,46,6,13.99,2000,False,2,12.01,6.995,83.94
Munchies,Flying Bird Premium Orange Artificial Food Essence,0.6,0,6,0.6,20,False,20,0.0,30.0,3.5999999999999996
Munchies,Popular Essentials Red Cherry/Gundu Chilli,0.95,0,6,0.95,100,False,100,0.0,9.5,5.699999999999999
Munchies,Super Saver Kolam Rice Sortex Clean,7.0,10,3,6.3,5000,False,5,0.7000000000000002,1.26,18.9
Munchies,Flying Bird Food Essence - Kewra,0.5,0,6,0.5,20,False,20,0.0,25.0,3.0
Munchies,MTR Vada Breakfast,2.0,0,1,2.0,500,False,500,0.0,4.0,2.0
Munchies,On1y Pasta Seasoning,0.99,0,6,0.99,30,False,30,0.0,33.0,5.9399999999999995
Munchies,Praakritik Organic Indrayani Rice,0.7,0,6,0.7,500,False,500,0.0,1.4,4.199999999999999
Munchies,On1y Pizza Seasoning,0.99,0,6,0.99,28,False,28,0.0,35.35714285714286,5.9399999999999995
Munchies,Kitchens of India Mutter Paneer Mix,1.2,30,4,0.84,285,False,285,0.36,2.947368421052632,3.36
Munchies,Aashirvaad Svasti Cow Ghee Tetra Pack,2.95,0,6,2.95,500,False,500,0.0,5.9,17.700000000000003
Munchies,Weikfield Cooker Cake Mix - Vanilla,0.95,0,6,0.95,150,False,150,0.0,6.333333333333333,5.699999999999999
Munchies,Praakritik Organic Kapli Wheat Atta,1.65,10,6,1.47,1000,False,1,0.17999999999999994,1.47,8.82
Munchies,Epicurea Sushi Rice,2.95,0,6,2.95,500,False,500,0.0,5.9,17.700000000000003
Munchies,Sugarfree Natural Green Stevia Leaves Zero Calorie,0.75,0,2,0.75,100,False,100,0.0,7.5,1.5
Munchies,Smith & Jones Italian Spices Masala Mix,0.99,0,6,0.99,75,False,75,0.0,13.2,5.9399999999999995
Munchies,Satyam Nighties Spices  Chilli Bore,0.89,10,6,0.8,100,False,100,0.08999999999999997,8.0,4.800000000000001
Munchies,Weikfield Veg Jelly Crystals - Orange,0.45,2,6,0.44,90,False,90,0.010000000000000009,4.888888888888888,2.64
Munchies,Praakritik Organic Jumbo Rolled Oats,1.9,11,6,1.69,500,False,500,0.20999999999999996,3.38,10.14
Munchies,On1y Sea Salt Grinder,0.89,0,6,0.89,100,False,100,0.0,8.9,5.34
Munchies,Delight Nuts Berries Mix,3.99,20,6,3.19,200,False,200,0.8000000000000003,15.95,19.14
Munchies,Everest Kesari Milk Masala,2.05,0,6,2.05,50,False,20,0.0,40.99999999999999,12.299999999999999
Munchies,Praakritik Organic Ginger Powder,1.39,10,6,1.25,100,False,100,0.1399999999999999,12.5,7.5
Munchies,Suhana Mutton Gravy Mix,0.45,0,4,0.45,80,False,80,0.0,5.625,1.8
Munchies,On1y Salad Seasoning Grinder,1.39,0,6,1.39,45,False,45,0.0,30.888888888888886,8.34
Munchies,Figaro Pure Olive Oil,3.25,8,1,2.99,200,False,200,0.2599999999999998,14.950000000000001,2.99
Munchies,Madhur Sugar,0.6,6,0,0.56,1000,True,1,0.039999999999999925,0.56,0.0
Munchies,Amul Fresh Cream,0.63,0,0,0.63,250,True,250,0.0,2.52,0.0
Munchies,Madhur Pure And Hygienic Sugar,2.95,9,0,2.66,5000,True,5,0.29000000000000004,0.532,0.0
Munchies,Satyam Poha Jada,0.35,8,0,0.32,500,True,500,0.02999999999999997,0.64,0.0
Munchies,Aashirvaad Superior MP Whole Wheat Atta,0.53,1,0,0.52,1000,True,1,0.010000000000000009,0.52,0.0
Munchies,Fortune Soyabean Oil,2.1,13,0,1.81,1000,True,1,0.29000000000000004,1.81,0.0
Munchies,Maggi Masala Ae Magic,0.58,6,0,0.54,72,True,72,0.039999999999999925,7.500000000000001,0.0
Munchies,Aashirvaad Iodised Salt,0.22,13,0,0.19,1000,True,1,0.03,0.19,0.0
Munchies,Maggi 2-Minute Instant Noodles - Masala,0.44,0,0,0.44,280,True,280,0.0,1.5714285714285714,0.0
Munchies,Popular Essentials Phool Makhana (Jumbo Size),1.5,14,0,1.28,100,True,100,0.21999999999999997,12.8,0.0
Munchies,Aashirvaad Atta With Mutigrains,3.15,8,0,2.87,5000,True,5,0.2799999999999998,0.5740000000000001,0.0
Munchies,Tata Sampann Poha,0.44,6,0,0.41,500,True,500,0.030000000000000027,0.82,0.0
Munchies,Fortune Besan Flour,1.2,0,0,1.2,1000,True,1,0.0,1.2,0.0
Munchies,Popular Essentials Toor Dal (Un-Polished),0.8,7,0,0.74,500,True,500,0.06000000000000005,1.48,0.0
Munchies,Everest Tikhalal Hot & Red Chilly Powder,0.47,2,0,0.46,100,True,100,0.009999999999999953,4.6,0.0
Munchies,Popular Essentials Chia Seeds,0.5,2,0,0.49,100,True,100,0.010000000000000009,4.8999999999999995,0.0
Munchies,Tata Sampann Unpolished Toor Dal/Arhar Dal,1.79,1,0,1.77,1000,True,200,0.020000000000000018,1.77,0.0
Munchies,Everest Coriander Powder,0.32,3,0,0.31,100,True,100,0.010000000000000009,3.1,0.0
Munchies,Satyam Thin Poha Patla,0.38,7,0,0.35,500,True,500,0.030000000000000027,0.7,0.0
Munchies,Popular Essentials Sona Masouri Raw Rice,0.75,0,0,0.75,1000,True,1,0.0,0.75,0.0
Munchies,Tata Sampann High Protien Chana Dal - Split,0.64,0,0,0.64,500,True,500,0.0,1.28,0.0
Munchies,Satyam Singdana,1.19,6,0,1.11,500,True,500,0.07999999999999985,2.22,0.0
Munchies,Tata Sampann Moong Chilka,0.88,6,0,0.82,500,True,500,0.06000000000000005,1.64,0.0
Munchies,Tata Sampann High Protien Toor Dal - Split,0.91,2,0,0.89,500,True,500,0.020000000000000018,1.78,0.0
Munchies,Ching's Chow Mein Hakka Noodles Masala,0.1,0,0,0.1,20,True,20,0.0,5.0,0.0
Munchies,Everest Chat Masala,0.65,9,0,0.59,100,True,100,0.06000000000000005,5.8999999999999995,0.0
Munchies,Popular Essentials Black Brown Chana (Un-Polished),0.55,9,0,0.5,500,True,500,0.050000000000000044,1.0,0.0
Munchies,Dabur Ginger Garlic Paste,0.5,6,0,0.47,200,True,200,0.030000000000000027,2.3499999999999996,0.0
Munchies,Ching's Secret Veg Hakka Noodles,1.07,0,0,1.07,600,True,600,0.0,1.7833333333333334,0.0
Munchies,Saffola Oats 100 % Natural,0.15,0,0,0.15,38,True,38,0.0,3.947368421052632,0.0
Munchies,Everest Kashmiri Lal Chilli Powder,3.1,10,0,2.79,500,True,500,0.31000000000000005,5.58,0.0
Munchies,Popular Essentials Black Raisins Seedless,0.6,10,0,0.54,100,True,100,0.05999999999999994,5.4,0.0
Munchies,Daawat Rozana Super Basmati Rice,0.79,0,0,0.79,1000,True,1,0.0,0.79,0.0
Munchies,Everest Cumin Powder (Jeera),0.3,3,0,0.29,50,True,50,0.010000000000000009,5.8,0.0
Munchies,Everest Sambhar Masala,0.34,2,0,0.33,50,True,50,0.010000000000000009,6.6,0.0
Munchies,Maggi Chilly Chow Cuppa Noodles,0.5,0,0,0.5,70,True,70,0.0,7.142857142857142,0.0
Munchies,Popular Essentials Mustard Seeds Rai Big,0.2,0,0,0.2,100,True,100,0.0,2.0,0.0
Munchies,Patanjali Cow's Ghee,5.65,0,0,5.65,1000,True,1,0.0,5.65,0.0
Munchies,Everest Amchur Powder,0.42,2,0,0.41,50,True,50,0.010000000000000009,8.2,0.0
Munchies,Daawat Super Basmati Rice,1.85,8,0,1.69,1000,True,1,0.16000000000000014,1.69,0.0
Munchies,Popular Essentials Sabudana,0.6,10,0,0.54,500,True,500,0.05999999999999994,1.08,0.0
Munchies,Popular Essentials Brown Sugar,0.4,0,0,0.4,500,True,500,0.0,0.8,0.0
Munchies,Everest Coriander Powder,0.7,10,0,0.63,200,True,200,0.06999999999999995,3.15,0.0
Munchies,Sunfeast Yippee! Magic Masala Noodles,0.48,6,0,0.45,240,True,240,0.02999999999999997,1.8750000000000002,0.0
Munchies,Tata Tea Gold,0.35,0,0,0.35,100,True,200,0.0,3.4999999999999996,0.0
Munchies,Daawat Rozana Gold Basmati Rice,0.9,1,0,0.89,1000,True,1,0.010000000000000009,0.89,0.0
Munchies,Top Ramen Masala,0.91,9,0,0.82,560,True,560,0.09000000000000008,1.4642857142857142,0.0
Munchies,Everest Turmeric Powder,0.67,10,0,0.6,200,True,200,0.07000000000000006,3.0,0.0
Munchies,Popular Essentials Buckwheat Flour (Kuttu Atta),1.25,9,0,1.13,500,True,500,0.1200000000000001,2.26,0.0
Munchies,Keya Italian Pizza Oregano,1.09,11,0,0.97,80,True,80,0.1200000000000001,12.125,0.0
Munchies,Chef's Basket Durum Wheat Penne Pasta,1.6,50,0,0.8,500,True,500,0.8,1.6,0.0
Munchies,Tata Sampann Kala Chana,1.25,0,0,1.25,1000,True,1,0.0,1.25,0.0
Munchies,India Gate Basmati Rice,2.1,0,0,2.1,1000,True,1,0.0,2.1,0.0
Munchies,24 Mantra Organic Whole Wheat Atta,0.64,7,0,0.59,1000,True,1,0.050000000000000044,0.59,0.0
Munchies,Zorabian Chicken Kheema Parathas,1.9,0,0,1.9,300,True,300,0.0,6.333333333333333,0.0
Munchies,Sunfeast Pasta Treat Pack of Tomato Cheese,0.28,17,0,0.23,65,True,65,0.05000000000000002,3.5384615384615383,0.0
Munchies,Sugarlite 50% Less Calories Sugar Pouch,0.99,40,0,0.59,500,True,500,0.4,1.18,0.0
Munchies,Popular Essentials Sabja/Basil Seeds,0.6,15,0,0.51,100,True,100,0.08999999999999997,5.1000000000000005,0.0
Munchies,Patanjali Pure Honey,0.95,0,0,0.95,250,True,250,0.0,3.8,0.0
Munchies,Weikfield Falooda Mix - Mango,0.49,2,0,0.48,200,True,200,0.010000000000000009,2.4,0.0
Munchies,Pro Nature Organic Sonamasoori Brown Rice,1.02,7,0,0.94,1000,True,1,0.08000000000000007,0.94,0.0
Munchies,Maggi Special Masala Spicy Yummy Noodles,0.72,0,0,0.72,280,True,280,0.0,2.571428571428571,0.0
Munchies,Godrej Yummiez Chicken Breakfast Salami,1.5,4,0,1.43,250,True,250,0.07000000000000006,5.72,0.0
Munchies,Everest Saffron Kesar,1.2,0,0,1.2,1,True,0,0.0,1200.0,0.0
"Dairy, Bread & Batter",Mother Dairy Toned Milk Pouch,0.25,0,4,0.25,500,False,500,0.0,0.5,1.0
"Dairy, Bread & Batter",Mother Dairy Classic Curd,0.3,3,6,0.29,400,False,400,0.010000000000000009,0.725,1.7399999999999998
"Dairy, Bread & Batter",Mother Dairy Ultra Full Cream Milk,0.31,0,4,0.31,500,False,500,0.0,0.62,1.24
"Dairy, Bread & Batter",Amul Butter - Pasteurised,0.5,2,6,0.49,100,False,100,0.010000000000000009,4.8999999999999995,2.94
"Dairy, Bread & Batter",Britannia Sandwich White Bread,0.33,0,4,0.33,350,False,350,0.0,0.9428571428571428,1.32
"Dairy, Bread & Batter",iD Curd Pouch,0.35,2,6,0.34,400,False,400,0.009999999999999953,0.8500000000000001,2.04
"Dairy, Bread & Batter",iD Idli & Dosa Batter,0.8,15,6,0.68,1000,False,1,0.12,0.68,4.08
"Dairy, Bread & Batter",Britannia 100% Whole Wheat Bread,0.45,0,4,0.45,450,False,450,0.0,1.0,1.8
"Dairy, Bread & Batter",Britannia Healthy Slice Sandwich Bread,0.4,0,4,0.4,450,False,450,0.0,0.888888888888889,1.6
"Dairy, Bread & Batter",Gowardhan Classic Block Fresh Paneer,0.89,8,6,0.81,200,False,200,0.07999999999999996,4.050000000000001,4.86
"Dairy, Bread & Batter",Amul Processed Cheese Cubes,1.06,4,6,1.01,200,False,200,0.050000000000000044,5.05,6.0600000000000005
"Dairy, Bread & Batter",Britannia Pav,0.22,0,4,0.22,250,False,250,0.0,0.88,0.88
"Dairy, Bread & Batter",Amul Butter - Pasteurised,2.45,2,6,2.4,500,False,500,0.050000000000000266,4.8,14.399999999999999
"Dairy, Bread & Batter",Arden Eggs White,0.97,0,4,0.97,696,False,12,0.0,1.3936781609195403,3.88
"Dairy, Bread & Batter",Arden Eggs White,0.65,15,4,0.55,348,False,6,0.09999999999999998,1.5804597701149428,2.2
"Dairy, Bread & Batter",Nestle A+ Nourish Dahi,0.35,2,6,0.34,200,False,200,0.009999999999999953,1.7000000000000002,2.04
"Dairy, Bread & Batter",Britannia Burger Bun with Sesame Seed,0.15,0,4,0.15,100,False,100,0.0,1.5,0.6
"Dairy, Bread & Batter",Amul Frozen Malai Paneer,0.75,2,6,0.73,200,False,200,0.020000000000000018,3.65,4.38
"Dairy, Bread & Batter",iD Natural Paneer,1.05,5,6,0.99,200,False,200,0.06000000000000005,4.949999999999999,5.9399999999999995
"Dairy, Bread & Batter",Britannia Fruit Bun,0.17,0,3,0.17,100,False,100,0.0,1.7000000000000002,0.51
"Dairy, Bread & Batter",Amul Cheese - Processed Slices,1.22,1,6,1.2,200,False,200,0.020000000000000018,6.0,7.199999999999999
"Dairy, Bread & Batter",iD Curd Cup,0.6,0,6,0.6,400,False,400,0.0,1.5,3.5999999999999996
"Dairy, Bread & Batter",The Bake Shop Premium White Sandwich Bread,0.3,0,1,0.3,400,False,400,0.0,0.75,0.3
"Dairy, Bread & Batter",Britannia Multigrain Bread,0.55,0,4,0.55,400,False,400,0.0,1.3750000000000002,2.2
"Dairy, Bread & Batter",Amul Processed Cheese Block,1.06,0,6,1.06,200,False,200,0.0,5.3,6.36
"Dairy, Bread & Batter",Nestle A+ Nourish Dahi,0.7,2,6,0.68,400,False,400,0.019999999999999907,1.7000000000000002,4.08
"Dairy, Bread & Batter",Arden Eggs Brown,0.85,7,4,0.79,348,False,6,0.05999999999999994,2.270114942528736,3.16
"Dairy, Bread & Batter",Epigamia Misti Doi,0.3,0,6,0.3,85,False,85,0.0,3.5294117647058822,1.7999999999999998
"Dairy, Bread & Batter",Amul Cheese - Block,2.45,2,6,2.4,500,False,500,0.050000000000000266,4.8,14.399999999999999
"Dairy, Bread & Batter",Amul Butter - Pasteurised (School Pack),0.59,3,6,0.57,100,False,100,0.020000000000000018,5.699999999999999,3.42
"Dairy, Bread & Batter",Britannia Brown Bread,0.42,0,4,0.42,400,False,400,0.0,1.05,1.68
"Dairy, Bread & Batter",Amul Fresh Cream,1.97,3,3,1.91,1000,False,1,0.06000000000000005,1.91,5.7299999999999995
"Dairy, Bread & Batter",Epigamia Natural Greek Yogurt,0.45,0,6,0.45,90,False,90,0.0,5.0,2.7
"Dairy, Bread & Batter",The Bake Shop Pizza Base,0.3,0,1,0.3,150,False,150,0.0,2.0,0.3
"Dairy, Bread & Batter",Amul Delicious Fat Spread - Cholesterol Free,0.18,5,6,0.17,100,False,100,0.009999999999999981,1.7000000000000002,1.02
"Dairy, Bread & Batter",D'lecta Dairy Cream,0.54,5,6,0.51,200,False,200,0.030000000000000027,2.5500000000000003,3.06
"Dairy, Bread & Batter",Nestle A+ Actiplus Probiotic Dahi Plain Curd,0.78,3,5,0.75,400,False,400,0.030000000000000027,1.875,3.75
"Dairy, Bread & Batter",Bio Nutrients Pure Diet Tofu Gold,0.6,5,5,0.57,200,False,200,0.030000000000000027,2.8499999999999996,2.8499999999999996
"Dairy, Bread & Batter",Amul Delicious Fat Spread - Cholesterol Free,0.88,2,2,0.86,500,False,500,0.020000000000000018,1.72,1.72
"Dairy, Bread & Batter",Amul Mithai Mate Condensed Sweetened Milk,0.56,3,4,0.54,200,False,200,0.020000000000000018,2.7,2.16
"Dairy, Bread & Batter",Arden Desi Eggs,1.1,13,4,0.95,348,False,6,0.15000000000000013,2.7298850574712645,3.8
"Dairy, Bread & Batter",Amul Cheese - Pepper,0.85,3,6,0.82,200,False,200,0.030000000000000027,4.1,4.92
"Dairy, Bread & Batter",Amul Cheese Spread Creamy,0.85,5,6,0.8,180,False,180,0.04999999999999993,4.444444444444445,4.800000000000001
"Dairy, Bread & Batter",The Bake Shop Foot Long,0.4,0,1,0.4,200,False,200,0.0,2.0,0.4
"Dairy, Bread & Batter",Amul Cheese Slices,3.6,0,1,3.59,750,False,750,0.010000000000000231,4.786666666666666,3.59
"Dairy, Bread & Batter",Suguna Sharp Egg,0.72,13,3,0.62,348,False,6,0.09999999999999998,1.781609195402299,1.8599999999999999
"Dairy, Bread & Batter",Amul Cheese Sauce Mexican Salsa,0.75,4,1,0.72,200,False,200,0.030000000000000027,3.6,0.72
"Dairy, Bread & Batter",Nestle Everyday Dairy Whitener,2.1,0,4,2.1,400,False,400,0.0,5.25,8.4
"Dairy, Bread & Batter",Amul Pizza Cheese Processed,1.09,4,6,1.04,200,False,200,0.050000000000000044,5.2,6.24
"Dairy, Bread & Batter",Betty Crocker Complete Pancake Mix Original,1.1,4,6,1.05,250,False,500,0.050000000000000044,4.2,6.300000000000001
"Dairy, Bread & Batter",Amul Lite Spread,0.4,2,5,0.39,100,False,100,0.010000000000000009,3.9000000000000004,1.9500000000000002
"Dairy, Bread & Batter",Go Cheese Slice - Plain,1.4,5,6,1.33,200,False,200,0.06999999999999984,6.65,7.98
"Dairy, Bread & Batter",Pillsbury Choco Chip Pancake Mix,0.99,5,6,0.94,165,False,165,0.050000000000000044,5.696969696969697,5.64
"Dairy, Bread & Batter",RRO Sour Cream,2.75,50,4,1.37,200,False,200,1.38,6.8500000000000005,5.48
"Dairy, Bread & Batter",D'lecta Natural Feta Cheese Block,1.0,5,4,0.95,100,False,100,0.050000000000000044,9.5,3.8
"Dairy, Bread & Batter",Suguna Active - DHA,0.72,13,4,0.62,348,False,6,0.09999999999999998,1.781609195402299,2.48
"Dairy, Bread & Batter",Go Cheese Processed Angles Plain,1.0,5,6,0.95,160,False,160,0.050000000000000044,5.9375,5.699999999999999
"Dairy, Bread & Batter",Epigamia Greek Yogurt - Natural,2.0,0,1,2.0,400,False,400,0.0,5.0,2.0
"Dairy, Bread & Batter",Amul Unsalted Cooking Butter,2.45,2,6,2.38,500,False,500,0.07000000000000028,4.76,14.28
"Dairy, Bread & Batter",The Whole Truth Dark Chocolate Peanut Butter - Creamy,2.35,25,6,1.74,325,False,325,0.6100000000000001,5.3538461538461535,10.44
"Dairy, Bread & Batter",The Laughing Cow Cheese Slices,1.55,0,2,1.55,200,False,200,0.0,7.75,3.1
"Dairy, Bread & Batter",Epigamia Almond Milk Unsweetened Dairy Free,3.0,33,4,1.99,1000,False,1,1.01,1.99,7.96
"Dairy, Bread & Batter",Go Cheese  Spread Plain,0.99,5,6,0.94,200,False,200,0.050000000000000044,4.699999999999999,5.64
"Dairy, Bread & Batter",So Good Almond Milk - Natural Unsweetened,0.7,0,4,0.7,200,False,200,0.0,3.4999999999999996,2.8
"Dairy, Bread & Batter",Amul Cheese Sauce Jalapeno,0.75,0,5,0.75,200,False,200,0.0,3.75,3.75
"Dairy, Bread & Batter",D'lecta Cream Cheese,1.69,4,4,1.61,150,False,150,0.07999999999999985,10.733333333333334,6.44
"Dairy, Bread & Batter",Dlecta Natural Cheddar Slices,1.99,5,6,1.89,200,False,200,0.10000000000000009,9.45,11.34
"Dairy, Bread & Batter",Suguna Heart- Omega3,0.72,13,4,0.62,348,False,6,0.09999999999999998,1.781609195402299,2.48
"Dairy, Bread & Batter",Go Cheese Spread - Garlic,0.99,5,6,0.94,200,False,200,0.050000000000000044,4.699999999999999,5.64
"Dairy, Bread & Batter",Go Pizza Cheese,1.4,5,6,1.33,200,False,200,0.06999999999999984,6.65,7.98
"Dairy, Bread & Batter",RRO Cheddar Block Cheese,2.95,50,6,1.47,200,False,200,1.4800000000000002,7.35,8.82
"Dairy, Bread & Batter",The Whole Truth Peanut Butter With Dates - Creamy No Sugar,2.15,9,6,1.94,325,False,325,0.20999999999999996,5.969230769230769,11.64
"Dairy, Bread & Batter",Suguna Fit Egg,1.2,43,4,0.68,348,False,6,0.5199999999999999,1.9540229885057474,2.72
"Dairy, Bread & Batter",Pantai Coconut Cream,1.5,4,4,1.43,400,False,400,0.07000000000000006,3.575,5.72
"Dairy, Bread & Batter",RRO Fresh Ricotta,2.75,50,6,1.37,200,False,200,1.38,6.8500000000000005,8.22
"Dairy, Bread & Batter",Dlecta Cheese Cubes 2,1.45,5,6,1.37,200,False,200,0.07999999999999985,6.8500000000000005,8.22
"Dairy, Bread & Batter",RRO Mozzarella Pizza Cheese,2.75,50,6,1.37,200,False,200,1.38,6.8500000000000005,8.22
"Dairy, Bread & Batter",The Laughing Cow Cheese Cubes,1.5,0,4,1.5,200,False,200,0.0,7.5,6.0
"Dairy, Bread & Batter",Yogabar 100% Pure Peanut Butter Creamy & Yummy Unsweetened,2.29,10,6,2.06,400,False,400,0.22999999999999998,5.15,12.36
"Dairy, Bread & Batter",RRO Burrata Cheese,2.5,50,4,1.25,200,False,200,1.25,6.25,5.0
"Dairy, Bread & Batter",The Whole Truth Dark Chocolate Peanut Butter - Crunchy,2.35,20,5,1.88,325,False,325,0.4700000000000002,5.7846153846153845,9.399999999999999
"Dairy, Bread & Batter",Go Cheese Processed Squares,1.25,5,6,1.18,200,False,200,0.07000000000000006,5.8999999999999995,7.08
"Dairy, Bread & Batter",Funfoods Peanut Butter Crunchy,1.69,7,1,1.56,400,False,400,0.1299999999999999,3.9000000000000004,1.56
"Dairy, Bread & Batter",Amul Safed Makkhan,2.35,1,6,2.32,500,False,500,0.03000000000000025,4.64,13.919999999999998
"Dairy, Bread & Batter",Go Cheese Spread - Four Pepper (Soft & Creamy),0.99,5,6,0.94,200,False,200,0.050000000000000044,4.699999999999999,5.64
"Dairy, Bread & Batter",Dlicia Whip Topping Bottle,2.35,27,5,1.71,1000,False,1,0.6400000000000001,1.71,8.55
"Dairy, Bread & Batter",Amulya Dairy Whitener,3.8,2,4,3.72,1000,False,1,0.07999999999999963,3.72,14.88
"Dairy, Bread & Batter",Laughing Cow Cheese 8 Portion 120Gm Imported,1.1,0,6,1.1,120,False,120,0.0,9.166666666666666,6.6000000000000005
"Dairy, Bread & Batter",The Whole Truth Peanut Butter - Sweetened & Crunchy,2.15,20,6,1.72,325,False,325,0.42999999999999994,5.292307692307692,10.32
"Dairy, Bread & Batter",Go Processed Cheese Block,1.25,4,6,1.19,200,False,200,0.06000000000000005,5.949999999999999,7.14
"Dairy, Bread & Batter",Go Cheese Processed Block,2.49,4,6,2.37,400,False,400,0.1200000000000001,5.925000000000001,14.22
"Dairy, Bread & Batter",RRO Goat Milk Fetta Cheee,3.45,31,6,2.37,100,False,100,1.08,23.700000000000003,14.22
"Dairy, Bread & Batter",RRO Mascarpone Cheese,3.55,50,6,1.77,200,False,200,1.7799999999999998,8.85,10.620000000000001
"Dairy, Bread & Batter",D'lecta Cheddar Cheese,1.99,5,6,1.89,200,False,200,0.10000000000000009,9.45,11.34
"Dairy, Bread & Batter",Funfoods Peanut Butter Creamy,1.69,0,1,1.69,400,False,400,0.0,4.225,1.69
"Dairy, Bread & Batter",Pantai Coconut Milk,1.5,0,4,1.5,400,False,400,0.0,3.75,6.0
"Dairy, Bread & Batter",Dlecta Cheese Block,1.45,0,6,1.45,200,False,200,0.0,7.249999999999999,8.7
"Dairy, Bread & Batter",President Butter - Salted,0.54,0,6,0.54,100,False,100,0.0,5.4,3.24
"Dairy, Bread & Batter",The Laughing Cow Plain Processed Cheese Block,1.5,0,6,1.5,200,False,200,0.0,7.5,9.0
"Dairy, Bread & Batter",Yoga Bar Peanut Butter Dark Chocolate Jar,2.49,0,4,2.49,400,False,400,0.0,6.2250000000000005,9.96
"Dairy, Bread & Batter",The Laughing Cow Cheese Spread Plain,1.1,0,6,1.1,180,False,180,0.0,6.111111111111112,6.6000000000000005
"Dairy, Bread & Batter",Amul Malai Paneer Fresh,0.76,3,0,0.73,200,True,200,0.030000000000000027,3.65,0.0
"Dairy, Bread & Batter",Amul Taaza Toned Homogenised Milk,0.66,3,0,0.64,1000,True,1,0.020000000000000018,0.64,0.0
"Dairy, Bread & Batter",Amul Fresh Cream,0.63,0,0,0.63,250,True,250,0.0,2.52,0.0
"Dairy, Bread & Batter",Amul Lactose Free Milk,0.25,4,0,0.24,250,True,250,0.010000000000000009,0.96,0.0
"Dairy, Bread & Batter",The Bake Shop Whole Wheat Bread,0.4,0,0,0.4,400,True,400,0.0,1.0,0.0
"Dairy, Bread & Batter",Amul Slim Trim Skimmed Milk,0.75,0,0,0.75,1000,True,1,0.0,0.75,0.0
"Dairy, Bread & Batter",Amul Cheese Slices,0.71,1,0,0.7,100,True,100,0.010000000000000009,6.999999999999999,0.0
"Dairy, Bread & Batter",Amul Pizza Cheese - Mozzarella,1.0,1,0,0.99,200,True,200,0.010000000000000009,4.949999999999999,0.0
"Dairy, Bread & Batter",The Bake Shop Pizza Base Whole Wheat,0.3,0,0,0.3,150,True,150,0.0,2.0,0.0
"Dairy, Bread & Batter",Nestle A+ Slim Dahi - Low Fat,0.78,3,0,0.75,400,True,400,0.030000000000000027,1.875,0.0
"Dairy, Bread & Batter",Britannia Cheese Garlic Bread,0.35,0,0,0.35,300,True,300,0.0,1.1666666666666665,0.0
"Dairy, Bread & Batter",The Bake Shop Whole Wheat Ladi Pav,0.4,0,0,0.4,200,True,200,0.0,2.0,0.0
"Dairy, Bread & Batter",Amul Cheese Spread Yummy Plain,0.85,0,0,0.85,200,True,200,0.0,4.25,0.0
"Dairy, Bread & Batter",Britannia Atta Kulcha,0.3,0,0,0.3,250,True,250,0.0,1.2,0.0
"Dairy, Bread & Batter",Suguna Nourish Egg,0.62,0,0,0.62,696,True,12,0.0,0.8908045977011495,0.0
"Dairy, Bread & Batter",The Bake Shop Multi Grain Bread,0.65,0,0,0.65,400,True,400,0.0,1.6250000000000002,0.0
"Dairy, Bread & Batter",Nestle A+ Slim Milk,0.89,0,0,0.89,1000,True,1,0.0,0.89,0.0
"Dairy, Bread & Batter",Go Cheese Pizza Blend Mozzarella + Cheddar,1.25,5,0,1.18,200,True,200,0.07000000000000006,5.8999999999999995,0.0
"Dairy, Bread & Batter",The Whole Truth Peanut Butter - Unsweetened & Crunchy,1.85,20,0,1.48,325,True,325,0.3700000000000001,4.553846153846154,0.0
"Dairy, Bread & Batter",Amul Cheese Spread Spicy Garlic,0.85,3,0,0.82,200,True,200,0.030000000000000027,4.1,0.0
"Dairy, Bread & Batter",The Bake Shop Burger Buns,0.2,0,0,0.2,100,True,100,0.0,2.0,0.0
"Dairy, Bread & Batter",D'lecta Shredded Mozzarella Cheese,1.0,5,0,0.95,140,True,140,0.050000000000000044,6.785714285714286,0.0
"Dairy, Bread & Batter",Britannia Burger Bun with Sesame Seed,0.3,0,0,0.3,200,True,200,0.0,1.5,0.0
"Dairy, Bread & Batter",Suguna Vitamin D Egg,0.75,17,0,0.62,348,True,6,0.13,1.781609195402299,0.0
"Dairy, Bread & Batter",Pillsbury Pancake Mix - Funfetti,0.99,11,0,0.88,162,True,162,0.10999999999999999,5.432098765432099,0.0
"Dairy, Bread & Batter",Prabhat Malai Paneer Pouch,0.8,0,0,0.8,200,True,200,0.0,4.0,0.0
"Dairy, Bread & Batter",Suguna Nourish Egg,0.72,16,0,0.6,348,True,6,0.12,1.7241379310344827,0.0
"Dairy, Bread & Batter",RRO Mozzarella Block Cheese,2.95,50,0,1.47,200,True,200,1.4800000000000002,7.35,0.0
Beverages,Mother Dairy Toned Milk Pouch,0.25,0,4,0.25,500,False,500,0.0,0.5,1.0
Beverages,Mother Dairy Classic Curd,0.3,3,6,0.29,400,False,400,0.010000000000000009,0.725,1.7399999999999998
Beverages,Mother Dairy Ultra Full Cream Milk,0.31,0,4,0.31,500,False,500,0.0,0.62,1.24
Beverages,Amul Butter - Pasteurised,0.5,2,6,0.49,100,False,100,0.010000000000000009,4.8999999999999995,2.94
Beverages,Britannia Sandwich White Bread,0.33,0,4,0.33,350,False,350,0.0,0.9428571428571428,1.32
Beverages,iD Curd Pouch,0.35,2,6,0.34,400,False,400,0.009999999999999953,0.8500000000000001,2.04
Beverages,iD Idli & Dosa Batter,0.8,15,6,0.68,1000,False,1,0.12,0.68,4.08
Beverages,Britannia 100% Whole Wheat Bread,0.45,0,4,0.45,450,False,450,0.0,1.0,1.8
Beverages,Britannia Healthy Slice Sandwich Bread,0.4,0,4,0.4,450,False,450,0.0,0.888888888888889,1.6
Beverages,Gowardhan Classic Block Fresh Paneer,0.89,8,6,0.81,200,False,200,0.07999999999999996,4.050000000000001,4.86
Beverages,Amul Processed Cheese Cubes,1.06,4,6,1.01,200,False,200,0.050000000000000044,5.05,6.0600000000000005
Beverages,Britannia Pav,0.22,0,4,0.22,250,False,250,0.0,0.88,0.88
Beverages,Amul Butter - Pasteurised,2.45,2,6,2.4,500,False,500,0.050000000000000266,4.8,14.399999999999999
Beverages,Arden Eggs White,0.97,0,4,0.97,696,False,12,0.0,1.3936781609195403,3.88
Beverages,Arden Eggs White,0.65,15,4,0.55,348,False,6,0.09999999999999998,1.5804597701149428,2.2
Beverages,Nestle A+ Nourish Dahi,0.35,2,6,0.34,200,False,200,0.009999999999999953,1.7000000000000002,2.04
Beverages,Britannia Burger Bun with Sesame Seed,0.15,0,4,0.15,100,False,100,0.0,1.5,0.6
Beverages,Amul Frozen Malai Paneer,0.75,2,6,0.73,200,False,200,0.020000000000000018,3.65,4.38
Beverages,iD Natural Paneer,1.05,5,6,0.99,200,False,200,0.06000000000000005,4.949999999999999,5.9399999999999995
Beverages,Britannia Fruit Bun,0.17,0,3,0.17,100,False,100,0.0,1.7000000000000002,0.51
Beverages,Amul Cheese - Processed Slices,1.22,1,6,1.2,200,False,200,0.020000000000000018,6.0,7.199999999999999
Beverages,iD Curd Cup,0.6,0,6,0.6,400,False,400,0.0,1.5,3.5999999999999996
Beverages,The Bake Shop Premium White Sandwich Bread,0.3,0,1,0.3,400,False,400,0.0,0.75,0.3
Beverages,Britannia Multigrain Bread,0.55,0,4,0.55,400,False,400,0.0,1.3750000000000002,2.2
Beverages,Amul Processed Cheese Block,1.06,0,6,1.06,200,False,200,0.0,5.3,6.36
Beverages,Nestle A+ Nourish Dahi,0.7,2,6,0.68,400,False,400,0.019999999999999907,1.7000000000000002,4.08
Beverages,Arden Eggs Brown,0.85,7,4,0.79,348,False,6,0.05999999999999994,2.270114942528736,3.16
Beverages,Epigamia Misti Doi,0.3,0,6,0.3,85,False,85,0.0,3.5294117647058822,1.7999999999999998
Beverages,Amul Cheese - Block,2.45,2,6,2.4,500,False,500,0.050000000000000266,4.8,14.399999999999999
Beverages,Amul Butter - Pasteurised (School Pack),0.59,3,6,0.57,100,False,100,0.020000000000000018,5.699999999999999,3.42
Beverages,Britannia Brown Bread,0.42,0,4,0.42,400,False,400,0.0,1.05,1.68
Beverages,Amul Fresh Cream,1.97,3,3,1.91,1000,False,1,0.06000000000000005,1.91,5.7299999999999995
Beverages,Epigamia Natural Greek Yogurt,0.45,0,6,0.45,90,False,90,0.0,5.0,2.7
Beverages,The Bake Shop Pizza Base,0.3,0,1,0.3,150,False,150,0.0,2.0,0.3
Beverages,Amul Delicious Fat Spread - Cholesterol Free,0.18,5,6,0.17,100,False,100,0.009999999999999981,1.7000000000000002,1.02
Beverages,D'lecta Dairy Cream,0.54,5,6,0.51,200,False,200,0.030000000000000027,2.5500000000000003,3.06
Beverages,Nestle A+ Actiplus Probiotic Dahi Plain Curd,0.78,3,5,0.75,400,False,400,0.030000000000000027,1.875,3.75
Beverages,Bio Nutrients Pure Diet Tofu Gold,0.6,5,5,0.57,200,False,200,0.030000000000000027,2.8499999999999996,2.8499999999999996
Beverages,Amul Delicious Fat Spread - Cholesterol Free,0.88,2,2,0.86,500,False,500,0.020000000000000018,1.72,1.72
Beverages,Amul Mithai Mate Condensed Sweetened Milk,0.56,3,4,0.54,200,False,200,0.020000000000000018,2.7,2.16
Beverages,Arden Desi Eggs,1.1,13,4,0.95,348,False,6,0.15000000000000013,2.7298850574712645,3.8
Beverages,Amul Cheese - Pepper,0.85,3,6,0.82,200,False,200,0.030000000000000027,4.1,4.92
Beverages,Amul Cheese Spread Creamy,0.85,5,6,0.8,180,False,180,0.04999999999999993,4.444444444444445,4.800000000000001
Beverages,The Bake Shop Foot Long,0.4,0,1,0.4,200,False,200,0.0,2.0,0.4
Beverages,Amul Cheese Slices,3.6,0,1,3.59,750,False,750,0.010000000000000231,4.786666666666666,3.59
Beverages,Suguna Sharp Egg,0.72,13,3,0.62,348,False,6,0.09999999999999998,1.781609195402299,1.8599999999999999
Beverages,Amul Cheese Sauce Mexican Salsa,0.75,4,1,0.72,200,False,200,0.030000000000000027,3.6,0.72
Beverages,Nestle Everyday Dairy Whitener,2.1,0,4,2.1,400,False,400,0.0,5.25,8.4
Beverages,Amul Pizza Cheese Processed,1.09,4,6,1.04,200,False,200,0.050000000000000044,5.2,6.24
Beverages,Betty Crocker Complete Pancake Mix Original,1.1,4,6,1.05,250,False,500,0.050000000000000044,4.2,6.300000000000001
Beverages,Amul Lite Spread,0.4,2,5,0.39,100,False,100,0.010000000000000009,3.9000000000000004,1.9500000000000002
Beverages,Go Cheese Slice - Plain,1.4,5,6,1.33,200,False,200,0.06999999999999984,6.65,7.98
Beverages,Pillsbury Choco Chip Pancake Mix,0.99,5,6,0.94,165,False,165,0.050000000000000044,5.696969696969697,5.64
Beverages,RRO Sour Cream,2.75,50,4,1.37,200,False,200,1.38,6.8500000000000005,5.48
Beverages,D'lecta Natural Feta Cheese Block,1.0,5,4,0.95,100,False,100,0.050000000000000044,9.5,3.8
Beverages,Suguna Active - DHA,0.72,13,4,0.62,348,False,6,0.09999999999999998,1.781609195402299,2.48
Beverages,Go Cheese Processed Angles Plain,1.0,5,6,0.95,160,False,160,0.050000000000000044,5.9375,5.699999999999999
Beverages,Epigamia Greek Yogurt - Natural,2.0,0,1,2.0,400,False,400,0.0,5.0,2.0
Beverages,Amul Unsalted Cooking Butter,2.45,2,6,2.38,500,False,500,0.07000000000000028,4.76,14.28
Beverages,The Whole Truth Dark Chocolate Peanut Butter - Creamy,2.35,25,6,1.74,325,False,325,0.6100000000000001,5.3538461538461535,10.44
Beverages,The Laughing Cow Cheese Slices,1.55,0,2,1.55,200,False,200,0.0,7.75,3.1
Beverages,Epigamia Almond Milk Unsweetened Dairy Free,3.0,33,4,1.99,1000,False,1,1.01,1.99,7.96
Beverages,Go Cheese  Spread Plain,0.99,5,6,0.94,200,False,200,0.050000000000000044,4.699999999999999,5.64
Beverages,So Good Almond Milk - Natural Unsweetened,0.7,0,4,0.7,200,False,200,0.0,3.4999999999999996,2.8
Beverages,Amul Cheese Sauce Jalapeno,0.75,0,5,0.75,200,False,200,0.0,3.75,3.75
Beverages,D'lecta Cream Cheese,1.69,4,4,1.61,150,False,150,0.07999999999999985,10.733333333333334,6.44
Beverages,Dlecta Natural Cheddar Slices,1.99,5,6,1.89,200,False,200,0.10000000000000009,9.45,11.34
Beverages,Suguna Heart- Omega3,0.72,13,4,0.62,348,False,6,0.09999999999999998,1.781609195402299,2.48
Beverages,Go Cheese Spread - Garlic,0.99,5,6,0.94,200,False,200,0.050000000000000044,4.699999999999999,5.64
Beverages,Go Pizza Cheese,1.4,5,6,1.33,200,False,200,0.06999999999999984,6.65,7.98
Beverages,RRO Cheddar Block Cheese,2.95,50,6,1.47,200,False,200,1.4800000000000002,7.35,8.82
Beverages,The Whole Truth Peanut Butter With Dates - Creamy No Sugar,2.15,9,6,1.94,325,False,325,0.20999999999999996,5.969230769230769,11.64
Beverages,Suguna Fit Egg,1.2,43,4,0.68,348,False,6,0.5199999999999999,1.9540229885057474,2.72
Beverages,Pantai Coconut Cream,1.5,4,4,1.43,400,False,400,0.07000000000000006,3.575,5.72
Beverages,RRO Fresh Ricotta,2.75,50,6,1.37,200,False,200,1.38,6.8500000000000005,8.22
Beverages,Dlecta Cheese Cubes 2,1.45,5,6,1.37,200,False,200,0.07999999999999985,6.8500000000000005,8.22
Beverages,RRO Mozzarella Pizza Cheese,2.75,50,6,1.37,200,False,200,1.38,6.8500000000000005,8.22
Beverages,The Laughing Cow Cheese Cubes,1.5,0,4,1.5,200,False,200,0.0,7.5,6.0
Beverages,Yogabar 100% Pure Peanut Butter Creamy & Yummy Unsweetened,2.29,10,6,2.06,400,False,400,0.22999999999999998,5.15,12.36
Beverages,RRO Burrata Cheese,2.5,50,4,1.25,200,False,200,1.25,6.25,5.0
Beverages,The Whole Truth Dark Chocolate Peanut Butter - Crunchy,2.35,20,5,1.88,325,False,325,0.4700000000000002,5.7846153846153845,9.399999999999999
Beverages,Go Cheese Processed Squares,1.25,5,6,1.18,200,False,200,0.07000000000000006,5.8999999999999995,7.08
Beverages,Funfoods Peanut Butter Crunchy,1.69,7,1,1.56,400,False,400,0.1299999999999999,3.9000000000000004,1.56
Beverages,Amul Safed Makkhan,2.35,1,6,2.32,500,False,500,0.03000000000000025,4.64,13.919999999999998
Beverages,Go Cheese Spread - Four Pepper (Soft & Creamy),0.99,5,6,0.94,200,False,200,0.050000000000000044,4.699999999999999,5.64
Beverages,Dlicia Whip Topping Bottle,2.35,27,5,1.71,1000,False,1,0.6400000000000001,1.71,8.55
Beverages,Amulya Dairy Whitener,3.8,2,4,3.72,1000,False,1,0.07999999999999963,3.72,14.88
Beverages,Laughing Cow Cheese 8 Portion 120Gm Imported,1.1,0,6,1.1,120,False,120,0.0,9.166666666666666,6.6000000000000005
Beverages,The Whole Truth Peanut Butter - Sweetened & Crunchy,2.15,20,6,1.72,325,False,325,0.42999999999999994,5.292307692307692,10.32
Beverages,Go Processed Cheese Block,1.25,4,6,1.19,200,False,200,0.06000000000000005,5.949999999999999,7.14
Beverages,Go Cheese Processed Block,2.49,4,6,2.37,400,False,400,0.1200000000000001,5.925000000000001,14.22
Beverages,RRO Goat Milk Fetta Cheee,3.45,31,6,2.37,100,False,100,1.08,23.700000000000003,14.22
Beverages,RRO Mascarpone Cheese,3.55,50,6,1.77,200,False,200,1.7799999999999998,8.85,10.620000000000001
Beverages,D'lecta Cheddar Cheese,1.99,5,6,1.89,200,False,200,0.10000000000000009,9.45,11.34
Beverages,Funfoods Peanut Butter Creamy,1.69,0,1,1.69,400,False,400,0.0,4.225,1.69
Beverages,Pantai Coconut Milk,1.5,0,4,1.5,400,False,400,0.0,3.75,6.0
Beverages,Dlecta Cheese Block,1.45,0,6,1.45,200,False,200,0.0,7.249999999999999,8.7
Beverages,President Butter - Salted,0.54,0,6,0.54,100,False,100,0.0,5.4,3.24
Beverages,The Laughing Cow Plain Processed Cheese Block,1.5,0,6,1.5,200,False,200,0.0,7.5,9.0
Beverages,Yoga Bar Peanut Butter Dark Chocolate Jar,2.49,0,4,2.49,400,False,400,0.0,6.2250000000000005,9.96
Beverages,The Laughing Cow Cheese Spread Plain,1.1,0,6,1.1,180,False,180,0.0,6.111111111111112,6.6000000000000005
Beverages,Amul Malai Paneer Fresh,0.76,3,0,0.73,200,True,200,0.030000000000000027,3.65,0.0
Beverages,Amul Taaza Toned Homogenised Milk,0.66,3,0,0.64,1000,True,1,0.020000000000000018,0.64,0.0
Beverages,Amul Fresh Cream,0.63,0,0,0.63,250,True,250,0.0,2.52,0.0
Beverages,Amul Lactose Free Milk,0.25,4,0,0.24,250,True,250,0.010000000000000009,0.96,0.0
Beverages,The Bake Shop Whole Wheat Bread,0.4,0,0,0.4,400,True,400,0.0,1.0,0.0
Beverages,Amul Slim Trim Skimmed Milk,0.75,0,0,0.75,1000,True,1,0.0,0.75,0.0
Beverages,Amul Cheese Slices,0.71,1,0,0.7,100,True,100,0.010000000000000009,6.999999999999999,0.0
Beverages,Amul Pizza Cheese - Mozzarella,1.0,1,0,0.99,200,True,200,0.010000000000000009,4.949999999999999,0.0
Beverages,The Bake Shop Pizza Base Whole Wheat,0.3,0,0,0.3,150,True,150,0.0,2.0,0.0
Beverages,Nestle A+ Slim Dahi - Low Fat,0.78,3,0,0.75,400,True,400,0.030000000000000027,1.875,0.0
Beverages,Britannia Cheese Garlic Bread,0.35,0,0,0.35,300,True,300,0.0,1.1666666666666665,0.0
Beverages,The Bake Shop Whole Wheat Ladi Pav,0.4,0,0,0.4,200,True,200,0.0,2.0,0.0
Beverages,Amul Cheese Spread Yummy Plain,0.85,0,0,0.85,200,True,200,0.0,4.25,0.0
Beverages,Britannia Atta Kulcha,0.3,0,0,0.3,250,True,250,0.0,1.2,0.0
Beverages,Suguna Nourish Egg,0.62,0,0,0.62,696,True,12,0.0,0.8908045977011495,0.0
Beverages,The Bake Shop Multi Grain Bread,0.65,0,0,0.65,400,True,400,0.0,1.6250000000000002,0.0
Beverages,Nestle A+ Slim Milk,0.89,0,0,0.89,1000,True,1,0.0,0.89,0.0
Beverages,Go Cheese Pizza Blend Mozzarella + Cheddar,1.25,5,0,1.18,200,True,200,0.07000000000000006,5.8999999999999995,0.0
Beverages,The Whole Truth Peanut Butter - Unsweetened & Crunchy,1.85,20,0,1.48,325,True,325,0.3700000000000001,4.553846153846154,0.0
Beverages,Amul Cheese Spread Spicy Garlic,0.85,3,0,0.82,200,True,200,0.030000000000000027,4.1,0.0
Beverages,The Bake Shop Burger Buns,0.2,0,0,0.2,100,True,100,0.0,2.0,0.0
Beverages,D'lecta Shredded Mozzarella Cheese,1.0,5,0,0.95,140,True,140,0.050000000000000044,6.785714285714286,0.0
Beverages,Britannia Burger Bun with Sesame Seed,0.3,0,0,0.3,200,True,200,0.0,1.5,0.0
Beverages,Suguna Vitamin D Egg,0.75,17,0,0.62,348,True,6,0.13,1.781609195402299,0.0
Beverages,Pillsbury Pancake Mix - Funfetti,0.99,11,0,0.88,162,True,162,0.10999999999999999,5.432098765432099,0.0
Beverages,Prabhat Malai Paneer Pouch,0.8,0,0,0.8,200,True,200,0.0,4.0,0.0
Beverages,Suguna Nourish Egg,0.72,16,0,0.6,348,True,6,0.12,1.7241379310344827,0.0
Beverages,RRO Mozzarella Block Cheese,2.95,50,0,1.47,200,True,200,1.4800000000000002,7.35,0.0
Packaged Food,Maggi 2 Minute Masala Noodles,0.12,0,6,0.12,70,False,70,0.0,1.7142857142857142,0.72
Packaged Food,iD Idli & Dosa Batter,0.8,15,6,0.68,1000,False,1,0.12,0.68,4.08
Packaged Food,iD Malabar Parota,0.8,10,4,0.72,400,False,400,0.08000000000000007,1.8,2.88
Packaged Food,iD Wheat Lachha Paratha,0.8,12,6,0.7,400,False,400,0.10000000000000009,1.7499999999999998,4.199999999999999
Packaged Food,McCain Aloo Tikki,1.1,4,6,1.05,400,False,400,0.050000000000000044,2.625,6.300000000000001
Packaged Food,McCain Smiles Cripsy Happy Potatoes,1.2,5,6,1.14,415,False,415,0.06000000000000005,2.746987951807229,6.84
Packaged Food,McCain Veggie Burger Patty,1.15,3,6,1.11,360,False,360,0.039999999999999813,3.083333333333334,6.66
Packaged Food,McCain Veggie Fingers,1.17,5,6,1.11,400,False,400,0.05999999999999983,2.775,6.66
Packaged Food,Amul Delicious Fat Spread - Cholesterol Free,0.18,5,6,0.17,100,False,100,0.009999999999999981,1.7000000000000002,1.02
Packaged Food,Whiskas Wet  Meal (Adult - Cat Food)  Chicken in Gravy,0.35,2,2,0.34,85,False,85,0.009999999999999953,4.0,0.68
Packaged Food,McCain Chilli Garlic Potato Bites Crunchy Potato Nuggets,1.25,5,1,1.18,420,False,420,0.07000000000000006,2.8095238095238093,1.18
Packaged Food,Ching's Secret Instant Hot Garlic Noodles,0.15,0,3,0.15,60,False,60,0.0,2.5,0.44999999999999996
Packaged Food,Veeba Eggless Mayonnaise,0.79,11,5,0.7,250,False,250,0.09000000000000008,2.8,3.5
Packaged Food,Ching's Secret Instant Schezwan Noodles,0.15,0,6,0.15,60,False,60,0.0,2.5,0.8999999999999999
Packaged Food,Veeba Pasta And Pizza Sauce,0.75,13,5,0.65,280,False,280,0.09999999999999998,2.3214285714285716,3.25
Packaged Food,Top Ramen  Noodles Curry Veg Pouch,0.2,0,1,0.2,70,False,70,0.0,2.857142857142857,0.2
Packaged Food,Saffola Veggie Twist Masala Oats,0.15,0,6,0.15,38,False,38,0.0,3.947368421052632,0.8999999999999999
Packaged Food,Unibic Almond & Oats Protein Bar,0.4,17,4,0.33,30,False,30,0.07,11.000000000000002,1.32
Packaged Food,Quaker Oats,0.79,0,2,0.79,400,False,400,0.0,1.975,1.58
Packaged Food,Amul Delicious Fat Spread - Cholesterol Free,0.88,2,2,0.86,500,False,500,0.020000000000000018,1.72,1.72
Packaged Food,McCain French Fries,1.2,5,1,1.14,420,False,420,0.06000000000000005,2.7142857142857144,1.14
Packaged Food,Ching's Secret Manchow Instant Soup,0.1,0,1,0.1,15,False,15,0.0,6.666666666666667,0.1
Packaged Food,McCain Potato Cheese Shotz,1.3,4,6,1.24,250,False,250,0.06000000000000005,4.96,7.4399999999999995
Packaged Food,McCain Masala - Fries,1.2,5,3,1.14,375,False,375,0.06000000000000005,3.0399999999999996,3.42
Packaged Food,Ching's Secret Schezwan Fried Rice Masala,0.15,0,6,0.15,20,False,20,0.0,7.5,0.8999999999999999
Packaged Food,McCain New Mini Samosa with Cheese Pizza Style Filling,1.2,1,3,1.18,240,False,240,0.020000000000000018,4.916666666666666,3.54
Packaged Food,McCain Chilli Cheesy Nuggets,1.3,4,1,1.24,250,False,250,0.06000000000000005,4.96,1.24
Packaged Food,"Whiskas Adult (+1 Year) Dry Cat Food, Ocean Fish Flavour",4.3,10,6,3.87,1200,False,1,0.4299999999999997,3.225,23.22
Packaged Food,Chings Instant Soup - Hot & Sour,0.1,0,1,0.1,15,False,15,0.0,6.666666666666667,0.1
Packaged Food,Amul Spray Infant Milk Food,1.97,2,6,1.93,500,False,500,0.040000000000000036,3.86,11.58
Packaged Food,McCain Smiles - Pudina Chatka,1.2,5,3,1.14,375,False,375,0.06000000000000005,3.0399999999999996,3.42
Packaged Food,McCain French Fries Crisp & Delicious,1.75,4,3,1.67,750,False,750,0.08000000000000007,2.2266666666666666,5.01
Packaged Food,Ferrero Nutella Hazelnut Spread,2.2,5,2,2.07,180,False,180,0.13000000000000034,11.5,4.14
Packaged Food,Lijjat Garlic Papad,0.6,5,5,0.57,200,False,200,0.030000000000000027,2.8499999999999996,2.8499999999999996
Packaged Food,Switz Samosa Dough Sheets,0.9,4,6,0.86,50,False,50,0.040000000000000036,17.2,5.16
Packaged Food,Amul Cheese Spread Creamy,0.85,5,6,0.8,180,False,180,0.04999999999999993,4.444444444444445,4.800000000000001
Packaged Food,Maggi Imli Sauce Pichkoo,0.22,0,6,0.22,90,False,90,0.0,2.444444444444444,1.32
Packaged Food,Whiskas Kitten (2-12 months) Dry Cat Food Food Ocean Fish,3.85,9,5,3.47,1100,False,1100,0.3799999999999999,3.1545454545454548,17.35
Packaged Food,Chings Instant Soup - Sweet Corn Veg,0.1,0,2,0.1,15,False,15,0.0,6.666666666666667,0.2
Packaged Food,Whiskas Wet  Meal (Kitten - Cat Food)  Chicken in Gravy,0.35,5,2,0.33,85,False,85,0.019999999999999962,3.882352941176471,0.66
Packaged Food,McCain Crazy Fries Masala MixHot 'n' Tangy,1.2,5,6,1.14,400,False,400,0.06000000000000005,2.8499999999999996,6.84
Packaged Food,The Whole Truth Double Cocoa Protein Bar No Sugar,1.0,10,6,0.9,52,False,52,0.09999999999999998,17.30769230769231,5.4
Packaged Food,Amul Happy Treats French Fries,0.68,4,1,0.65,425,False,425,0.030000000000000027,1.5294117647058825,0.65
Packaged Food,Ferrero Nutella Hazeulnut Spread,3.8,6,5,3.57,350,False,350,0.22999999999999998,10.2,17.849999999999998
Packaged Food,Veeba Chipolte Southwest Dressing,1.61,7,4,1.49,300,False,300,0.1200000000000001,4.966666666666667,5.96
Packaged Food,Ching's Secret Manchow Noodles Instant Soup,0.15,0,6,0.15,20,False,20,0.0,7.5,0.8999999999999999
Packaged Food,Yoga Bar Breakfast Protein Bar - Blueberry Pie,0.5,12,1,0.44,50,False,50,0.06,8.8,0.44
Packaged Food,Quaker Oats,1.99,7,6,1.84,1000,False,1,0.1499999999999999,1.84,11.040000000000001
Packaged Food,The Whole Truth Mini Protein Bar - Coconut Cocoa No Added Sugar,0.55,25,6,0.41,27,False,27,0.14000000000000007,15.185185185185183,2.46
Packaged Food,Switz Spring Roll Dough Sheets,0.9,4,6,0.86,1160,False,20,0.040000000000000036,0.7413793103448275,5.16
Packaged Food,Unibic Fruit & Nut Real Cranberries & Almonds Protein Bar,0.4,17,6,0.33,30,False,30,0.07,11.000000000000002,1.98
Packaged Food,Ching's Secret Tomato Instant Soup,0.1,0,1,0.1,16,False,15,0.0,6.25,0.1
Packaged Food,Chef's Basket Durum Wheat Elbow Pasta,1.6,50,6,0.8,500,False,500,0.8,1.6,4.800000000000001
Packaged Food,Sunfeast Yippee! Mood Masala Noodles,0.6,28,3,0.43,260,False,260,0.16999999999999998,1.6538461538461537,1.29
Packaged Food,MTR Breakfast Khatta Meetha Poha Mix,0.25,20,6,0.2,60,False,60,0.04999999999999999,3.3333333333333335,1.2000000000000002
Packaged Food,Kellogg's Crunchy Fruit & Nut Breakfast Cereals Muesli,4.45,9,6,4.01,750,False,750,0.4400000000000004,5.346666666666666,24.06
Packaged Food,Ching's Secret Chilli Vinegar,0.5,0,4,0.5,170,False,170,0.0,2.941176470588235,2.0
Packaged Food,Ching's Red Chilli Sauce,0.55,0,6,0.55,200,False,200,0.0,2.7500000000000004,3.3000000000000003
Packaged Food,Amul Lite Spread,0.4,2,5,0.39,100,False,100,0.010000000000000009,3.9000000000000004,1.9500000000000002
Packaged Food,Borges Durum Wheat Fusilli Pasta,2.5,0,3,2.5,500,False,500,0.0,5.0,7.5
Packaged Food,The Whole Truth Cranberry Mini Protein Bar No Sugar,0.55,20,6,0.44,27,False,27,0.11000000000000004,16.296296296296294,2.64
Packaged Food,The Whole Truth Mini Protein Bar - Coffee Cocoa No Added Sugar,0.55,20,6,0.44,27,False,27,0.11000000000000004,16.296296296296294,2.64
Packaged Food,Maggi Hot & Sweet Tomato Chilli Sauce,1.15,0,1,1.15,500,False,500,0.0,2.3,1.15
Packaged Food,Sunfeast YiPPee! Noodles - Magic Masala,0.96,5,4,0.91,540,False,540,0.04999999999999993,1.6851851851851851,3.64
Packaged Food,Chef's Basket Durum Wheat Fusilli Pasta,1.6,50,6,0.8,500,False,500,0.8,1.6,4.800000000000001
Packaged Food,Top Ramen Chicken Noodles,0.6,10,1,0.54,280,False,280,0.05999999999999994,1.9285714285714288,0.54
Packaged Food,Veeba Cheese and Chilli Sandwich Spread,0.89,11,6,0.79,275,False,275,0.09999999999999998,2.872727272727273,4.74
Packaged Food,Chings Secret Chowmein Hakka Noodles Masala,0.44,0,2,0.44,60,False,60,0.0,7.333333333333333,0.88
Packaged Food,Safal Frozen - Mixed Vegetables,1.1,4,2,1.05,1000,False,1,0.050000000000000044,1.05,2.1
Packaged Food,MTR 3 Min Poha,0.25,0,6,0.25,60,False,60,0.0,4.166666666666667,1.5
Packaged Food,Ching's Manchurian Instant Noodles,0.15,0,5,0.15,60,False,60,0.0,2.5,0.75
Packaged Food,The Whole Truth Peanut Cocoa Mini Protein Bar No Sugar,0.55,25,6,0.41,27,False,27,0.14000000000000007,15.185185185185183,2.46
Packaged Food,Gits Pav Bhaji Ready to Eat,1.1,22,6,0.85,300,False,300,0.2500000000000001,2.833333333333333,5.1
Packaged Food,McCain New Mini Samosa with Cheese Corn Style Filling,1.2,1,2,1.18,240,False,240,0.020000000000000018,4.916666666666666,2.36
Packaged Food,Lijjat Udad Mini Papad,0.6,6,6,0.56,200,False,200,0.039999999999999925,2.8000000000000003,3.3600000000000003
Packaged Food,McCain Herb & Garlic Crazy Fries Masala Mix,1.2,5,5,1.14,400,False,400,0.06000000000000005,2.8499999999999996,5.699999999999999
Packaged Food,Yoga Bar Multigrain Energy Bar Nuts And Seeds,0.4,12,4,0.35,38,False,38,0.050000000000000044,9.210526315789473,1.4
Packaged Food,"Ching's Secret Sauce, Green Chilli",0.55,0,5,0.55,190,False,190,0.0,2.8947368421052633,2.75
Packaged Food,Veeba Pizza Topping,0.75,6,4,0.7,280,False,280,0.050000000000000044,2.5,2.8
Packaged Food,Switz Paratha Puff,1.1,4,6,1.05,400,False,400,0.050000000000000044,2.625,6.300000000000001
Packaged Food,"New Kellogg's Muesli with 21% Fruit, Nut & Seeds",3.25,6,6,3.05,500,False,500,0.20000000000000018,6.1,18.299999999999997
Packaged Food,The Whole Truth Double Cocoa Mini Protein Bar No Sugar,0.55,20,5,0.44,27,False,27,0.11000000000000004,16.296296296296294,2.2
Packaged Food,Sunfeast Yippee Tricolor Pasta Seasoning,0.28,17,1,0.23,65,False,65,0.05000000000000002,3.5384615384615383,0.23
Packaged Food,Wingreens Cheesy Chipotle Sauce,0.99,49,1,0.5,130,False,130,0.49,3.8461538461538463,0.5
Packaged Food,Maggi Rich Tomato Ketchup,1.05,4,2,1.0,500,False,500,0.050000000000000044,2.0,2.0
Packaged Food,The Whole Truth Dark Chocolate Peanut Butter - Creamy,2.35,25,6,1.74,325,False,325,0.6100000000000001,5.3538461538461535,10.44
Packaged Food,Godrej Yummiez Chicken Nuggets,3.25,9,1,2.93,500,False,500,0.31999999999999984,5.86,2.93
Packaged Food,Go Cheese  Spread Plain,0.99,5,6,0.94,200,False,200,0.050000000000000044,4.699999999999999,5.64
Packaged Food,Kellogg's Real Almond & Honey Corn Flakes,1.75,9,6,1.58,300,False,300,0.16999999999999993,5.266666666666667,9.48
Packaged Food,The Whole Truth Vegan Almond Choco Fudge Energy Bar No Sugar,0.6,20,6,0.48,40,False,40,0.12,12.0,2.88
Packaged Food,Prasuma Vegetable Momos,2.7,0,5,2.7,24,False,24,0.0,112.5,13.5
Packaged Food,MTR Upma,0.5,10,6,0.45,160,False,160,0.04999999999999999,2.8125,2.7
Packaged Food,Ching's Schezwan Masala Instant Noodles,0.6,0,1,0.6,240,False,240,0.0,2.5,0.6
Packaged Food,The Whole Truth Cranberry Protein Bar No Sugar,1.0,26,6,0.74,52,False,52,0.26,14.230769230769232,4.4399999999999995
Packaged Food,Saffola Yummy Masala Noodles,0.2,0,2,0.2,46,False,46,0.0,4.3478260869565215,0.4
Packaged Food,Veeba English Mustard,0.74,6,2,0.69,300,False,300,0.050000000000000044,2.3,1.38
Packaged Food,Dabur Hommade Tamarind Paste,0.48,6,6,0.45,200,False,200,0.02999999999999997,2.2500000000000004,2.7
Packaged Food,Yoga Bar Breakfast Muesli - Almond Caramel (No Added Sugar),3.25,4,6,3.09,400,False,400,0.16000000000000014,7.725,18.54
Packaged Food,The Whole Truth Mini Protein Bar - Peanut Butter No Added Sugar,0.55,25,6,0.41,27,False,27,0.14000000000000007,15.185185185185183,2.46
Packaged Food,ITC Master Chef Crispy Chicken Fries,1.7,4,3,1.62,280,False,280,0.07999999999999985,5.7857142857142865,4.86
Packaged Food,Kelloggs Corn Flakes,0.99,13,6,0.86,250,False,250,0.13,3.44,5.16
Packaged Food,Nissin Cup Noodles Tangy Tomato,0.5,10,2,0.45,70,False,70,0.04999999999999999,6.428571428571429,0.9
Packaged Food,Smith & Jones White Pasta Sauce Mix,0.4,0,3,0.4,46,False,46,0.0,8.695652173913043,1.2000000000000002
Packaged Food,Sunfeast Yippee! Pasta Treat - Sour Cream Onion,0.28,10,1,0.25,65,False,65,0.030000000000000027,3.8461538461538463,0.25
Packaged Food,Mothers Recipe Tamrind Date Chutney,0.55,9,2,0.5,200,False,200,0.050000000000000044,2.5,1.0
Packaged Food,Veeba Mint Mayonnaise,1.69,8,4,1.55,300,False,300,0.1399999999999999,5.166666666666667,6.2
Packaged Food,Mccain Emotibites - Crispy Happy Potato Snack,1.3,0,6,1.29,415,False,415,0.010000000000000009,3.108433734939759,7.74
Packaged Food,The Whole Truth Energy Bar Choco Cranberry Fudge,0.6,26,6,0.44,40,False,40,0.15999999999999998,11.0,2.64
Packaged Food,Godrej Yummiez Chicken Lucknowi Seekh Kebab,2.6,10,4,2.34,400,False,400,0.26000000000000023,5.85,9.36
Packaged Food,Prasuma Vegetable Momos,1.5,0,5,1.5,580,False,10,0.0,2.586206896551724,7.5
Packaged Food,Mother's Recipe Mixed Pickle,0.85,9,2,0.77,300,False,300,0.07999999999999996,2.566666666666667,1.54
Packaged Food,Sunfeast Yippee! Pasta Treat - Sour Cream Onion,0.28,17,3,0.23,65,False,65,0.05000000000000002,3.5384615384615383,0.6900000000000001
Packaged Food,The Whole Truth Peanut Cocoa Protein Bar No Sugar,1.0,26,6,0.74,52,False,52,0.26,14.230769230769232,4.4399999999999995
Packaged Food,Yoga Bar Breakfast Muesli - Chocolate & Cranberry,3.25,4,6,3.09,400,False,400,0.16000000000000014,7.725,18.54
Packaged Food,Sunfeast YiPPee! Magic Masala Noodles,0.7,10,3,0.63,405,False,405,0.06999999999999995,1.5555555555555554,1.8900000000000001
Packaged Food,Veeba Sweet Onion Sauce,1.41,14,4,1.21,350,False,350,0.19999999999999996,3.457142857142857,4.84
Packaged Food,Quaker Oats Breakfast Cereals - With Flavour Mix Nutritious Rich Source Of Energy,0.49,8,6,0.45,200,False,200,0.03999999999999998,2.2500000000000004,2.7
Packaged Food,Mother's Recipe Tamarind Paste,0.5,2,6,0.49,200,False,200,0.010000000000000009,2.4499999999999997,2.94
Packaged Food,Yogabar No Added Sugar Protein Bar Brownie,1.25,15,4,1.06,60,False,60,0.18999999999999995,17.666666666666668,4.24
Packaged Food,Bambino Popular Vermicelli,0.4,2,3,0.39,400,False,400,0.010000000000000009,0.9750000000000001,1.17
Packaged Food,Ching's Secret Mix Veg Instant Soup,0.1,0,3,0.1,15,False,15,0.0,6.666666666666667,0.30000000000000004
Packaged Food,Mother's Recipe Pickle - Red Stuffed Chilli,1.45,11,3,1.29,400,False,400,0.15999999999999992,3.225,3.87
Packaged Food,Kellogg's No Added Sugar Muesli,3.35,11,6,2.98,500,False,500,0.3700000000000001,5.96,17.88
Packaged Food,Veeba Salsa Dip,1.19,6,6,1.11,360,False,360,0.07999999999999985,3.083333333333334,6.66
Packaged Food,Veeba Thousand Island Dressing,1.49,8,6,1.37,300,False,300,0.11999999999999988,4.566666666666666,8.22
Packaged Food,Baggry's Crunchy Muesli Almond Raisins & Honey,1.3,0,5,1.3,200,False,200,0.0,6.500000000000001,6.5
Packaged Food,Knorr Chinese Hot And Sour Veg Soup,0.55,3,1,0.53,43,False,43,0.020000000000000018,12.325581395348838,0.53
Packaged Food,Go Cheese Spread - Garlic,0.99,5,6,0.94,200,False,200,0.050000000000000044,4.699999999999999,5.64
Packaged Food,The Whole Truth Peanut Butter With Dates - Creamy No Sugar,2.15,9,6,1.94,325,False,325,0.20999999999999996,5.969230769230769,11.64
Packaged Food,Zorabian Chicken Smoked Ham,2.05,5,1,1.94,250,False,250,0.10999999999999988,7.76,1.94
Packaged Food,Kissan Pineapple Jam,1.65,9,1,1.49,500,False,500,0.15999999999999992,2.98,1.49
Packaged Food,Smith & Jones Masala Noodles,0.89,0,5,0.89,480,False,480,0.0,1.8541666666666667,4.45
Packaged Food,Nestle Nestle Nan Pro Follow-Up Formula,6.5,0,6,6.5,400,False,400,0.0,16.25,39.0
Packaged Food,Sunfeast Yippee! Power Up Atta Noodles,0.96,15,6,0.81,280,False,280,0.1499999999999999,2.8928571428571432,4.86
Packaged Food,McCain Super Wedges,1.2,7,6,1.11,400,False,400,0.08999999999999986,2.775,6.66
Packaged Food,"Kellogg's Crunchy Granola Honey, Almonds, Strawberries & Pumpkin Seeds",3.3,10,1,2.94,450,False,450,0.3599999999999999,6.533333333333333,2.94
Packaged Food,Kellogg's Chocos,1.3,10,6,1.17,250,False,250,0.13000000000000012,4.68,7.02
Packaged Food,Ching's Secret Just Soak - Whole Wheat Veg Hakka Noodle,0.32,0,3,0.32,150,False,150,0.0,2.1333333333333333,0.96
Packaged Food,The Whole Truth Vegan Fig Apricot & Orange Energy Bar No Sugar,0.6,20,6,0.48,40,False,40,0.12,12.0,2.88
Packaged Food,Saffola Veggie Twist Masala Oats,1.95,12,2,1.71,500,False,500,0.24,3.42,3.42
Packaged Food,ITC Master Chef Classic Aloo Tikki,0.8,10,3,0.72,320,False,320,0.08000000000000007,2.25,2.16
Packaged Food,Smith & Jones Pink Pasta Sauce Mix,0.4,0,4,0.4,46,False,46,0.0,8.695652173913043,1.6
Packaged Food,Wingreens Farms Chipotle Dip,2.0,25,1,1.5,180,False,180,0.5,8.333333333333334,1.5
Packaged Food,Kellogg's Real Almond & Honey Corn Flakes,5.5,5,3,5.2,1000,False,1,0.2999999999999998,5.2,15.600000000000001
Packaged Food,Kellogg's Crunchy Granola Chocolate & Almonds,3.3,10,3,2.94,450,False,450,0.3599999999999999,6.533333333333333,8.82
Packaged Food,Cornitos Cornitos Taco Shells - 6 Inches,1.6,20,4,1.28,180,False,180,0.32000000000000006,7.111111111111112,5.12
Packaged Food,Ching's Secret Singapore Curry Instant Noodles,0.15,0,3,0.15,60,False,60,0.0,2.5,0.44999999999999996
Packaged Food,Mother's Recipe Pickle - Mango,1.25,9,6,1.13,400,False,500,0.1200000000000001,2.8249999999999997,6.779999999999999
Packaged Food,Godrej Yummiez Chilli Chicken Sausages,1.6,10,3,1.44,250,False,250,0.16000000000000014,5.76,4.32
Packaged Food,Pedigree Dentastix  Dog Treat Oral Care for Adult Medium Breed,1.75,20,6,1.4,180,False,180,0.3500000000000001,7.777777777777778,8.399999999999999
Packaged Food,Maggi Hot & Sweet - Tomato Chilli Sauce,1.7,10,1,1.53,1000,False,1,0.16999999999999993,1.53,1.53
Packaged Food,Ching's Secret Asian Hot Instant Soup,0.15,0,3,0.15,15,False,15,0.0,10.0,0.44999999999999996
Packaged Food,Kelloggs Chocos Protein And Fibre Of 1 Roti,4.99,11,6,4.44,1200,False,1,0.5499999999999998,3.7,26.64
Packaged Food,Mother's Recipe Pickle - Mango,1.49,26,4,1.09,500,False,500,0.3999999999999999,2.18,4.36
Packaged Food,Chings Secret Manchurian Instant Noodle,0.6,0,6,0.6,240,False,240,0.0,2.5,3.5999999999999996
Packaged Food,Kellogg's Original Corn Flakes,3.1,6,6,2.9,875,False,875,0.20000000000000018,3.314285714285714,17.4
Packaged Food,Ching's Singapore Curry Instant Noodles,0.6,0,4,0.6,240,False,240,0.0,2.5,2.4
Packaged Food,Kellogg's Almonds And Cranberries Granola,3.3,6,6,3.1,460,False,460,0.19999999999999973,6.739130434782608,18.6
Packaged Food,Nestle Ceregrow Multigrain Cereal with Milk and Fruits - 3 to 6 years,2.92,0,6,2.92,300,False,300,0.0,9.733333333333334,17.52
Packaged Food,MTR 3 Minute Breakfast - Magic Masala Upma,0.25,0,6,0.25,60,False,60,0.0,4.166666666666667,1.5
Packaged Food,Smith & Jones Masala Noodles,0.68,10,5,0.61,360,False,360,0.07000000000000006,1.6944444444444444,3.05
Packaged Food,"Knorr Classic Tomato Soup With 100% Real Vegetabls, No Added Preservatives",0.55,0,6,0.55,53,False,53,0.0,10.377358490566039,3.3000000000000003
Packaged Food,Godrej Yummiez Chicken Punjabi Tikka,2.95,9,6,2.66,360,False,360,0.29000000000000004,7.388888888888889,15.96
Packaged Food,Kellogg's Corn Flakes,4.25,9,1,3.83,1000,False,1,0.41999999999999993,3.83,3.83
Packaged Food,Kelloggs Chocos,1.7,5,4,1.6,385,False,385,0.09999999999999987,4.1558441558441555,6.4
Packaged Food,Pedigree Puppy Dry Dog Food Food Chicken & Milk,2.9,20,6,2.32,1200,False,1200,0.5800000000000001,1.9333333333333331,13.919999999999998
Packaged Food,Ching's Secret Lemon Coriander Instant Soup,0.15,0,5,0.15,15,False,15,0.0,10.0,0.75
Packaged Food,Nestle Cerelac Baby Cereal With Milk Wheat-Rice Mixed Fruit,2.61,0,6,2.61,300,False,300,0.0,8.7,15.66
Packaged Food,Kelloggs Chocos - Moons & Stars,6.6,40,4,3.96,1200,False,1,2.6399999999999997,3.3,15.84
Packaged Food,ITC Master Chef Chicken Galouti Kebab,1.7,4,2,1.62,210,False,210,0.07999999999999985,7.714285714285715,3.24
Packaged Food,Yogabar 100% Pure Peanut Butter Creamy & Yummy Unsweetened,2.29,10,6,2.06,400,False,400,0.22999999999999998,5.15,12.36
Packaged Food,Kitchens Of India Palak Paneer,1.3,30,6,0.91,285,False,285,0.39,3.1929824561403506,5.46
Packaged Food,Kelloggs Chocos Fills Double Chocolat,0.99,11,6,0.88,175,False,175,0.10999999999999999,5.0285714285714285,5.28
Packaged Food,Soulfull Ragi Bites Choco Fills,1.69,5,4,1.6,250,False,250,0.08999999999999986,6.4,6.4
Packaged Food,Figaro Sliced Black Olive,1.79,0,6,1.79,450,False,450,0.0,3.977777777777778,10.74
Packaged Food,Veeba Barbeque Sauce,1.49,8,6,1.37,330,False,330,0.11999999999999988,4.151515151515151,8.22
Packaged Food,The Whole Truth Vegan Mocha Almond Fudge Energy Bar No Sugar,0.6,20,6,0.48,40,False,40,0.12,12.0,2.88
Packaged Food,"The Whole Truth - Nuts, Fruits & Seeds Muesli",3.25,20,6,2.6,350,False,350,0.6499999999999999,7.428571428571429,15.600000000000001
Packaged Food,Pantai Green Curry Paste,1.5,14,5,1.28,114,False,114,0.21999999999999997,11.228070175438598,6.4
Packaged Food,Kelloggs Special K,2.1,8,5,1.92,435,False,435,0.18000000000000016,4.413793103448276,9.6
Packaged Food,Moi Soi Sichuan Chilli Oil- For Stir Fry Marinade Spread & Dip,2.8,50,5,1.4,175,False,175,1.4,8.0,7.0
Packaged Food,Mother's Recipe Madras Appalam,0.5,10,6,0.45,100,False,100,0.04999999999999999,4.500000000000001,2.7
Packaged Food,Top Ramen Masala Oat Masala,0.8,10,6,0.72,280,False,280,0.08000000000000007,2.571428571428571,4.32
Packaged Food,Saffola Everyday Peppy Tomato Masala Oats,1.95,12,6,1.71,500,False,500,0.24,3.42,10.26
Packaged Food,"Ching's Secret Instant Noodles, Hot Garlic",0.6,0,4,0.6,240,False,240,0.0,2.5,2.4
Packaged Food,Kitchens Of India Chicken Chettinad,2.0,30,1,1.4,285,False,285,0.6000000000000001,4.912280701754385,1.4
Packaged Food,Nestle Cerelac Wheat - Stage 1,1.9,0,6,1.9,300,False,300,0.0,6.333333333333333,11.399999999999999
Packaged Food,Sumeru Aloo Paratha,1.19,5,6,1.13,400,False,400,0.06000000000000005,2.8249999999999997,6.779999999999999
Packaged Food,ITC Master Chef Veggie Pizza Pocket,1.7,4,4,1.62,340,False,340,0.07999999999999985,4.764705882352942,6.48
Packaged Food,Wingreens Farms Tangy Cheese Pita Chips & Mexican Salsa Dip,0.6,15,1,0.51,70,False,70,0.08999999999999997,7.285714285714286,0.51
Packaged Food,Ching's Secret Manchow Soup,0.55,0,3,0.55,55,False,55,0.0,10.0,1.6500000000000001
Packaged Food,Veeba Carrot & Cucumber Sandwich Spread,0.85,10,6,0.76,250,False,250,0.08999999999999997,3.04,4.5600000000000005
Packaged Food,Kellogg's Real Almond & Honey Corn Flakes,3.7,12,3,3.24,650,False,650,0.45999999999999996,4.984615384615385,9.72
Packaged Food,Kitchens Of India Mughlai Paneer,1.6,30,4,1.12,285,False,285,0.48,3.929824561403509,4.48
Packaged Food,Ching's Secret Just Soak - Veg Hakka Noodles,0.3,0,5,0.3,150,False,150,0.0,2.0,1.5
Packaged Food,Ching's Secret Chowmein Hakka Noodles Masala,0.6,10,2,0.54,100,False,100,0.05999999999999994,5.4,1.08
Packaged Food,The Whole Truth Dark Chocolate Peanut Butter - Crunchy,2.35,20,5,1.88,325,False,325,0.4700000000000002,5.7846153846153845,9.399999999999999
Packaged Food,Mother's Recipe Bhel Puri Chutney,0.55,9,4,0.5,200,False,200,0.050000000000000044,2.5,2.0
Packaged Food,Kelloggs Chocos Moon & Stars,3.3,10,6,2.94,680,False,680,0.3599999999999999,4.3235294117647065,17.64
Packaged Food,Mother's Recipe Lime Pickle,1.2,5,1,1.14,400,False,400,0.06000000000000005,2.8499999999999996,1.14
Packaged Food,Kitchens of India Dal Makhani,1.1,30,2,0.77,285,False,285,0.33000000000000007,2.7017543859649122,1.54
Packaged Food,Pantai Light Soy Sauce,2.75,14,5,2.34,200,False,200,0.41000000000000014,11.7,11.7
Packaged Food,Ching's Secret Sweet Corn Soup,0.55,0,6,0.55,55,False,55,0.0,10.0,3.3000000000000003
Packaged Food,"Top Ramen Noodles, Atta",0.8,0,1,0.8,280,False,280,0.0,2.857142857142857,0.8
Packaged Food,Cantina Tortilla Dip Sauce Sour Creamy Tex Mex,2.25,15,5,1.91,190,False,190,0.3400000000000001,10.052631578947368,9.549999999999999
Packaged Food,Dabur Hommade - Rajasthan Ki Garlic Chutne,0.65,6,6,0.61,200,False,200,0.040000000000000036,3.05,3.66
Packaged Food,MTR Seviyan Vermicelli,0.42,0,2,0.42,400,False,400,0.0,1.05,0.84
Packaged Food,Pantai Oyster Sauce,2.75,14,4,2.34,200,False,200,0.41000000000000014,11.7,9.36
Packaged Food,Go Cheese Spread - Four Pepper (Soft & Creamy),0.99,5,6,0.94,200,False,200,0.050000000000000044,4.699999999999999,5.64
Packaged Food,MTR Ready To Eat Paneer Butter Masala,1.35,9,2,1.22,300,False,300,0.13000000000000012,4.066666666666666,2.44
Packaged Food,Nestle Lactogen Stage 2 Follow-up Formula Powder,3.4,0,2,3.4,400,False,400,0.0,8.5,6.8
Packaged Food,Kellogg's Crunchy Bites Chocos,1.9,10,6,1.71,375,False,375,0.18999999999999995,4.56,10.26
Packaged Food,Veeba Hot Sweet Tomato Chilli Sauce,1.04,20,3,0.83,500,False,500,0.21000000000000008,1.66,2.4899999999999998
Packaged Food,Borges Durum Wheat Pasta Superior Quality,2.5,40,6,1.49,500,False,500,1.01,2.98,8.94
Packaged Food,Funfoods Peanut Butter Crunchy,1.69,7,1,1.56,400,False,400,0.1299999999999999,3.9000000000000004,1.56
Packaged Food,Pantai Red Curry Paste,0.6,0,4,0.6,50,False,50,0.0,12.0,2.4
Packaged Food,ITC Master Chef Chicken Seekh Kabab,3.25,0,6,3.25,500,False,500,0.0,6.5,19.5
Packaged Food,Del Monte Pizza & Pasta Sauce Spout Pack,0.99,0,3,0.99,400,False,400,0.0,2.4749999999999996,2.9699999999999998
Packaged Food,Pantai Sriracha Red Chilli Sauce,2.25,15,6,1.91,200,False,200,0.3400000000000001,9.549999999999999,11.459999999999999
Packaged Food,Hershey's Cocoa Spread,2.95,0,3,2.95,350,False,350,0.0,8.428571428571429,8.850000000000001
Packaged Food,Maggi Ghee Tadka Upma Express Pouch,0.25,0,6,0.25,65,False,65,0.0,3.8461538461538463,1.5
Packaged Food,Ching's Secret Manchurian Noodles,0.91,0,5,0.91,360,False,360,0.0,2.5277777777777777,4.55
Packaged Food,Kellogg's All Bran Wheat Flakes,2.2,6,5,2.05,425,False,425,0.15000000000000036,4.823529411764706,10.25
Packaged Food,Yummiez Chicken Breakfast Sausages,1.5,0,3,1.5,250,False,250,0.0,6.0,4.5
Packaged Food,Pantai Red Curry Paste,1.5,14,3,1.28,114,False,114,0.21999999999999997,11.228070175438598,3.84
Packaged Food,Bagrrys Muesli Crunchy Fruit & Nut With Cranberries,3.3,10,6,2.97,400,False,400,0.3299999999999996,7.425,17.82
Packaged Food,Quaker Oats Pouch,2.76,10,6,2.48,1500,False,1,0.2799999999999998,1.6533333333333333,14.879999999999999
Packaged Food,Prasuma Momos -  Cheesy Spicy Veg,2.95,0,6,2.95,24,False,24,0.0,122.91666666666667,17.700000000000003
Packaged Food,Veeba Sriracha Chilli Garlic Sauce,1.49,8,5,1.37,320,False,320,0.11999999999999988,4.28125,6.8500000000000005
Packaged Food,Ching's Secret Just Soak - Veg Hakka Noodles,1.15,0,6,1.15,600,False,600,0.0,1.9166666666666665,6.8999999999999995
Packaged Food,Moi Soi Kung Pao Sauce - For Stir Fry Marinade Spread & Dip,2.8,50,5,1.4,175,False,175,1.4,8.0,7.0
Packaged Food,Figaro Plain Green Olive,1.79,0,6,1.79,450,False,450,0.0,3.977777777777778,10.74
Packaged Food,Mother's Recipe Gujrati Gorkeri Pickle,1.4,10,3,1.26,500,False,500,0.1399999999999999,2.52,3.7800000000000002
Packaged Food,Kellogg's Muesli 20% Nuts Delight,3.2,0,6,3.2,500,False,500,0.0,6.4,19.200000000000003
Packaged Food,Borges Farfalle Durum Wheat Pasta,2.5,0,5,2.5,500,False,500,0.0,5.0,12.5
Packaged Food,Kellogg's Chocos,2.99,10,4,2.69,700,False,700,0.30000000000000027,3.8428571428571425,10.76
Packaged Food,Nestle Nan Pro 4 Follow Up Formula Powder For Older Infants,6.2,0,1,6.2,400,False,400,0.0,15.5,6.2
Packaged Food,Veeba Truly Tomato Ketchup,0.99,20,6,0.79,500,False,500,0.19999999999999996,1.58,4.74
Packaged Food,Ching's Secret Green Chilli Sauce,0.85,4,1,0.81,680,False,680,0.039999999999999925,1.1911764705882355,0.81
Packaged Food,MTR Roasted Vermicelli,0.55,0,1,0.55,400,False,400,0.0,1.3750000000000002,0.55
Packaged Food,Mother's Recipe Punjabi Teekha Mang Pickle,1.2,10,4,1.08,400,False,400,0.11999999999999988,2.7,4.32
Packaged Food,Ching's Secret Hot Garlic Instant Noodles,1.14,0,6,1.14,480,False,480,0.0,2.375,6.84
Packaged Food,Kellogg's Real Honey Corn Flakes,2.9,7,5,2.67,630,False,630,0.22999999999999998,4.238095238095238,13.35
Packaged Food,ITC Master Chef Lebanese Falafel Kebab,1.3,4,4,1.24,230,False,230,0.06000000000000005,5.391304347826087,4.96
Packaged Food,Kelloggs Chocos Fills Double Chocolaty,1.85,10,5,1.65,250,False,250,0.20000000000000018,6.6,8.25
Packaged Food,Organic India Apple Cider Vinegar,5.95,9,2,5.36,500,False,500,0.5899999999999999,10.72,10.72
Packaged Food,Masala Oats Masala & Coriander,1.95,9,5,1.76,500,False,500,0.18999999999999995,3.52,8.8
Packaged Food,Ching's Secret  Noodles - Pad Thai Lemongras,2.0,0,5,2.0,130,False,130,0.0,15.384615384615385,10.0
Packaged Food,Bagrrys Fruit and Nut Muesli with Cranberries,4.99,0,5,4.99,750,False,750,0.0,6.653333333333334,24.950000000000003
Packaged Food,Kitchens Of India Yellow Dal Tadka,1.1,30,6,0.77,285,False,285,0.33000000000000007,2.7017543859649122,4.62
Packaged Food,Soulfull Vanilla Fills - Ragi Bites,1.69,5,6,1.6,250,False,250,0.08999999999999986,6.4,9.600000000000001
Packaged Food,Pantai Teriyaki Sauce with Garlic,3.25,15,6,2.76,200,False,200,0.4900000000000002,13.799999999999999,16.56
Packaged Food,Whiskas Adult Pocket Tuna Cat Food,4.1,0,1,4.1,1200,False,1,0.0,3.4166666666666665,4.1
Packaged Food,Kitchens Of India Chicken Darbari,2.0,30,4,1.4,285,False,285,0.6000000000000001,4.912280701754385,5.6
Packaged Food,Soulfull Millet Muesli Fruit & Nut Almonds & Real Fruits,2.99,10,6,2.69,400,False,400,0.30000000000000027,6.725,16.14
Packaged Food,Smith & Jones Red Pasta Sauce Mix,0.4,0,6,0.4,46,False,46,0.0,8.695652173913043,2.4000000000000004
Packaged Food,Kellogg's Muesli Nuts Delight,4.25,9,3,3.83,750,False,750,0.41999999999999993,5.1066666666666665,11.49
Packaged Food,Kitchens of India Dal Bukhara Gravy Mix,1.1,30,6,0.77,285,False,285,0.33000000000000007,2.7017543859649122,4.62
Packaged Food,The Whole Truth Peanut Butter - Sweetened & Crunchy,2.15,20,6,1.72,325,False,325,0.42999999999999994,5.292307692307692,10.32
Packaged Food,Remia Mayonnaise,2.3,0,6,2.3,241,False,241,0.0,9.54356846473029,13.799999999999999
Packaged Food,Ching's Secret Green Chilli Sauce,1.05,0,6,1.05,425,False,425,0.0,2.4705882352941178,6.300000000000001
Packaged Food,Bagrrys Fruit N Fibre Muesli - Strawberry,5.95,0,1,5.95,1000,False,1,0.0,5.95,5.95
Packaged Food,Ching's Secret Tomato Oats Instant Soup,0.15,0,3,0.15,20,False,20,0.0,7.5,0.44999999999999996
Packaged Food,Kellogg's Special K Original Corn Flakes,1.4,5,1,1.33,290,False,290,0.06999999999999984,4.586206896551724,1.33
Packaged Food,Moi Soi  Black Bean Sauce - Dip Spread Stir Fry & Marinade,2.8,50,5,1.4,175,False,175,1.4,8.0,7.0
Packaged Food,Tong Garden Wasabi Green Peas,1.75,4,6,1.67,150,False,150,0.08000000000000007,11.133333333333333,10.02
Packaged Food,Ching's Secret Red Chilli Sauce,1.05,0,4,1.05,440,False,440,0.0,2.3863636363636367,4.2
Packaged Food,Ching's Instant Hot and Sour Soup,0.55,0,5,0.55,55,False,55,0.0,10.0,2.75
Packaged Food,Ching's Secret Noodles - Pad Thai Original,2.0,0,6,2.0,130,False,130,0.0,15.384615384615385,12.0
Packaged Food,Aashirvaad Instant Meals - Khatta Meetha Pohaa With Millets,0.55,30,5,0.38,80,False,80,0.17000000000000004,4.75,1.9
Packaged Food,Del Monte Black Sliced Olives,2.5,0,1,2.5,450,False,450,0.0,5.555555555555555,2.5
Packaged Food,Kitchens Of India Murgh Methi,2.2,30,5,1.54,285,False,285,0.6600000000000001,5.4035087719298245,7.7
Packaged Food,Nestle Cerelac 5 Grains & Fruits Cereal,2.88,0,6,2.88,300,False,300,0.0,9.6,17.28
Packaged Food,The Whole Truth - 5 Grain Muesli No Added Sugar,3.25,20,6,2.6,350,False,350,0.6499999999999999,7.428571428571429,15.600000000000001
Packaged Food,Ching's Secret  Pad Thai Noodles Green Curry,2.0,0,6,2.0,130,False,130,0.0,15.384615384615385,12.0
Packaged Food,Aashirvaad Suji Halwa With Jaggery,0.75,0,6,0.75,70,False,70,0.0,10.714285714285714,4.5
Packaged Food,Mother's Recipe Mango Pickle,1.2,0,1,1.2,400,False,400,0.0,3.0,1.2
Packaged Food,Ching's Secret Pad Thai Noodles - Extra Hot Thai Chilli,2.0,0,6,2.0,130,False,130,0.0,15.384615384615385,12.0
Packaged Food,Kellogg's Special K Original Corn Flakes,3.99,11,6,3.55,900,False,900,0.4400000000000004,3.944444444444444,21.299999999999997
Packaged Food,Knorr Sweet Corn Chicken Soup,0.55,0,2,0.55,42,False,42,0.0,13.095238095238095,1.1
Packaged Food,Ching's Secret Tomato Soup,0.55,0,6,0.55,55,False,55,0.0,10.0,3.3000000000000003
Packaged Food,Funfoods Peanut Butter Creamy,1.69,0,1,1.69,400,False,400,0.0,4.225,1.69
Packaged Food,Japanese Choice Udon Noodles,2.95,9,6,2.66,250,False,250,0.29000000000000004,10.64,15.96
Packaged Food,Kelloggs Muesli - With 22% Fruit Magic,3.2,10,5,2.88,500,False,500,0.3200000000000003,5.76,14.399999999999999
Packaged Food,Dabur Hommade - Kalonji Tamatar Ki Chutney,0.65,6,6,0.61,200,False,200,0.040000000000000036,3.05,3.66
Packaged Food,Kitchens Of India Dal Makhani,1.1,30,1,0.77,285,False,285,0.33000000000000007,2.7017543859649122,0.77
Packaged Food,Aashirvaad Suji Halwa With Jaggery,0.55,30,6,0.38,80,False,80,0.17000000000000004,4.75,2.2800000000000002
Packaged Food,Del Monte Green Chili Sauce,0.55,0,3,0.55,190,False,190,0.0,2.8947368421052633,1.6500000000000001
Packaged Food,Pedigree Dog Food Adult Chicken & Veg,6.6,10,1,5.94,3000,False,3,0.6599999999999993,1.98,5.94
Packaged Food,Kellogg's Original Corn Flakes,1.85,5,6,1.75,475,False,475,0.10000000000000009,3.6842105263157894,10.5
Packaged Food,Pedigree Puppy Dry Dog Food Food Chicken & Milk,6.9,6,2,6.48,3000,False,3,0.41999999999999993,2.16,12.96
Packaged Food,Kitchens Of India Rajma Masala,1.1,30,5,0.77,285,False,285,0.33000000000000007,2.7017543859649122,3.85
Packaged Food,Kitchen Of India Ready-To-Eat Pindi Channa,1.1,30,2,0.77,285,False,285,0.33000000000000007,2.7017543859649122,1.54
Packaged Food,Figaro Pitted Black Olive,1.79,0,6,1.79,450,False,450,0.0,3.977777777777778,10.74
Packaged Food,Cantina Tabasco Red Sauce,1.4,15,6,1.19,60,False,60,0.20999999999999996,19.833333333333332,7.14
Packaged Food,Mother's Recipe Pickle - Mixed,1.49,26,6,1.09,500,False,500,0.3999999999999999,2.18,6.540000000000001
Packaged Food,Nestle Cerelac Baby Cereal with Milk 5 Grains & Vegetables from 18 to 24 Month,2.79,0,5,2.79,300,False,300,0.0,9.3,13.95
Packaged Food,Mother's Recipe Tamarind Paste,0.5,2,2,0.49,200,False,200,0.010000000000000009,2.4499999999999997,0.98
Packaged Food,Pedigree Meat Jerky Adult Dog Treat Barbecued Chicken,1.4,20,6,1.12,80,False,80,0.2799999999999998,14.000000000000002,6.720000000000001
Packaged Food,Veeba Peri Peri Sauce,1.61,0,6,1.61,300,False,300,0.0,5.366666666666667,9.66
Packaged Food,Pantai Sriracha Yellow Chilli Sauce,2.25,15,6,1.91,200,False,200,0.3400000000000001,9.549999999999999,11.459999999999999
Packaged Food,Praakritik Organic Jumbo Rolled Oats,1.9,11,6,1.69,500,False,500,0.20999999999999996,3.38,10.14
Packaged Food,Ching's Secret Just Soak - Whole Wheat Veg Hakka Noodles,1.23,0,6,1.23,600,False,600,0.0,2.0500000000000003,7.38
Packaged Food,Pantai Spring Roll Sauce,2.75,10,6,2.45,200,False,200,0.2999999999999998,12.25,14.700000000000001
Packaged Food,MTR Vermicelli Payasam,0.75,0,6,0.75,180,False,180,0.0,4.166666666666667,4.5
Packaged Food,Bagrrys Corn Flakes,3.5,0,6,3.5,880,False,800,0.0,3.977272727272727,21.0
Packaged Food,MTR Ready To Eat Palak Paneer,1.35,11,6,1.2,300,False,300,0.15000000000000013,4.0,7.199999999999999
Packaged Food,Del Monte Red Chili Sauce,0.55,0,5,0.55,190,False,190,0.0,2.8947368421052633,2.75
Packaged Food,Kitchens of India Mutter Paneer Mix,1.2,30,4,0.84,285,False,285,0.36,2.947368421052632,3.36
Packaged Food,Pantai Green Curry Paste,0.6,6,6,0.56,50,False,50,0.039999999999999925,11.200000000000001,3.3600000000000003
Packaged Food,The Laughing Cow Cheese Spread Plain,1.1,0,6,1.1,180,False,180,0.0,6.111111111111112,6.6000000000000005
Packaged Food,MTR Dal Fry,1.1,0,5,1.1,300,False,300,0.0,3.666666666666667,5.5
Packaged Food,Pantai Fish Sauce,2.75,14,6,2.34,200,False,200,0.41000000000000014,11.7,14.04
Packaged Food,Cantina Beans Mexican Beans,2.5,14,6,2.13,410,False,410,0.3700000000000001,5.1951219512195115,12.78
Packaged Food,Ching's Secret Manchurian Instant Noodle,1.14,0,6,1.14,480,False,480,0.0,2.375,6.84
Packaged Food,Remia Salad Italian Dressing,2.3,0,6,2.3,250,False,250,0.0,9.2,13.799999999999999
Packaged Food,Yummiez Veg Cheese Fingers Pouch,2.3,0,4,2.3,400,False,400,0.0,5.75,9.2
Packaged Food,MTR Dal Makhani,1.1,0,4,1.1,300,False,300,0.0,3.666666666666667,4.4
Packaged Food,MTR Ready to Eat Pav Bhaji,1.1,0,6,1.1,300,False,300,0.0,3.666666666666667,6.6000000000000005
Packaged Food,Weikfield Tomato Salsa Instant Pasta,0.25,0,1,0.25,77,False,77,0.0,3.246753246753247,0.25
Packaged Food,Nestlé CERELAC Baby Cereal with Milk,2.72,0,1,2.72,300,False,300,0.0,9.066666666666666,2.72
Packaged Food,Remia Salad Caesar Dressing,2.5,0,6,2.5,250,False,250,0.0,10.0,15.0
Packaged Food,Bagrrys Fruit N Fibre Muesli Mixed Fruit,3.3,0,6,3.3,500,False,500,0.0,6.6,19.799999999999997
Packaged Food,MTR Paneer Butter Masala & Veg Pulao,1.75,9,4,1.58,375,False,375,0.16999999999999993,4.213333333333334,6.32
Packaged Food,Sundrop Cocoa Nut Hazelnut Chocolatey Spread,1.2,0,6,1.2,160,False,160,0.0,7.5,7.199999999999999
Packaged Food,Moi Soi Manchurian Sauce - For Stir Fry Marinade Spread & Dip,2.8,50,6,1.4,175,False,175,1.4,8.0,8.399999999999999
Packaged Food,Pedigree Dog Food Adult Meat & Rice,6.6,7,2,6.08,3000,False,3,0.5199999999999996,2.026666666666667,12.16
Packaged Food,Pantai Sriracha Green Chilli Sauce,2.25,15,6,1.91,200,False,200,0.3400000000000001,9.549999999999999,11.459999999999999
Packaged Food,Pantai Chilli Garlic Sauce,2.75,14,6,2.34,200,False,200,0.41000000000000014,11.7,14.04
Packaged Food,Pantai Dark Soy Sauce,2.75,14,6,2.34,200,False,200,0.41000000000000014,11.7,14.04
Packaged Food,Yoga Bar Peanut Butter Dark Chocolate Jar,2.49,0,4,2.49,400,False,400,0.0,6.2250000000000005,9.96
Packaged Food,Cantina Tabasco Green Sauce,1.4,15,6,1.19,60,False,60,0.20999999999999996,19.833333333333332,7.14
Packaged Food,Pantai Pad Thai Sauce (Non-Veg),3.25,9,5,2.93,200,False,200,0.31999999999999984,14.650000000000002,14.65
Packaged Food,Pantai Sweet Chilli Sauce,2.75,14,6,2.34,200,False,200,0.41000000000000014,11.7,14.04
Packaged Food,Ching's Secret Schezwan Instant Noodle,1.14,0,6,1.14,480,False,480,0.0,2.375,6.84
Packaged Food,Yummiez Chicken Garlic Fingers Pouch,2.5,0,5,2.5,400,False,400,0.0,6.25,12.5
Packaged Food,Pediasure Premium Chocolate Powdered Health Drink,6.1,0,2,6.1,400,False,400,0.0,15.25,12.2
Packaged Food,Chings Secret Hot Garlic Instant Noodles,0.91,0,6,0.91,60,False,60,0.0,15.166666666666666,5.46
Packaged Food,Godrej Yummiez Cheese Corn Nuggets,2.3,0,4,2.3,400,False,400,0.0,5.75,9.2
Packaged Food,Pantai Hot Chilli Sauce,2.75,14,6,2.34,200,False,200,0.41000000000000014,11.7,14.04
Packaged Food,Knorr International Mexican Tomato Corn Soup,0.65,6,3,0.61,52,False,52,0.040000000000000036,11.73076923076923,1.83
Packaged Food,Bagrry's Fruit Fibre Muesli Mixed Fruit,5.95,0,5,5.95,1000,False,1,0.0,5.95,29.75
Packaged Food,MTR Roasted Vermicelli,1.05,0,4,1.05,850,False,850,0.0,1.2352941176470589,4.2
Packaged Food,Maggi 2-Minute Instant Noodles - Masala,0.44,0,0,0.44,280,True,280,0.0,1.5714285714285714,0.0
Packaged Food,"Kurkure Green Chutney, Rajasthani Style",0.2,0,0,0.2,90,True,90,0.0,2.2222222222222223,0.0
Packaged Food,Kellogg's Chocos Combo Pack,0.6,6,0,0.56,156,True,156,0.039999999999999925,3.5897435897435903,0.0
Packaged Food,Kissan Mixed Fruit Jam,1.55,0,0,1.55,500,True,500,0.0,3.1,0.0
Packaged Food,Lijjat Urad Papad,0.6,5,0,0.57,200,True,200,0.030000000000000027,2.8499999999999996,0.0
Packaged Food,Amul Cheese Spread Yummy Plain,0.85,0,0,0.85,200,True,200,0.0,4.25,0.0
Packaged Food,Mother's Recipe Ginger And Garlic Paste,0.5,24,0,0.38,200,True,200,0.12,1.9,0.0
Packaged Food,Maggi Magic Cubes Chicken,0.4,2,0,0.39,40,True,40,0.010000000000000009,9.75,0.0
Packaged Food,Pedigree Puppy Chicken Chunks in Gravy,0.35,2,0,0.34,70,True,70,0.009999999999999953,4.857142857142858,0.0
Packaged Food,The Whole Truth Peanut Butter - Unsweetened & Crunchy,1.85,20,0,1.48,325,True,325,0.3700000000000001,4.553846153846154,0.0
Packaged Food,Ching's Chow Mein Hakka Noodles Masala,0.1,0,0,0.1,20,True,20,0.0,5.0,0.0
Packaged Food,Safal Frozen Mixed Vegetables,0.6,5,0,0.57,500,True,500,0.030000000000000027,1.14,0.0
Packaged Food,Safal Frozen Corn,0.41,4,0,0.39,200,True,200,0.019999999999999962,1.9500000000000002,0.0
Packaged Food,Amul Cheese Spread Spicy Garlic,0.85,3,0,0.82,200,True,200,0.030000000000000027,4.1,0.0
Packaged Food,Ching's Secret Veg Hakka Noodles,1.07,0,0,1.07,600,True,600,0.0,1.7833333333333334,0.0
Packaged Food,Saffola Oats 100 % Natural,0.15,0,0,0.15,38,True,38,0.0,3.947368421052632,0.0
Packaged Food,Lijjat Moong Papad,0.6,5,0,0.57,200,True,200,0.030000000000000027,2.8499999999999996,0.0
Packaged Food,Mothers Recipe Papad - Sabudana With Rock Salt,0.31,9,0,0.28,70,True,70,0.02999999999999997,4.0,0.0
Packaged Food,Maggi Chilly Chow Cuppa Noodles,0.5,0,0,0.5,70,True,70,0.0,7.142857142857142,0.0
Packaged Food,Veeba Favourites Eggless Burger Mayonnaise,0.69,8,0,0.63,250,True,250,0.05999999999999994,2.52,0.0
Packaged Food,Sunfeast Yippee! Magic Masala Noodles,0.48,6,0,0.45,240,True,240,0.02999999999999997,1.8750000000000002,0.0
Packaged Food,Top Ramen Masala,0.91,9,0,0.82,560,True,560,0.09000000000000008,1.4642857142857142,0.0
Packaged Food,Kelloggs Corn Flakes With Real Strawberry Pure,2.65,10,0,2.36,575,True,575,0.29000000000000004,4.104347826086956,0.0
Packaged Food,Mother's Recipe Potato Papad,0.31,9,0,0.28,70,True,75,0.02999999999999997,4.0,0.0
Packaged Food,Mothers Recipe Rice Papad Ajwain,0.24,0,0,0.24,75,True,75,0.0,3.1999999999999997,0.0
Packaged Food,Chef's Basket Durum Wheat Penne Pasta,1.6,50,0,0.8,500,True,500,0.8,1.6,0.0
Packaged Food,Dabur Hommade - Imli Sauce Saunth,0.2,10,0,0.18,100,True,100,0.020000000000000018,1.8,0.0
Packaged Food,Zorabian Chicken Kheema Parathas,1.9,0,0,1.9,300,True,300,0.0,6.333333333333333,0.0
Packaged Food,Sunfeast Pasta Treat Pack of Tomato Cheese,0.28,17,0,0.23,65,True,65,0.05000000000000002,3.5384615384615383,0.0
Packaged Food,Safal Frozen - Sweet Corn,1.6,5,0,1.52,1000,True,1,0.08000000000000007,1.52,0.0
Packaged Food,MTR Vegetable Upma,0.25,0,0,0.25,60,True,60,0.0,4.166666666666667,0.0
Packaged Food,Del Monte Original Blend Tomato Ketchup Pouch,1.2,7,0,1.11,950,True,950,0.08999999999999986,1.168421052631579,0.0
Packaged Food,Del Monte Natural Vinegar,0.55,3,0,0.53,180,True,180,0.020000000000000018,2.944444444444444,0.0
Packaged Food,Del Monte Eggless Mayo,1.35,6,0,1.26,500,True,500,0.09000000000000008,2.52,0.0
Packaged Food,ITC Master Chef Cheesy Corn Triangles,1.6,5,0,1.52,320,True,320,0.08000000000000007,4.75,0.0
Packaged Food,Mother's Recipe Mixed Pickle,1.15,4,0,1.1,400,True,400,0.04999999999999982,2.7500000000000004,0.0
Packaged Food,Godrej Yummiez Chicken Breakfast Salami,1.5,4,0,1.43,250,True,250,0.07000000000000006,5.72,0.0
Packaged Food,Hershey's Cocoa + Almond Spread,2.95,9,0,2.66,350,True,350,0.29000000000000004,7.6,0.0
Packaged Food,Maggi Special Masala Spicy Yummy Noodles,0.72,0,0,0.72,280,True,280,0.0,2.571428571428571,0.0
Packaged Food,Del Monte Schezwan Sauce,0.55,0,0,0.55,190,True,190,0.0,2.8947368421052633,0.0
Packaged Food,Yummiez Green Peas,1.35,0,0,1.35,500,True,500,0.0,2.7,0.0
Packaged Food,Yummiez Green Peas,2.5,0,0,2.5,1000,True,1,0.0,2.5,0.0
Packaged Food,Yummiez American Sweet Corn,0.85,0,0,0.85,400,True,400,0.0,2.125,0.0
Packaged Food,Dr Oetker Cucumber & Carrot Sandwich Spread Veg,0.79,0,0,0.79,250,True,250,0.0,3.16,0.0
Packaged Food,Del Monte Pitted Green Olives,2.5,0,0,2.5,450,True,450,0.0,5.555555555555555,0.0
Ice Cream & Desserts,Maggi 2 Minute Masala Noodles,0.12,0,6,0.12,70,False,70,0.0,1.7142857142857142,0.72
Ice Cream & Desserts,iD Idli & Dosa Batter,0.8,15,6,0.68,1000,False,1,0.12,0.68,4.08
Ice Cream & Desserts,iD Malabar Parota,0.8,10,4,0.72,400,False,400,0.08000000000000007,1.8,2.88
Ice Cream & Desserts,iD Wheat Lachha Paratha,0.8,12,6,0.7,400,False,400,0.10000000000000009,1.7499999999999998,4.199999999999999
Ice Cream & Desserts,McCain Aloo Tikki,1.1,4,6,1.05,400,False,400,0.050000000000000044,2.625,6.300000000000001
Ice Cream & Desserts,McCain Smiles Cripsy Happy Potatoes,1.2,5,6,1.14,415,False,415,0.06000000000000005,2.746987951807229,6.84
Ice Cream & Desserts,McCain Veggie Burger Patty,1.15,3,6,1.11,360,False,360,0.039999999999999813,3.083333333333334,6.66
Ice Cream & Desserts,McCain Veggie Fingers,1.17,5,6,1.11,400,False,400,0.05999999999999983,2.775,6.66
Ice Cream & Desserts,Amul Delicious Fat Spread - Cholesterol Free,0.18,5,6,0.17,100,False,100,0.009999999999999981,1.7000000000000002,1.02
Ice Cream & Desserts,Whiskas Wet  Meal (Adult - Cat Food)  Chicken in Gravy,0.35,2,2,0.34,85,False,85,0.009999999999999953,4.0,0.68
Ice Cream & Desserts,McCain Chilli Garlic Potato Bites Crunchy Potato Nuggets,1.25,5,1,1.18,420,False,420,0.07000000000000006,2.8095238095238093,1.18
Ice Cream & Desserts,Ching's Secret Instant Hot Garlic Noodles,0.15,0,3,0.15,60,False,60,0.0,2.5,0.44999999999999996
Ice Cream & Desserts,Veeba Eggless Mayonnaise,0.79,11,5,0.7,250,False,250,0.09000000000000008,2.8,3.5
Ice Cream & Desserts,Ching's Secret Instant Schezwan Noodles,0.15,0,6,0.15,60,False,60,0.0,2.5,0.8999999999999999
Ice Cream & Desserts,Veeba Pasta And Pizza Sauce,0.75,13,5,0.65,280,False,280,0.09999999999999998,2.3214285714285716,3.25
Ice Cream & Desserts,Top Ramen  Noodles Curry Veg Pouch,0.2,0,1,0.2,70,False,70,0.0,2.857142857142857,0.2
Ice Cream & Desserts,Saffola Veggie Twist Masala Oats,0.15,0,6,0.15,38,False,38,0.0,3.947368421052632,0.8999999999999999
Ice Cream & Desserts,Unibic Almond & Oats Protein Bar,0.4,17,4,0.33,30,False,30,0.07,11.000000000000002,1.32
Ice Cream & Desserts,Quaker Oats,0.79,0,2,0.79,400,False,400,0.0,1.975,1.58
Ice Cream & Desserts,Amul Delicious Fat Spread - Cholesterol Free,0.88,2,2,0.86,500,False,500,0.020000000000000018,1.72,1.72
Ice Cream & Desserts,McCain French Fries,1.2,5,1,1.14,420,False,420,0.06000000000000005,2.7142857142857144,1.14
Ice Cream & Desserts,Ching's Secret Manchow Instant Soup,0.1,0,1,0.1,15,False,15,0.0,6.666666666666667,0.1
Ice Cream & Desserts,McCain Potato Cheese Shotz,1.3,4,6,1.24,250,False,250,0.06000000000000005,4.96,7.4399999999999995
Ice Cream & Desserts,McCain Masala - Fries,1.2,5,3,1.14,375,False,375,0.06000000000000005,3.0399999999999996,3.42
Ice Cream & Desserts,Ching's Secret Schezwan Fried Rice Masala,0.15,0,6,0.15,20,False,20,0.0,7.5,0.8999999999999999
Ice Cream & Desserts,McCain New Mini Samosa with Cheese Pizza Style Filling,1.2,1,3,1.18,240,False,240,0.020000000000000018,4.916666666666666,3.54
Ice Cream & Desserts,McCain Chilli Cheesy Nuggets,1.3,4,1,1.24,250,False,250,0.06000000000000005,4.96,1.24
Ice Cream & Desserts,"Whiskas Adult (+1 Year) Dry Cat Food, Ocean Fish Flavour",4.3,10,6,3.87,1200,False,1,0.4299999999999997,3.225,23.22
Ice Cream & Desserts,Chings Instant Soup - Hot & Sour,0.1,0,1,0.1,15,False,15,0.0,6.666666666666667,0.1
Ice Cream & Desserts,Amul Spray Infant Milk Food,1.97,2,6,1.93,500,False,500,0.040000000000000036,3.86,11.58
Ice Cream & Desserts,McCain Smiles - Pudina Chatka,1.2,5,3,1.14,375,False,375,0.06000000000000005,3.0399999999999996,3.42
Ice Cream & Desserts,McCain French Fries Crisp & Delicious,1.75,4,3,1.67,750,False,750,0.08000000000000007,2.2266666666666666,5.01
Ice Cream & Desserts,Ferrero Nutella Hazelnut Spread,2.2,5,2,2.07,180,False,180,0.13000000000000034,11.5,4.14
Ice Cream & Desserts,Lijjat Garlic Papad,0.6,5,5,0.57,200,False,200,0.030000000000000027,2.8499999999999996,2.8499999999999996
Ice Cream & Desserts,Switz Samosa Dough Sheets,0.9,4,6,0.86,50,False,50,0.040000000000000036,17.2,5.16
Ice Cream & Desserts,Amul Cheese Spread Creamy,0.85,5,6,0.8,180,False,180,0.04999999999999993,4.444444444444445,4.800000000000001
Ice Cream & Desserts,Maggi Imli Sauce Pichkoo,0.22,0,6,0.22,90,False,90,0.0,2.444444444444444,1.32
Ice Cream & Desserts,Whiskas Kitten (2-12 months) Dry Cat Food Food Ocean Fish,3.85,9,5,3.47,1100,False,1100,0.3799999999999999,3.1545454545454548,17.35
Ice Cream & Desserts,Chings Instant Soup - Sweet Corn Veg,0.1,0,2,0.1,15,False,15,0.0,6.666666666666667,0.2
Ice Cream & Desserts,Whiskas Wet  Meal (Kitten - Cat Food)  Chicken in Gravy,0.35,5,2,0.33,85,False,85,0.019999999999999962,3.882352941176471,0.66
Ice Cream & Desserts,McCain Crazy Fries Masala MixHot 'n' Tangy,1.2,5,6,1.14,400,False,400,0.06000000000000005,2.8499999999999996,6.84
Ice Cream & Desserts,The Whole Truth Double Cocoa Protein Bar No Sugar,1.0,10,6,0.9,52,False,52,0.09999999999999998,17.30769230769231,5.4
Ice Cream & Desserts,Amul Happy Treats French Fries,0.68,4,1,0.65,425,False,425,0.030000000000000027,1.5294117647058825,0.65
Ice Cream & Desserts,Ferrero Nutella Hazeulnut Spread,3.8,6,5,3.57,350,False,350,0.22999999999999998,10.2,17.849999999999998
Ice Cream & Desserts,Veeba Chipolte Southwest Dressing,1.61,7,4,1.49,300,False,300,0.1200000000000001,4.966666666666667,5.96
Ice Cream & Desserts,Ching's Secret Manchow Noodles Instant Soup,0.15,0,6,0.15,20,False,20,0.0,7.5,0.8999999999999999
Ice Cream & Desserts,Yoga Bar Breakfast Protein Bar - Blueberry Pie,0.5,12,1,0.44,50,False,50,0.06,8.8,0.44
Ice Cream & Desserts,Quaker Oats,1.99,7,6,1.84,1000,False,1,0.1499999999999999,1.84,11.040000000000001
Ice Cream & Desserts,The Whole Truth Mini Protein Bar - Coconut Cocoa No Added Sugar,0.55,25,6,0.41,27,False,27,0.14000000000000007,15.185185185185183,2.46
Ice Cream & Desserts,Switz Spring Roll Dough Sheets,0.9,4,6,0.86,1160,False,20,0.040000000000000036,0.7413793103448275,5.16
Ice Cream & Desserts,Unibic Fruit & Nut Real Cranberries & Almonds Protein Bar,0.4,17,6,0.33,30,False,30,0.07,11.000000000000002,1.98
Ice Cream & Desserts,Ching's Secret Tomato Instant Soup,0.1,0,1,0.1,16,False,15,0.0,6.25,0.1
Ice Cream & Desserts,Chef's Basket Durum Wheat Elbow Pasta,1.6,50,6,0.8,500,False,500,0.8,1.6,4.800000000000001
Ice Cream & Desserts,Sunfeast Yippee! Mood Masala Noodles,0.6,28,3,0.43,260,False,260,0.16999999999999998,1.6538461538461537,1.29
Ice Cream & Desserts,MTR Breakfast Khatta Meetha Poha Mix,0.25,20,6,0.2,60,False,60,0.04999999999999999,3.3333333333333335,1.2000000000000002
Ice Cream & Desserts,Kellogg's Crunchy Fruit & Nut Breakfast Cereals Muesli,4.45,9,6,4.01,750,False,750,0.4400000000000004,5.346666666666666,24.06
Ice Cream & Desserts,Ching's Secret Chilli Vinegar,0.5,0,4,0.5,170,False,170,0.0,2.941176470588235,2.0
Ice Cream & Desserts,Ching's Red Chilli Sauce,0.55,0,6,0.55,200,False,200,0.0,2.7500000000000004,3.3000000000000003
Ice Cream & Desserts,Amul Lite Spread,0.4,2,5,0.39,100,False,100,0.010000000000000009,3.9000000000000004,1.9500000000000002
Ice Cream & Desserts,Borges Durum Wheat Fusilli Pasta,2.5,0,3,2.5,500,False,500,0.0,5.0,7.5
Ice Cream & Desserts,The Whole Truth Cranberry Mini Protein Bar No Sugar,0.55,20,6,0.44,27,False,27,0.11000000000000004,16.296296296296294,2.64
Ice Cream & Desserts,The Whole Truth Mini Protein Bar - Coffee Cocoa No Added Sugar,0.55,20,6,0.44,27,False,27,0.11000000000000004,16.296296296296294,2.64
Ice Cream & Desserts,Maggi Hot & Sweet Tomato Chilli Sauce,1.15,0,1,1.15,500,False,500,0.0,2.3,1.15
Ice Cream & Desserts,Sunfeast YiPPee! Noodles - Magic Masala,0.96,5,4,0.91,540,False,540,0.04999999999999993,1.6851851851851851,3.64
Ice Cream & Desserts,Chef's Basket Durum Wheat Fusilli Pasta,1.6,50,6,0.8,500,False,500,0.8,1.6,4.800000000000001
Ice Cream & Desserts,Top Ramen Chicken Noodles,0.6,10,1,0.54,280,False,280,0.05999999999999994,1.9285714285714288,0.54
Ice Cream & Desserts,Veeba Cheese and Chilli Sandwich Spread,0.89,11,6,0.79,275,False,275,0.09999999999999998,2.872727272727273,4.74
Ice Cream & Desserts,Chings Secret Chowmein Hakka Noodles Masala,0.44,0,2,0.44,60,False,60,0.0,7.333333333333333,0.88
Ice Cream & Desserts,Safal Frozen - Mixed Vegetables,1.1,4,2,1.05,1000,False,1,0.050000000000000044,1.05,2.1
Ice Cream & Desserts,MTR 3 Min Poha,0.25,0,6,0.25,60,False,60,0.0,4.166666666666667,1.5
Ice Cream & Desserts,Ching's Manchurian Instant Noodles,0.15,0,5,0.15,60,False,60,0.0,2.5,0.75
Ice Cream & Desserts,The Whole Truth Peanut Cocoa Mini Protein Bar No Sugar,0.55,25,6,0.41,27,False,27,0.14000000000000007,15.185185185185183,2.46
Ice Cream & Desserts,Gits Pav Bhaji Ready to Eat,1.1,22,6,0.85,300,False,300,0.2500000000000001,2.833333333333333,5.1
Ice Cream & Desserts,McCain New Mini Samosa with Cheese Corn Style Filling,1.2,1,2,1.18,240,False,240,0.020000000000000018,4.916666666666666,2.36
Ice Cream & Desserts,Lijjat Udad Mini Papad,0.6,6,6,0.56,200,False,200,0.039999999999999925,2.8000000000000003,3.3600000000000003
Ice Cream & Desserts,McCain Herb & Garlic Crazy Fries Masala Mix,1.2,5,5,1.14,400,False,400,0.06000000000000005,2.8499999999999996,5.699999999999999
Ice Cream & Desserts,Yoga Bar Multigrain Energy Bar Nuts And Seeds,0.4,12,4,0.35,38,False,38,0.050000000000000044,9.210526315789473,1.4
Ice Cream & Desserts,"Ching's Secret Sauce, Green Chilli",0.55,0,5,0.55,190,False,190,0.0,2.8947368421052633,2.75
Ice Cream & Desserts,Veeba Pizza Topping,0.75,6,4,0.7,280,False,280,0.050000000000000044,2.5,2.8
Ice Cream & Desserts,Switz Paratha Puff,1.1,4,6,1.05,400,False,400,0.050000000000000044,2.625,6.300000000000001
Ice Cream & Desserts,"New Kellogg's Muesli with 21% Fruit, Nut & Seeds",3.25,6,6,3.05,500,False,500,0.20000000000000018,6.1,18.299999999999997
Ice Cream & Desserts,The Whole Truth Double Cocoa Mini Protein Bar No Sugar,0.55,20,5,0.44,27,False,27,0.11000000000000004,16.296296296296294,2.2
Ice Cream & Desserts,Sunfeast Yippee Tricolor Pasta Seasoning,0.28,17,1,0.23,65,False,65,0.05000000000000002,3.5384615384615383,0.23
Ice Cream & Desserts,Wingreens Cheesy Chipotle Sauce,0.99,49,1,0.5,130,False,130,0.49,3.8461538461538463,0.5
Ice Cream & Desserts,Maggi Rich Tomato Ketchup,1.05,4,2,1.0,500,False,500,0.050000000000000044,2.0,2.0
Ice Cream & Desserts,The Whole Truth Dark Chocolate Peanut Butter - Creamy,2.35,25,6,1.74,325,False,325,0.6100000000000001,5.3538461538461535,10.44
Ice Cream & Desserts,Godrej Yummiez Chicken Nuggets,3.25,9,1,2.93,500,False,500,0.31999999999999984,5.86,2.93
Ice Cream & Desserts,Go Cheese  Spread Plain,0.99,5,6,0.94,200,False,200,0.050000000000000044,4.699999999999999,5.64
Ice Cream & Desserts,Kellogg's Real Almond & Honey Corn Flakes,1.75,9,6,1.58,300,False,300,0.16999999999999993,5.266666666666667,9.48
Ice Cream & Desserts,The Whole Truth Vegan Almond Choco Fudge Energy Bar No Sugar,0.6,20,6,0.48,40,False,40,0.12,12.0,2.88
Ice Cream & Desserts,Prasuma Vegetable Momos,2.7,0,5,2.7,24,False,24,0.0,112.5,13.5
Ice Cream & Desserts,MTR Upma,0.5,10,6,0.45,160,False,160,0.04999999999999999,2.8125,2.7
Ice Cream & Desserts,Ching's Schezwan Masala Instant Noodles,0.6,0,1,0.6,240,False,240,0.0,2.5,0.6
Ice Cream & Desserts,The Whole Truth Cranberry Protein Bar No Sugar,1.0,26,6,0.74,52,False,52,0.26,14.230769230769232,4.4399999999999995
Ice Cream & Desserts,Saffola Yummy Masala Noodles,0.2,0,2,0.2,46,False,46,0.0,4.3478260869565215,0.4
Ice Cream & Desserts,Veeba English Mustard,0.74,6,2,0.69,300,False,300,0.050000000000000044,2.3,1.38
Ice Cream & Desserts,Dabur Hommade Tamarind Paste,0.48,6,6,0.45,200,False,200,0.02999999999999997,2.2500000000000004,2.7
Ice Cream & Desserts,Yoga Bar Breakfast Muesli - Almond Caramel (No Added Sugar),3.25,4,6,3.09,400,False,400,0.16000000000000014,7.725,18.54
Ice Cream & Desserts,The Whole Truth Mini Protein Bar - Peanut Butter No Added Sugar,0.55,25,6,0.41,27,False,27,0.14000000000000007,15.185185185185183,2.46
Ice Cream & Desserts,ITC Master Chef Crispy Chicken Fries,1.7,4,3,1.62,280,False,280,0.07999999999999985,5.7857142857142865,4.86
Ice Cream & Desserts,Kelloggs Corn Flakes,0.99,13,6,0.86,250,False,250,0.13,3.44,5.16
Ice Cream & Desserts,Nissin Cup Noodles Tangy Tomato,0.5,10,2,0.45,70,False,70,0.04999999999999999,6.428571428571429,0.9
Ice Cream & Desserts,Smith & Jones White Pasta Sauce Mix,0.4,0,3,0.4,46,False,46,0.0,8.695652173913043,1.2000000000000002
Ice Cream & Desserts,Sunfeast Yippee! Pasta Treat - Sour Cream Onion,0.28,10,1,0.25,65,False,65,0.030000000000000027,3.8461538461538463,0.25
Ice Cream & Desserts,Mothers Recipe Tamrind Date Chutney,0.55,9,2,0.5,200,False,200,0.050000000000000044,2.5,1.0
Ice Cream & Desserts,Veeba Mint Mayonnaise,1.69,8,4,1.55,300,False,300,0.1399999999999999,5.166666666666667,6.2
Ice Cream & Desserts,Mccain Emotibites - Crispy Happy Potato Snack,1.3,0,6,1.29,415,False,415,0.010000000000000009,3.108433734939759,7.74
Ice Cream & Desserts,The Whole Truth Energy Bar Choco Cranberry Fudge,0.6,26,6,0.44,40,False,40,0.15999999999999998,11.0,2.64
Ice Cream & Desserts,Godrej Yummiez Chicken Lucknowi Seekh Kebab,2.6,10,4,2.34,400,False,400,0.26000000000000023,5.85,9.36
Ice Cream & Desserts,Prasuma Vegetable Momos,1.5,0,5,1.5,580,False,10,0.0,2.586206896551724,7.5
Ice Cream & Desserts,Mother's Recipe Mixed Pickle,0.85,9,2,0.77,300,False,300,0.07999999999999996,2.566666666666667,1.54
Ice Cream & Desserts,Sunfeast Yippee! Pasta Treat - Sour Cream Onion,0.28,17,3,0.23,65,False,65,0.05000000000000002,3.5384615384615383,0.6900000000000001
Ice Cream & Desserts,The Whole Truth Peanut Cocoa Protein Bar No Sugar,1.0,26,6,0.74,52,False,52,0.26,14.230769230769232,4.4399999999999995
Ice Cream & Desserts,Yoga Bar Breakfast Muesli - Chocolate & Cranberry,3.25,4,6,3.09,400,False,400,0.16000000000000014,7.725,18.54
Ice Cream & Desserts,Sunfeast YiPPee! Magic Masala Noodles,0.7,10,3,0.63,405,False,405,0.06999999999999995,1.5555555555555554,1.8900000000000001
Ice Cream & Desserts,Veeba Sweet Onion Sauce,1.41,14,4,1.21,350,False,350,0.19999999999999996,3.457142857142857,4.84
Ice Cream & Desserts,Quaker Oats Breakfast Cereals - With Flavour Mix Nutritious Rich Source Of Energy,0.49,8,6,0.45,200,False,200,0.03999999999999998,2.2500000000000004,2.7
Ice Cream & Desserts,Mother's Recipe Tamarind Paste,0.5,2,6,0.49,200,False,200,0.010000000000000009,2.4499999999999997,2.94
Ice Cream & Desserts,Yogabar No Added Sugar Protein Bar Brownie,1.25,15,4,1.06,60,False,60,0.18999999999999995,17.666666666666668,4.24
Ice Cream & Desserts,Bambino Popular Vermicelli,0.4,2,3,0.39,400,False,400,0.010000000000000009,0.9750000000000001,1.17
Ice Cream & Desserts,Ching's Secret Mix Veg Instant Soup,0.1,0,3,0.1,15,False,15,0.0,6.666666666666667,0.30000000000000004
Ice Cream & Desserts,Mother's Recipe Pickle - Red Stuffed Chilli,1.45,11,3,1.29,400,False,400,0.15999999999999992,3.225,3.87
Ice Cream & Desserts,Kellogg's No Added Sugar Muesli,3.35,11,6,2.98,500,False,500,0.3700000000000001,5.96,17.88
Ice Cream & Desserts,Veeba Salsa Dip,1.19,6,6,1.11,360,False,360,0.07999999999999985,3.083333333333334,6.66
Ice Cream & Desserts,Veeba Thousand Island Dressing,1.49,8,6,1.37,300,False,300,0.11999999999999988,4.566666666666666,8.22
Ice Cream & Desserts,Baggry's Crunchy Muesli Almond Raisins & Honey,1.3,0,5,1.3,200,False,200,0.0,6.500000000000001,6.5
Ice Cream & Desserts,Knorr Chinese Hot And Sour Veg Soup,0.55,3,1,0.53,43,False,43,0.020000000000000018,12.325581395348838,0.53
Ice Cream & Desserts,Go Cheese Spread - Garlic,0.99,5,6,0.94,200,False,200,0.050000000000000044,4.699999999999999,5.64
Ice Cream & Desserts,The Whole Truth Peanut Butter With Dates - Creamy No Sugar,2.15,9,6,1.94,325,False,325,0.20999999999999996,5.969230769230769,11.64
Ice Cream & Desserts,Zorabian Chicken Smoked Ham,2.05,5,1,1.94,250,False,250,0.10999999999999988,7.76,1.94
Ice Cream & Desserts,Kissan Pineapple Jam,1.65,9,1,1.49,500,False,500,0.15999999999999992,2.98,1.49
Ice Cream & Desserts,Smith & Jones Masala Noodles,0.89,0,5,0.89,480,False,480,0.0,1.8541666666666667,4.45
Ice Cream & Desserts,Nestle Nestle Nan Pro Follow-Up Formula,6.5,0,6,6.5,400,False,400,0.0,16.25,39.0
Ice Cream & Desserts,Sunfeast Yippee! Power Up Atta Noodles,0.96,15,6,0.81,280,False,280,0.1499999999999999,2.8928571428571432,4.86
Ice Cream & Desserts,McCain Super Wedges,1.2,7,6,1.11,400,False,400,0.08999999999999986,2.775,6.66
Ice Cream & Desserts,"Kellogg's Crunchy Granola Honey, Almonds, Strawberries & Pumpkin Seeds",3.3,10,1,2.94,450,False,450,0.3599999999999999,6.533333333333333,2.94
Ice Cream & Desserts,Kellogg's Chocos,1.3,10,6,1.17,250,False,250,0.13000000000000012,4.68,7.02
Ice Cream & Desserts,Ching's Secret Just Soak - Whole Wheat Veg Hakka Noodle,0.32,0,3,0.32,150,False,150,0.0,2.1333333333333333,0.96
Ice Cream & Desserts,The Whole Truth Vegan Fig Apricot & Orange Energy Bar No Sugar,0.6,20,6,0.48,40,False,40,0.12,12.0,2.88
Ice Cream & Desserts,Saffola Veggie Twist Masala Oats,1.95,12,2,1.71,500,False,500,0.24,3.42,3.42
Ice Cream & Desserts,ITC Master Chef Classic Aloo Tikki,0.8,10,3,0.72,320,False,320,0.08000000000000007,2.25,2.16
Ice Cream & Desserts,Smith & Jones Pink Pasta Sauce Mix,0.4,0,4,0.4,46,False,46,0.0,8.695652173913043,1.6
Ice Cream & Desserts,Wingreens Farms Chipotle Dip,2.0,25,1,1.5,180,False,180,0.5,8.333333333333334,1.5
Ice Cream & Desserts,Kellogg's Real Almond & Honey Corn Flakes,5.5,5,3,5.2,1000,False,1,0.2999999999999998,5.2,15.600000000000001
Ice Cream & Desserts,Kellogg's Crunchy Granola Chocolate & Almonds,3.3,10,3,2.94,450,False,450,0.3599999999999999,6.533333333333333,8.82
Ice Cream & Desserts,Cornitos Cornitos Taco Shells - 6 Inches,1.6,20,4,1.28,180,False,180,0.32000000000000006,7.111111111111112,5.12
Ice Cream & Desserts,Ching's Secret Singapore Curry Instant Noodles,0.15,0,3,0.15,60,False,60,0.0,2.5,0.44999999999999996
Ice Cream & Desserts,Mother's Recipe Pickle - Mango,1.25,9,6,1.13,400,False,500,0.1200000000000001,2.8249999999999997,6.779999999999999
Ice Cream & Desserts,Godrej Yummiez Chilli Chicken Sausages,1.6,10,3,1.44,250,False,250,0.16000000000000014,5.76,4.32
Ice Cream & Desserts,Pedigree Dentastix  Dog Treat Oral Care for Adult Medium Breed,1.75,20,6,1.4,180,False,180,0.3500000000000001,7.777777777777778,8.399999999999999
Ice Cream & Desserts,Maggi Hot & Sweet - Tomato Chilli Sauce,1.7,10,1,1.53,1000,False,1,0.16999999999999993,1.53,1.53
Ice Cream & Desserts,Ching's Secret Asian Hot Instant Soup,0.15,0,3,0.15,15,False,15,0.0,10.0,0.44999999999999996
Ice Cream & Desserts,Kelloggs Chocos Protein And Fibre Of 1 Roti,4.99,11,6,4.44,1200,False,1,0.5499999999999998,3.7,26.64
Ice Cream & Desserts,Mother's Recipe Pickle - Mango,1.49,26,4,1.09,500,False,500,0.3999999999999999,2.18,4.36
Ice Cream & Desserts,Chings Secret Manchurian Instant Noodle,0.6,0,6,0.6,240,False,240,0.0,2.5,3.5999999999999996
Ice Cream & Desserts,Kellogg's Original Corn Flakes,3.1,6,6,2.9,875,False,875,0.20000000000000018,3.314285714285714,17.4
Ice Cream & Desserts,Ching's Singapore Curry Instant Noodles,0.6,0,4,0.6,240,False,240,0.0,2.5,2.4
Ice Cream & Desserts,Kellogg's Almonds And Cranberries Granola,3.3,6,6,3.1,460,False,460,0.19999999999999973,6.739130434782608,18.6
Ice Cream & Desserts,Nestle Ceregrow Multigrain Cereal with Milk and Fruits - 3 to 6 years,2.92,0,6,2.92,300,False,300,0.0,9.733333333333334,17.52
Ice Cream & Desserts,MTR 3 Minute Breakfast - Magic Masala Upma,0.25,0,6,0.25,60,False,60,0.0,4.166666666666667,1.5
Ice Cream & Desserts,Smith & Jones Masala Noodles,0.68,10,5,0.61,360,False,360,0.07000000000000006,1.6944444444444444,3.05
Ice Cream & Desserts,"Knorr Classic Tomato Soup With 100% Real Vegetabls, No Added Preservatives",0.55,0,6,0.55,53,False,53,0.0,10.377358490566039,3.3000000000000003
Ice Cream & Desserts,Godrej Yummiez Chicken Punjabi Tikka,2.95,9,6,2.66,360,False,360,0.29000000000000004,7.388888888888889,15.96
Ice Cream & Desserts,Kellogg's Corn Flakes,4.25,9,1,3.83,1000,False,1,0.41999999999999993,3.83,3.83
Ice Cream & Desserts,Kelloggs Chocos,1.7,5,4,1.6,385,False,385,0.09999999999999987,4.1558441558441555,6.4
Ice Cream & Desserts,Pedigree Puppy Dry Dog Food Food Chicken & Milk,2.9,20,6,2.32,1200,False,1200,0.5800000000000001,1.9333333333333331,13.919999999999998
Ice Cream & Desserts,Ching's Secret Lemon Coriander Instant Soup,0.15,0,5,0.15,15,False,15,0.0,10.0,0.75
Ice Cream & Desserts,Nestle Cerelac Baby Cereal With Milk Wheat-Rice Mixed Fruit,2.61,0,6,2.61,300,False,300,0.0,8.7,15.66
Ice Cream & Desserts,Kelloggs Chocos - Moons & Stars,6.6,40,4,3.96,1200,False,1,2.6399999999999997,3.3,15.84
Ice Cream & Desserts,ITC Master Chef Chicken Galouti Kebab,1.7,4,2,1.62,210,False,210,0.07999999999999985,7.714285714285715,3.24
Ice Cream & Desserts,Yogabar 100% Pure Peanut Butter Creamy & Yummy Unsweetened,2.29,10,6,2.06,400,False,400,0.22999999999999998,5.15,12.36
Ice Cream & Desserts,Kitchens Of India Palak Paneer,1.3,30,6,0.91,285,False,285,0.39,3.1929824561403506,5.46
Ice Cream & Desserts,Kelloggs Chocos Fills Double Chocolat,0.99,11,6,0.88,175,False,175,0.10999999999999999,5.0285714285714285,5.28
Ice Cream & Desserts,Soulfull Ragi Bites Choco Fills,1.69,5,4,1.6,250,False,250,0.08999999999999986,6.4,6.4
Ice Cream & Desserts,Figaro Sliced Black Olive,1.79,0,6,1.79,450,False,450,0.0,3.977777777777778,10.74
Ice Cream & Desserts,Veeba Barbeque Sauce,1.49,8,6,1.37,330,False,330,0.11999999999999988,4.151515151515151,8.22
Ice Cream & Desserts,The Whole Truth Vegan Mocha Almond Fudge Energy Bar No Sugar,0.6,20,6,0.48,40,False,40,0.12,12.0,2.88
Ice Cream & Desserts,"The Whole Truth - Nuts, Fruits & Seeds Muesli",3.25,20,6,2.6,350,False,350,0.6499999999999999,7.428571428571429,15.600000000000001
Ice Cream & Desserts,Pantai Green Curry Paste,1.5,14,5,1.28,114,False,114,0.21999999999999997,11.228070175438598,6.4
Ice Cream & Desserts,Kelloggs Special K,2.1,8,5,1.92,435,False,435,0.18000000000000016,4.413793103448276,9.6
Ice Cream & Desserts,Moi Soi Sichuan Chilli Oil- For Stir Fry Marinade Spread & Dip,2.8,50,5,1.4,175,False,175,1.4,8.0,7.0
Ice Cream & Desserts,Mother's Recipe Madras Appalam,0.5,10,6,0.45,100,False,100,0.04999999999999999,4.500000000000001,2.7
Ice Cream & Desserts,Top Ramen Masala Oat Masala,0.8,10,6,0.72,280,False,280,0.08000000000000007,2.571428571428571,4.32
Ice Cream & Desserts,Saffola Everyday Peppy Tomato Masala Oats,1.95,12,6,1.71,500,False,500,0.24,3.42,10.26
Ice Cream & Desserts,"Ching's Secret Instant Noodles, Hot Garlic",0.6,0,4,0.6,240,False,240,0.0,2.5,2.4
Ice Cream & Desserts,Kitchens Of India Chicken Chettinad,2.0,30,1,1.4,285,False,285,0.6000000000000001,4.912280701754385,1.4
Ice Cream & Desserts,Nestle Cerelac Wheat - Stage 1,1.9,0,6,1.9,300,False,300,0.0,6.333333333333333,11.399999999999999
Ice Cream & Desserts,Sumeru Aloo Paratha,1.19,5,6,1.13,400,False,400,0.06000000000000005,2.8249999999999997,6.779999999999999
Ice Cream & Desserts,ITC Master Chef Veggie Pizza Pocket,1.7,4,4,1.62,340,False,340,0.07999999999999985,4.764705882352942,6.48
Ice Cream & Desserts,Wingreens Farms Tangy Cheese Pita Chips & Mexican Salsa Dip,0.6,15,1,0.51,70,False,70,0.08999999999999997,7.285714285714286,0.51
Ice Cream & Desserts,Ching's Secret Manchow Soup,0.55,0,3,0.55,55,False,55,0.0,10.0,1.6500000000000001
Ice Cream & Desserts,Veeba Carrot & Cucumber Sandwich Spread,0.85,10,6,0.76,250,False,250,0.08999999999999997,3.04,4.5600000000000005
Ice Cream & Desserts,Kellogg's Real Almond & Honey Corn Flakes,3.7,12,3,3.24,650,False,650,0.45999999999999996,4.984615384615385,9.72
Ice Cream & Desserts,Kitchens Of India Mughlai Paneer,1.6,30,4,1.12,285,False,285,0.48,3.929824561403509,4.48
Ice Cream & Desserts,Ching's Secret Just Soak - Veg Hakka Noodles,0.3,0,5,0.3,150,False,150,0.0,2.0,1.5
Ice Cream & Desserts,Ching's Secret Chowmein Hakka Noodles Masala,0.6,10,2,0.54,100,False,100,0.05999999999999994,5.4,1.08
Ice Cream & Desserts,The Whole Truth Dark Chocolate Peanut Butter - Crunchy,2.35,20,5,1.88,325,False,325,0.4700000000000002,5.7846153846153845,9.399999999999999
Ice Cream & Desserts,Mother's Recipe Bhel Puri Chutney,0.55,9,4,0.5,200,False,200,0.050000000000000044,2.5,2.0
Ice Cream & Desserts,Kelloggs Chocos Moon & Stars,3.3,10,6,2.94,680,False,680,0.3599999999999999,4.3235294117647065,17.64
Ice Cream & Desserts,Mother's Recipe Lime Pickle,1.2,5,1,1.14,400,False,400,0.06000000000000005,2.8499999999999996,1.14
Ice Cream & Desserts,Kitchens of India Dal Makhani,1.1,30,2,0.77,285,False,285,0.33000000000000007,2.7017543859649122,1.54
Ice Cream & Desserts,Pantai Light Soy Sauce,2.75,14,5,2.34,200,False,200,0.41000000000000014,11.7,11.7
Ice Cream & Desserts,Ching's Secret Sweet Corn Soup,0.55,0,6,0.55,55,False,55,0.0,10.0,3.3000000000000003
Ice Cream & Desserts,"Top Ramen Noodles, Atta",0.8,0,1,0.8,280,False,280,0.0,2.857142857142857,0.8
Ice Cream & Desserts,Cantina Tortilla Dip Sauce Sour Creamy Tex Mex,2.25,15,5,1.91,190,False,190,0.3400000000000001,10.052631578947368,9.549999999999999
Ice Cream & Desserts,Dabur Hommade - Rajasthan Ki Garlic Chutne,0.65,6,6,0.61,200,False,200,0.040000000000000036,3.05,3.66
Ice Cream & Desserts,MTR Seviyan Vermicelli,0.42,0,2,0.42,400,False,400,0.0,1.05,0.84
Ice Cream & Desserts,Pantai Oyster Sauce,2.75,14,4,2.34,200,False,200,0.41000000000000014,11.7,9.36
Ice Cream & Desserts,Go Cheese Spread - Four Pepper (Soft & Creamy),0.99,5,6,0.94,200,False,200,0.050000000000000044,4.699999999999999,5.64
Ice Cream & Desserts,MTR Ready To Eat Paneer Butter Masala,1.35,9,2,1.22,300,False,300,0.13000000000000012,4.066666666666666,2.44
Ice Cream & Desserts,Nestle Lactogen Stage 2 Follow-up Formula Powder,3.4,0,2,3.4,400,False,400,0.0,8.5,6.8
Ice Cream & Desserts,Kellogg's Crunchy Bites Chocos,1.9,10,6,1.71,375,False,375,0.18999999999999995,4.56,10.26
Ice Cream & Desserts,Veeba Hot Sweet Tomato Chilli Sauce,1.04,20,3,0.83,500,False,500,0.21000000000000008,1.66,2.4899999999999998
Ice Cream & Desserts,Borges Durum Wheat Pasta Superior Quality,2.5,40,6,1.49,500,False,500,1.01,2.98,8.94
Ice Cream & Desserts,Funfoods Peanut Butter Crunchy,1.69,7,1,1.56,400,False,400,0.1299999999999999,3.9000000000000004,1.56
Ice Cream & Desserts,Pantai Red Curry Paste,0.6,0,4,0.6,50,False,50,0.0,12.0,2.4
Ice Cream & Desserts,ITC Master Chef Chicken Seekh Kabab,3.25,0,6,3.25,500,False,500,0.0,6.5,19.5
Ice Cream & Desserts,Del Monte Pizza & Pasta Sauce Spout Pack,0.99,0,3,0.99,400,False,400,0.0,2.4749999999999996,2.9699999999999998
Ice Cream & Desserts,Pantai Sriracha Red Chilli Sauce,2.25,15,6,1.91,200,False,200,0.3400000000000001,9.549999999999999,11.459999999999999
Ice Cream & Desserts,Hershey's Cocoa Spread,2.95,0,3,2.95,350,False,350,0.0,8.428571428571429,8.850000000000001
Ice Cream & Desserts,Maggi Ghee Tadka Upma Express Pouch,0.25,0,6,0.25,65,False,65,0.0,3.8461538461538463,1.5
Ice Cream & Desserts,Ching's Secret Manchurian Noodles,0.91,0,5,0.91,360,False,360,0.0,2.5277777777777777,4.55
Ice Cream & Desserts,Kellogg's All Bran Wheat Flakes,2.2,6,5,2.05,425,False,425,0.15000000000000036,4.823529411764706,10.25
Ice Cream & Desserts,Yummiez Chicken Breakfast Sausages,1.5,0,3,1.5,250,False,250,0.0,6.0,4.5
Ice Cream & Desserts,Pantai Red Curry Paste,1.5,14,3,1.28,114,False,114,0.21999999999999997,11.228070175438598,3.84
Ice Cream & Desserts,Bagrrys Muesli Crunchy Fruit & Nut With Cranberries,3.3,10,6,2.97,400,False,400,0.3299999999999996,7.425,17.82
Ice Cream & Desserts,Quaker Oats Pouch,2.76,10,6,2.48,1500,False,1,0.2799999999999998,1.6533333333333333,14.879999999999999
Ice Cream & Desserts,Prasuma Momos -  Cheesy Spicy Veg,2.95,0,6,2.95,24,False,24,0.0,122.91666666666667,17.700000000000003
Ice Cream & Desserts,Veeba Sriracha Chilli Garlic Sauce,1.49,8,5,1.37,320,False,320,0.11999999999999988,4.28125,6.8500000000000005
Ice Cream & Desserts,Ching's Secret Just Soak - Veg Hakka Noodles,1.15,0,6,1.15,600,False,600,0.0,1.9166666666666665,6.8999999999999995
Ice Cream & Desserts,Moi Soi Kung Pao Sauce - For Stir Fry Marinade Spread & Dip,2.8,50,5,1.4,175,False,175,1.4,8.0,7.0
Ice Cream & Desserts,Figaro Plain Green Olive,1.79,0,6,1.79,450,False,450,0.0,3.977777777777778,10.74
Ice Cream & Desserts,Mother's Recipe Gujrati Gorkeri Pickle,1.4,10,3,1.26,500,False,500,0.1399999999999999,2.52,3.7800000000000002
Ice Cream & Desserts,Kellogg's Muesli 20% Nuts Delight,3.2,0,6,3.2,500,False,500,0.0,6.4,19.200000000000003
Ice Cream & Desserts,Borges Farfalle Durum Wheat Pasta,2.5,0,5,2.5,500,False,500,0.0,5.0,12.5
Ice Cream & Desserts,Kellogg's Chocos,2.99,10,4,2.69,700,False,700,0.30000000000000027,3.8428571428571425,10.76
Ice Cream & Desserts,Nestle Nan Pro 4 Follow Up Formula Powder For Older Infants,6.2,0,1,6.2,400,False,400,0.0,15.5,6.2
Ice Cream & Desserts,Veeba Truly Tomato Ketchup,0.99,20,6,0.79,500,False,500,0.19999999999999996,1.58,4.74
Ice Cream & Desserts,Ching's Secret Green Chilli Sauce,0.85,4,1,0.81,680,False,680,0.039999999999999925,1.1911764705882355,0.81
Ice Cream & Desserts,MTR Roasted Vermicelli,0.55,0,1,0.55,400,False,400,0.0,1.3750000000000002,0.55
Ice Cream & Desserts,Mother's Recipe Punjabi Teekha Mang Pickle,1.2,10,4,1.08,400,False,400,0.11999999999999988,2.7,4.32
Ice Cream & Desserts,Ching's Secret Hot Garlic Instant Noodles,1.14,0,6,1.14,480,False,480,0.0,2.375,6.84
Ice Cream & Desserts,Kellogg's Real Honey Corn Flakes,2.9,7,5,2.67,630,False,630,0.22999999999999998,4.238095238095238,13.35
Ice Cream & Desserts,ITC Master Chef Lebanese Falafel Kebab,1.3,4,4,1.24,230,False,230,0.06000000000000005,5.391304347826087,4.96
Ice Cream & Desserts,Kelloggs Chocos Fills Double Chocolaty,1.85,10,5,1.65,250,False,250,0.20000000000000018,6.6,8.25
Ice Cream & Desserts,Organic India Apple Cider Vinegar,5.95,9,2,5.36,500,False,500,0.5899999999999999,10.72,10.72
Ice Cream & Desserts,Masala Oats Masala & Coriander,1.95,9,5,1.76,500,False,500,0.18999999999999995,3.52,8.8
Ice Cream & Desserts,Ching's Secret  Noodles - Pad Thai Lemongras,2.0,0,5,2.0,130,False,130,0.0,15.384615384615385,10.0
Ice Cream & Desserts,Bagrrys Fruit and Nut Muesli with Cranberries,4.99,0,5,4.99,750,False,750,0.0,6.653333333333334,24.950000000000003
Ice Cream & Desserts,Kitchens Of India Yellow Dal Tadka,1.1,30,6,0.77,285,False,285,0.33000000000000007,2.7017543859649122,4.62
Ice Cream & Desserts,Soulfull Vanilla Fills - Ragi Bites,1.69,5,6,1.6,250,False,250,0.08999999999999986,6.4,9.600000000000001
Ice Cream & Desserts,Pantai Teriyaki Sauce with Garlic,3.25,15,6,2.76,200,False,200,0.4900000000000002,13.799999999999999,16.56
Ice Cream & Desserts,Whiskas Adult Pocket Tuna Cat Food,4.1,0,1,4.1,1200,False,1,0.0,3.4166666666666665,4.1
Ice Cream & Desserts,Kitchens Of India Chicken Darbari,2.0,30,4,1.4,285,False,285,0.6000000000000001,4.912280701754385,5.6
Ice Cream & Desserts,Soulfull Millet Muesli Fruit & Nut Almonds & Real Fruits,2.99,10,6,2.69,400,False,400,0.30000000000000027,6.725,16.14
Ice Cream & Desserts,Smith & Jones Red Pasta Sauce Mix,0.4,0,6,0.4,46,False,46,0.0,8.695652173913043,2.4000000000000004
Ice Cream & Desserts,Kellogg's Muesli Nuts Delight,4.25,9,3,3.83,750,False,750,0.41999999999999993,5.1066666666666665,11.49
Ice Cream & Desserts,Kitchens of India Dal Bukhara Gravy Mix,1.1,30,6,0.77,285,False,285,0.33000000000000007,2.7017543859649122,4.62
Ice Cream & Desserts,The Whole Truth Peanut Butter - Sweetened & Crunchy,2.15,20,6,1.72,325,False,325,0.42999999999999994,5.292307692307692,10.32
Ice Cream & Desserts,Remia Mayonnaise,2.3,0,6,2.3,241,False,241,0.0,9.54356846473029,13.799999999999999
Ice Cream & Desserts,Ching's Secret Green Chilli Sauce,1.05,0,6,1.05,425,False,425,0.0,2.4705882352941178,6.300000000000001
Ice Cream & Desserts,Bagrrys Fruit N Fibre Muesli - Strawberry,5.95,0,1,5.95,1000,False,1,0.0,5.95,5.95
Ice Cream & Desserts,Ching's Secret Tomato Oats Instant Soup,0.15,0,3,0.15,20,False,20,0.0,7.5,0.44999999999999996
Ice Cream & Desserts,Kellogg's Special K Original Corn Flakes,1.4,5,1,1.33,290,False,290,0.06999999999999984,4.586206896551724,1.33
Ice Cream & Desserts,Moi Soi  Black Bean Sauce - Dip Spread Stir Fry & Marinade,2.8,50,5,1.4,175,False,175,1.4,8.0,7.0
Ice Cream & Desserts,Tong Garden Wasabi Green Peas,1.75,4,6,1.67,150,False,150,0.08000000000000007,11.133333333333333,10.02
Ice Cream & Desserts,Ching's Secret Red Chilli Sauce,1.05,0,4,1.05,440,False,440,0.0,2.3863636363636367,4.2
Ice Cream & Desserts,Ching's Instant Hot and Sour Soup,0.55,0,5,0.55,55,False,55,0.0,10.0,2.75
Ice Cream & Desserts,Ching's Secret Noodles - Pad Thai Original,2.0,0,6,2.0,130,False,130,0.0,15.384615384615385,12.0
Ice Cream & Desserts,Aashirvaad Instant Meals - Khatta Meetha Pohaa With Millets,0.55,30,5,0.38,80,False,80,0.17000000000000004,4.75,1.9
Ice Cream & Desserts,Del Monte Black Sliced Olives,2.5,0,1,2.5,450,False,450,0.0,5.555555555555555,2.5
Ice Cream & Desserts,Kitchens Of India Murgh Methi,2.2,30,5,1.54,285,False,285,0.6600000000000001,5.4035087719298245,7.7
Ice Cream & Desserts,Nestle Cerelac 5 Grains & Fruits Cereal,2.88,0,6,2.88,300,False,300,0.0,9.6,17.28
Ice Cream & Desserts,The Whole Truth - 5 Grain Muesli No Added Sugar,3.25,20,6,2.6,350,False,350,0.6499999999999999,7.428571428571429,15.600000000000001
Ice Cream & Desserts,Ching's Secret  Pad Thai Noodles Green Curry,2.0,0,6,2.0,130,False,130,0.0,15.384615384615385,12.0
Ice Cream & Desserts,Aashirvaad Suji Halwa With Jaggery,0.75,0,6,0.75,70,False,70,0.0,10.714285714285714,4.5
Ice Cream & Desserts,Mother's Recipe Mango Pickle,1.2,0,1,1.2,400,False,400,0.0,3.0,1.2
Ice Cream & Desserts,Ching's Secret Pad Thai Noodles - Extra Hot Thai Chilli,2.0,0,6,2.0,130,False,130,0.0,15.384615384615385,12.0
Ice Cream & Desserts,Kellogg's Special K Original Corn Flakes,3.99,11,6,3.55,900,False,900,0.4400000000000004,3.944444444444444,21.299999999999997
Ice Cream & Desserts,Knorr Sweet Corn Chicken Soup,0.55,0,2,0.55,42,False,42,0.0,13.095238095238095,1.1
Ice Cream & Desserts,Ching's Secret Tomato Soup,0.55,0,6,0.55,55,False,55,0.0,10.0,3.3000000000000003
Ice Cream & Desserts,Funfoods Peanut Butter Creamy,1.69,0,1,1.69,400,False,400,0.0,4.225,1.69
Ice Cream & Desserts,Japanese Choice Udon Noodles,2.95,9,6,2.66,250,False,250,0.29000000000000004,10.64,15.96
Ice Cream & Desserts,Kelloggs Muesli - With 22% Fruit Magic,3.2,10,5,2.88,500,False,500,0.3200000000000003,5.76,14.399999999999999
Ice Cream & Desserts,Dabur Hommade - Kalonji Tamatar Ki Chutney,0.65,6,6,0.61,200,False,200,0.040000000000000036,3.05,3.66
Ice Cream & Desserts,Kitchens Of India Dal Makhani,1.1,30,1,0.77,285,False,285,0.33000000000000007,2.7017543859649122,0.77
Ice Cream & Desserts,Aashirvaad Suji Halwa With Jaggery,0.55,30,6,0.38,80,False,80,0.17000000000000004,4.75,2.2800000000000002
Ice Cream & Desserts,Del Monte Green Chili Sauce,0.55,0,3,0.55,190,False,190,0.0,2.8947368421052633,1.6500000000000001
Ice Cream & Desserts,Pedigree Dog Food Adult Chicken & Veg,6.6,10,1,5.94,3000,False,3,0.6599999999999993,1.98,5.94
Ice Cream & Desserts,Kellogg's Original Corn Flakes,1.85,5,6,1.75,475,False,475,0.10000000000000009,3.6842105263157894,10.5
Ice Cream & Desserts,Pedigree Puppy Dry Dog Food Food Chicken & Milk,6.9,6,2,6.48,3000,False,3,0.41999999999999993,2.16,12.96
Ice Cream & Desserts,Kitchens Of India Rajma Masala,1.1,30,5,0.77,285,False,285,0.33000000000000007,2.7017543859649122,3.85
Ice Cream & Desserts,Kitchen Of India Ready-To-Eat Pindi Channa,1.1,30,2,0.77,285,False,285,0.33000000000000007,2.7017543859649122,1.54
Ice Cream & Desserts,Figaro Pitted Black Olive,1.79,0,6,1.79,450,False,450,0.0,3.977777777777778,10.74
Ice Cream & Desserts,Cantina Tabasco Red Sauce,1.4,15,6,1.19,60,False,60,0.20999999999999996,19.833333333333332,7.14
Ice Cream & Desserts,Mother's Recipe Pickle - Mixed,1.49,26,6,1.09,500,False,500,0.3999999999999999,2.18,6.540000000000001
Ice Cream & Desserts,Nestle Cerelac Baby Cereal with Milk 5 Grains & Vegetables from 18 to 24 Month,2.79,0,5,2.79,300,False,300,0.0,9.3,13.95
Ice Cream & Desserts,Mother's Recipe Tamarind Paste,0.5,2,2,0.49,200,False,200,0.010000000000000009,2.4499999999999997,0.98
Ice Cream & Desserts,Pedigree Meat Jerky Adult Dog Treat Barbecued Chicken,1.4,20,6,1.12,80,False,80,0.2799999999999998,14.000000000000002,6.720000000000001
Ice Cream & Desserts,Veeba Peri Peri Sauce,1.61,0,6,1.61,300,False,300,0.0,5.366666666666667,9.66
Ice Cream & Desserts,Pantai Sriracha Yellow Chilli Sauce,2.25,15,6,1.91,200,False,200,0.3400000000000001,9.549999999999999,11.459999999999999
Ice Cream & Desserts,Praakritik Organic Jumbo Rolled Oats,1.9,11,6,1.69,500,False,500,0.20999999999999996,3.38,10.14
Ice Cream & Desserts,Ching's Secret Just Soak - Whole Wheat Veg Hakka Noodles,1.23,0,6,1.23,600,False,600,0.0,2.0500000000000003,7.38
Ice Cream & Desserts,Pantai Spring Roll Sauce,2.75,10,6,2.45,200,False,200,0.2999999999999998,12.25,14.700000000000001
Ice Cream & Desserts,MTR Vermicelli Payasam,0.75,0,6,0.75,180,False,180,0.0,4.166666666666667,4.5
Ice Cream & Desserts,Bagrrys Corn Flakes,3.5,0,6,3.5,880,False,800,0.0,3.977272727272727,21.0
Ice Cream & Desserts,MTR Ready To Eat Palak Paneer,1.35,11,6,1.2,300,False,300,0.15000000000000013,4.0,7.199999999999999
Ice Cream & Desserts,Del Monte Red Chili Sauce,0.55,0,5,0.55,190,False,190,0.0,2.8947368421052633,2.75
Ice Cream & Desserts,Kitchens of India Mutter Paneer Mix,1.2,30,4,0.84,285,False,285,0.36,2.947368421052632,3.36
Ice Cream & Desserts,Pantai Green Curry Paste,0.6,6,6,0.56,50,False,50,0.039999999999999925,11.200000000000001,3.3600000000000003
Ice Cream & Desserts,The Laughing Cow Cheese Spread Plain,1.1,0,6,1.1,180,False,180,0.0,6.111111111111112,6.6000000000000005
Ice Cream & Desserts,MTR Dal Fry,1.1,0,5,1.1,300,False,300,0.0,3.666666666666667,5.5
Ice Cream & Desserts,Pantai Fish Sauce,2.75,14,6,2.34,200,False,200,0.41000000000000014,11.7,14.04
Ice Cream & Desserts,Cantina Beans Mexican Beans,2.5,14,6,2.13,410,False,410,0.3700000000000001,5.1951219512195115,12.78
Ice Cream & Desserts,Ching's Secret Manchurian Instant Noodle,1.14,0,6,1.14,480,False,480,0.0,2.375,6.84
Ice Cream & Desserts,Remia Salad Italian Dressing,2.3,0,6,2.3,250,False,250,0.0,9.2,13.799999999999999
Ice Cream & Desserts,Yummiez Veg Cheese Fingers Pouch,2.3,0,4,2.3,400,False,400,0.0,5.75,9.2
Ice Cream & Desserts,MTR Dal Makhani,1.1,0,4,1.1,300,False,300,0.0,3.666666666666667,4.4
Ice Cream & Desserts,MTR Ready to Eat Pav Bhaji,1.1,0,6,1.1,300,False,300,0.0,3.666666666666667,6.6000000000000005
Ice Cream & Desserts,Weikfield Tomato Salsa Instant Pasta,0.25,0,1,0.25,77,False,77,0.0,3.246753246753247,0.25
Ice Cream & Desserts,Nestlé CERELAC Baby Cereal with Milk,2.72,0,1,2.72,300,False,300,0.0,9.066666666666666,2.72
Ice Cream & Desserts,Remia Salad Caesar Dressing,2.5,0,6,2.5,250,False,250,0.0,10.0,15.0
Ice Cream & Desserts,Bagrrys Fruit N Fibre Muesli Mixed Fruit,3.3,0,6,3.3,500,False,500,0.0,6.6,19.799999999999997
Ice Cream & Desserts,MTR Paneer Butter Masala & Veg Pulao,1.75,9,4,1.58,375,False,375,0.16999999999999993,4.213333333333334,6.32
Ice Cream & Desserts,Sundrop Cocoa Nut Hazelnut Chocolatey Spread,1.2,0,6,1.2,160,False,160,0.0,7.5,7.199999999999999
Ice Cream & Desserts,Moi Soi Manchurian Sauce - For Stir Fry Marinade Spread & Dip,2.8,50,6,1.4,175,False,175,1.4,8.0,8.399999999999999
Ice Cream & Desserts,Pedigree Dog Food Adult Meat & Rice,6.6,7,2,6.08,3000,False,3,0.5199999999999996,2.026666666666667,12.16
Ice Cream & Desserts,Pantai Sriracha Green Chilli Sauce,2.25,15,6,1.91,200,False,200,0.3400000000000001,9.549999999999999,11.459999999999999
Ice Cream & Desserts,Pantai Chilli Garlic Sauce,2.75,14,6,2.34,200,False,200,0.41000000000000014,11.7,14.04
Ice Cream & Desserts,Pantai Dark Soy Sauce,2.75,14,6,2.34,200,False,200,0.41000000000000014,11.7,14.04
Ice Cream & Desserts,Yoga Bar Peanut Butter Dark Chocolate Jar,2.49,0,4,2.49,400,False,400,0.0,6.2250000000000005,9.96
Ice Cream & Desserts,Cantina Tabasco Green Sauce,1.4,15,6,1.19,60,False,60,0.20999999999999996,19.833333333333332,7.14
Ice Cream & Desserts,Pantai Pad Thai Sauce (Non-Veg),3.25,9,5,2.93,200,False,200,0.31999999999999984,14.650000000000002,14.65
Ice Cream & Desserts,Pantai Sweet Chilli Sauce,2.75,14,6,2.34,200,False,200,0.41000000000000014,11.7,14.04
Ice Cream & Desserts,Ching's Secret Schezwan Instant Noodle,1.14,0,6,1.14,480,False,480,0.0,2.375,6.84
Ice Cream & Desserts,Yummiez Chicken Garlic Fingers Pouch,2.5,0,5,2.5,400,False,400,0.0,6.25,12.5
Ice Cream & Desserts,Pediasure Premium Chocolate Powdered Health Drink,6.1,0,2,6.1,400,False,400,0.0,15.25,12.2
Ice Cream & Desserts,Chings Secret Hot Garlic Instant Noodles,0.91,0,6,0.91,60,False,60,0.0,15.166666666666666,5.46
Ice Cream & Desserts,Godrej Yummiez Cheese Corn Nuggets,2.3,0,4,2.3,400,False,400,0.0,5.75,9.2
Ice Cream & Desserts,Pantai Hot Chilli Sauce,2.75,14,6,2.34,200,False,200,0.41000000000000014,11.7,14.04
Ice Cream & Desserts,Knorr International Mexican Tomato Corn Soup,0.65,6,3,0.61,52,False,52,0.040000000000000036,11.73076923076923,1.83
Ice Cream & Desserts,Bagrry's Fruit Fibre Muesli Mixed Fruit,5.95,0,5,5.95,1000,False,1,0.0,5.95,29.75
Ice Cream & Desserts,MTR Roasted Vermicelli,1.05,0,4,1.05,850,False,850,0.0,1.2352941176470589,4.2
Ice Cream & Desserts,Maggi 2-Minute Instant Noodles - Masala,0.44,0,0,0.44,280,True,280,0.0,1.5714285714285714,0.0
Ice Cream & Desserts,"Kurkure Green Chutney, Rajasthani Style",0.2,0,0,0.2,90,True,90,0.0,2.2222222222222223,0.0
Ice Cream & Desserts,Kellogg's Chocos Combo Pack,0.6,6,0,0.56,156,True,156,0.039999999999999925,3.5897435897435903,0.0
Ice Cream & Desserts,Kissan Mixed Fruit Jam,1.55,0,0,1.55,500,True,500,0.0,3.1,0.0
Ice Cream & Desserts,Lijjat Urad Papad,0.6,5,0,0.57,200,True,200,0.030000000000000027,2.8499999999999996,0.0
Ice Cream & Desserts,Amul Cheese Spread Yummy Plain,0.85,0,0,0.85,200,True,200,0.0,4.25,0.0
Ice Cream & Desserts,Mother's Recipe Ginger And Garlic Paste,0.5,24,0,0.38,200,True,200,0.12,1.9,0.0
Ice Cream & Desserts,Maggi Magic Cubes Chicken,0.4,2,0,0.39,40,True,40,0.010000000000000009,9.75,0.0
Ice Cream & Desserts,Pedigree Puppy Chicken Chunks in Gravy,0.35,2,0,0.34,70,True,70,0.009999999999999953,4.857142857142858,0.0
Ice Cream & Desserts,The Whole Truth Peanut Butter - Unsweetened & Crunchy,1.85,20,0,1.48,325,True,325,0.3700000000000001,4.553846153846154,0.0
Ice Cream & Desserts,Ching's Chow Mein Hakka Noodles Masala,0.1,0,0,0.1,20,True,20,0.0,5.0,0.0
Ice Cream & Desserts,Safal Frozen Mixed Vegetables,0.6,5,0,0.57,500,True,500,0.030000000000000027,1.14,0.0
Ice Cream & Desserts,Safal Frozen Corn,0.41,4,0,0.39,200,True,200,0.019999999999999962,1.9500000000000002,0.0
Ice Cream & Desserts,Amul Cheese Spread Spicy Garlic,0.85,3,0,0.82,200,True,200,0.030000000000000027,4.1,0.0
Ice Cream & Desserts,Ching's Secret Veg Hakka Noodles,1.07,0,0,1.07,600,True,600,0.0,1.7833333333333334,0.0
Ice Cream & Desserts,Saffola Oats 100 % Natural,0.15,0,0,0.15,38,True,38,0.0,3.947368421052632,0.0
Ice Cream & Desserts,Lijjat Moong Papad,0.6,5,0,0.57,200,True,200,0.030000000000000027,2.8499999999999996,0.0
Ice Cream & Desserts,Mothers Recipe Papad - Sabudana With Rock Salt,0.31,9,0,0.28,70,True,70,0.02999999999999997,4.0,0.0
Ice Cream & Desserts,Maggi Chilly Chow Cuppa Noodles,0.5,0,0,0.5,70,True,70,0.0,7.142857142857142,0.0
Ice Cream & Desserts,Veeba Favourites Eggless Burger Mayonnaise,0.69,8,0,0.63,250,True,250,0.05999999999999994,2.52,0.0
Ice Cream & Desserts,Sunfeast Yippee! Magic Masala Noodles,0.48,6,0,0.45,240,True,240,0.02999999999999997,1.8750000000000002,0.0
Ice Cream & Desserts,Top Ramen Masala,0.91,9,0,0.82,560,True,560,0.09000000000000008,1.4642857142857142,0.0
Ice Cream & Desserts,Kelloggs Corn Flakes With Real Strawberry Pure,2.65,10,0,2.36,575,True,575,0.29000000000000004,4.104347826086956,0.0
Ice Cream & Desserts,Mother's Recipe Potato Papad,0.31,9,0,0.28,70,True,75,0.02999999999999997,4.0,0.0
Ice Cream & Desserts,Mothers Recipe Rice Papad Ajwain,0.24,0,0,0.24,75,True,75,0.0,3.1999999999999997,0.0
Ice Cream & Desserts,Chef's Basket Durum Wheat Penne Pasta,1.6,50,0,0.8,500,True,500,0.8,1.6,0.0
Ice Cream & Desserts,Dabur Hommade - Imli Sauce Saunth,0.2,10,0,0.18,100,True,100,0.020000000000000018,1.8,0.0
Ice Cream & Desserts,Zorabian Chicken Kheema Parathas,1.9,0,0,1.9,300,True,300,0.0,6.333333333333333,0.0
Ice Cream & Desserts,Sunfeast Pasta Treat Pack of Tomato Cheese,0.28,17,0,0.23,65,True,65,0.05000000000000002,3.5384615384615383,0.0
Ice Cream & Desserts,Safal Frozen - Sweet Corn,1.6,5,0,1.52,1000,True,1,0.08000000000000007,1.52,0.0
Ice Cream & Desserts,MTR Vegetable Upma,0.25,0,0,0.25,60,True,60,0.0,4.166666666666667,0.0
Ice Cream & Desserts,Del Monte Original Blend Tomato Ketchup Pouch,1.2,7,0,1.11,950,True,950,0.08999999999999986,1.168421052631579,0.0
Ice Cream & Desserts,Del Monte Natural Vinegar,0.55,3,0,0.53,180,True,180,0.020000000000000018,2.944444444444444,0.0
Ice Cream & Desserts,Del Monte Eggless Mayo,1.35,6,0,1.26,500,True,500,0.09000000000000008,2.52,0.0
Ice Cream & Desserts,ITC Master Chef Cheesy Corn Triangles,1.6,5,0,1.52,320,True,320,0.08000000000000007,4.75,0.0
Ice Cream & Desserts,Mother's Recipe Mixed Pickle,1.15,4,0,1.1,400,True,400,0.04999999999999982,2.7500000000000004,0.0
Ice Cream & Desserts,Godrej Yummiez Chicken Breakfast Salami,1.5,4,0,1.43,250,True,250,0.07000000000000006,5.72,0.0
Ice Cream & Desserts,Hershey's Cocoa + Almond Spread,2.95,9,0,2.66,350,True,350,0.29000000000000004,7.6,0.0
Ice Cream & Desserts,Maggi Special Masala Spicy Yummy Noodles,0.72,0,0,0.72,280,True,280,0.0,2.571428571428571,0.0
Ice Cream & Desserts,Del Monte Schezwan Sauce,0.55,0,0,0.55,190,True,190,0.0,2.8947368421052633,0.0
Ice Cream & Desserts,Yummiez Green Peas,1.35,0,0,1.35,500,True,500,0.0,2.7,0.0
Ice Cream & Desserts,Yummiez Green Peas,2.5,0,0,2.5,1000,True,1,0.0,2.5,0.0
Ice Cream & Desserts,Yummiez American Sweet Corn,0.85,0,0,0.85,400,True,400,0.0,2.125,0.0
Ice Cream & Desserts,Dr Oetker Cucumber & Carrot Sandwich Spread Veg,0.79,0,0,0.79,250,True,250,0.0,3.16,0.0
Ice Cream & Desserts,Del Monte Pitted Green Olives,2.5,0,0,2.5,450,True,450,0.0,5.555555555555555,0.0
Chocolates & Candies,Maggi 2 Minute Masala Noodles,0.12,0,6,0.12,70,False,70,0.0,1.7142857142857142,0.72
Chocolates & Candies,iD Idli & Dosa Batter,0.8,15,6,0.68,1000,False,1,0.12,0.68,4.08
Chocolates & Candies,iD Malabar Parota,0.8,10,4,0.72,400,False,400,0.08000000000000007,1.8,2.88
Chocolates & Candies,iD Wheat Lachha Paratha,0.8,12,6,0.7,400,False,400,0.10000000000000009,1.7499999999999998,4.199999999999999
Chocolates & Candies,McCain Aloo Tikki,1.1,4,6,1.05,400,False,400,0.050000000000000044,2.625,6.300000000000001
Chocolates & Candies,McCain Smiles Cripsy Happy Potatoes,1.2,5,6,1.14,415,False,415,0.06000000000000005,2.746987951807229,6.84
Chocolates & Candies,McCain Veggie Burger Patty,1.15,3,6,1.11,360,False,360,0.039999999999999813,3.083333333333334,6.66
Chocolates & Candies,McCain Veggie Fingers,1.17,5,6,1.11,400,False,400,0.05999999999999983,2.775,6.66
Chocolates & Candies,Amul Delicious Fat Spread - Cholesterol Free,0.18,5,6,0.17,100,False,100,0.009999999999999981,1.7000000000000002,1.02
Chocolates & Candies,Whiskas Wet  Meal (Adult - Cat Food)  Chicken in Gravy,0.35,2,2,0.34,85,False,85,0.009999999999999953,4.0,0.68
Chocolates & Candies,McCain Chilli Garlic Potato Bites Crunchy Potato Nuggets,1.25,5,1,1.18,420,False,420,0.07000000000000006,2.8095238095238093,1.18
Chocolates & Candies,Ching's Secret Instant Hot Garlic Noodles,0.15,0,3,0.15,60,False,60,0.0,2.5,0.44999999999999996
Chocolates & Candies,Veeba Eggless Mayonnaise,0.79,11,5,0.7,250,False,250,0.09000000000000008,2.8,3.5
Chocolates & Candies,Ching's Secret Instant Schezwan Noodles,0.15,0,6,0.15,60,False,60,0.0,2.5,0.8999999999999999
Chocolates & Candies,Veeba Pasta And Pizza Sauce,0.75,13,5,0.65,280,False,280,0.09999999999999998,2.3214285714285716,3.25
Chocolates & Candies,Top Ramen  Noodles Curry Veg Pouch,0.2,0,1,0.2,70,False,70,0.0,2.857142857142857,0.2
Chocolates & Candies,Saffola Veggie Twist Masala Oats,0.15,0,6,0.15,38,False,38,0.0,3.947368421052632,0.8999999999999999
Chocolates & Candies,Unibic Almond & Oats Protein Bar,0.4,17,4,0.33,30,False,30,0.07,11.000000000000002,1.32
Chocolates & Candies,Quaker Oats,0.79,0,2,0.79,400,False,400,0.0,1.975,1.58
Chocolates & Candies,Amul Delicious Fat Spread - Cholesterol Free,0.88,2,2,0.86,500,False,500,0.020000000000000018,1.72,1.72
Chocolates & Candies,McCain French Fries,1.2,5,1,1.14,420,False,420,0.06000000000000005,2.7142857142857144,1.14
Chocolates & Candies,Ching's Secret Manchow Instant Soup,0.1,0,1,0.1,15,False,15,0.0,6.666666666666667,0.1
Chocolates & Candies,McCain Potato Cheese Shotz,1.3,4,6,1.24,250,False,250,0.06000000000000005,4.96,7.4399999999999995
Chocolates & Candies,McCain Masala - Fries,1.2,5,3,1.14,375,False,375,0.06000000000000005,3.0399999999999996,3.42
Chocolates & Candies,Ching's Secret Schezwan Fried Rice Masala,0.15,0,6,0.15,20,False,20,0.0,7.5,0.8999999999999999
Chocolates & Candies,McCain New Mini Samosa with Cheese Pizza Style Filling,1.2,1,3,1.18,240,False,240,0.020000000000000018,4.916666666666666,3.54
Chocolates & Candies,McCain Chilli Cheesy Nuggets,1.3,4,1,1.24,250,False,250,0.06000000000000005,4.96,1.24
Chocolates & Candies,"Whiskas Adult (+1 Year) Dry Cat Food, Ocean Fish Flavour",4.3,10,6,3.87,1200,False,1,0.4299999999999997,3.225,23.22
Chocolates & Candies,Chings Instant Soup - Hot & Sour,0.1,0,1,0.1,15,False,15,0.0,6.666666666666667,0.1
Chocolates & Candies,Amul Spray Infant Milk Food,1.97,2,6,1.93,500,False,500,0.040000000000000036,3.86,11.58
Chocolates & Candies,McCain Smiles - Pudina Chatka,1.2,5,3,1.14,375,False,375,0.06000000000000005,3.0399999999999996,3.42
Chocolates & Candies,McCain French Fries Crisp & Delicious,1.75,4,3,1.67,750,False,750,0.08000000000000007,2.2266666666666666,5.01
Chocolates & Candies,Ferrero Nutella Hazelnut Spread,2.2,5,2,2.07,180,False,180,0.13000000000000034,11.5,4.14
Chocolates & Candies,Lijjat Garlic Papad,0.6,5,5,0.57,200,False,200,0.030000000000000027,2.8499999999999996,2.8499999999999996
Chocolates & Candies,Switz Samosa Dough Sheets,0.9,4,6,0.86,50,False,50,0.040000000000000036,17.2,5.16
Chocolates & Candies,Amul Cheese Spread Creamy,0.85,5,6,0.8,180,False,180,0.04999999999999993,4.444444444444445,4.800000000000001
Chocolates & Candies,Maggi Imli Sauce Pichkoo,0.22,0,6,0.22,90,False,90,0.0,2.444444444444444,1.32
Chocolates & Candies,Whiskas Kitten (2-12 months) Dry Cat Food Food Ocean Fish,3.85,9,5,3.47,1100,False,1100,0.3799999999999999,3.1545454545454548,17.35
Chocolates & Candies,Chings Instant Soup - Sweet Corn Veg,0.1,0,2,0.1,15,False,15,0.0,6.666666666666667,0.2
Chocolates & Candies,Whiskas Wet  Meal (Kitten - Cat Food)  Chicken in Gravy,0.35,5,2,0.33,85,False,85,0.019999999999999962,3.882352941176471,0.66
Chocolates & Candies,McCain Crazy Fries Masala MixHot 'n' Tangy,1.2,5,6,1.14,400,False,400,0.06000000000000005,2.8499999999999996,6.84
Chocolates & Candies,The Whole Truth Double Cocoa Protein Bar No Sugar,1.0,10,6,0.9,52,False,52,0.09999999999999998,17.30769230769231,5.4
Chocolates & Candies,Amul Happy Treats French Fries,0.68,4,1,0.65,425,False,425,0.030000000000000027,1.5294117647058825,0.65
Chocolates & Candies,Ferrero Nutella Hazeulnut Spread,3.8,6,5,3.57,350,False,350,0.22999999999999998,10.2,17.849999999999998
Chocolates & Candies,Veeba Chipolte Southwest Dressing,1.61,7,4,1.49,300,False,300,0.1200000000000001,4.966666666666667,5.96
Chocolates & Candies,Ching's Secret Manchow Noodles Instant Soup,0.15,0,6,0.15,20,False,20,0.0,7.5,0.8999999999999999
Chocolates & Candies,Yoga Bar Breakfast Protein Bar - Blueberry Pie,0.5,12,1,0.44,50,False,50,0.06,8.8,0.44
Chocolates & Candies,Quaker Oats,1.99,7,6,1.84,1000,False,1,0.1499999999999999,1.84,11.040000000000001
Chocolates & Candies,The Whole Truth Mini Protein Bar - Coconut Cocoa No Added Sugar,0.55,25,6,0.41,27,False,27,0.14000000000000007,15.185185185185183,2.46
Chocolates & Candies,Switz Spring Roll Dough Sheets,0.9,4,6,0.86,1160,False,20,0.040000000000000036,0.7413793103448275,5.16
Chocolates & Candies,Unibic Fruit & Nut Real Cranberries & Almonds Protein Bar,0.4,17,6,0.33,30,False,30,0.07,11.000000000000002,1.98
Chocolates & Candies,Ching's Secret Tomato Instant Soup,0.1,0,1,0.1,16,False,15,0.0,6.25,0.1
Chocolates & Candies,Chef's Basket Durum Wheat Elbow Pasta,1.6,50,6,0.8,500,False,500,0.8,1.6,4.800000000000001
Chocolates & Candies,Sunfeast Yippee! Mood Masala Noodles,0.6,28,3,0.43,260,False,260,0.16999999999999998,1.6538461538461537,1.29
Chocolates & Candies,MTR Breakfast Khatta Meetha Poha Mix,0.25,20,6,0.2,60,False,60,0.04999999999999999,3.3333333333333335,1.2000000000000002
Chocolates & Candies,Kellogg's Crunchy Fruit & Nut Breakfast Cereals Muesli,4.45,9,6,4.01,750,False,750,0.4400000000000004,5.346666666666666,24.06
Chocolates & Candies,Ching's Secret Chilli Vinegar,0.5,0,4,0.5,170,False,170,0.0,2.941176470588235,2.0
Chocolates & Candies,Ching's Red Chilli Sauce,0.55,0,6,0.55,200,False,200,0.0,2.7500000000000004,3.3000000000000003
Chocolates & Candies,Amul Lite Spread,0.4,2,5,0.39,100,False,100,0.010000000000000009,3.9000000000000004,1.9500000000000002
Chocolates & Candies,Borges Durum Wheat Fusilli Pasta,2.5,0,3,2.5,500,False,500,0.0,5.0,7.5
Chocolates & Candies,The Whole Truth Cranberry Mini Protein Bar No Sugar,0.55,20,6,0.44,27,False,27,0.11000000000000004,16.296296296296294,2.64
Chocolates & Candies,The Whole Truth Mini Protein Bar - Coffee Cocoa No Added Sugar,0.55,20,6,0.44,27,False,27,0.11000000000000004,16.296296296296294,2.64
Chocolates & Candies,Maggi Hot & Sweet Tomato Chilli Sauce,1.15,0,1,1.15,500,False,500,0.0,2.3,1.15
Chocolates & Candies,Sunfeast YiPPee! Noodles - Magic Masala,0.96,5,4,0.91,540,False,540,0.04999999999999993,1.6851851851851851,3.64
Chocolates & Candies,Chef's Basket Durum Wheat Fusilli Pasta,1.6,50,6,0.8,500,False,500,0.8,1.6,4.800000000000001
Chocolates & Candies,Top Ramen Chicken Noodles,0.6,10,1,0.54,280,False,280,0.05999999999999994,1.9285714285714288,0.54
Chocolates & Candies,Veeba Cheese and Chilli Sandwich Spread,0.89,11,6,0.79,275,False,275,0.09999999999999998,2.872727272727273,4.74
Chocolates & Candies,Chings Secret Chowmein Hakka Noodles Masala,0.44,0,2,0.44,60,False,60,0.0,7.333333333333333,0.88
Chocolates & Candies,Safal Frozen - Mixed Vegetables,1.1,4,2,1.05,1000,False,1,0.050000000000000044,1.05,2.1
Chocolates & Candies,MTR 3 Min Poha,0.25,0,6,0.25,60,False,60,0.0,4.166666666666667,1.5
Chocolates & Candies,Ching's Manchurian Instant Noodles,0.15,0,5,0.15,60,False,60,0.0,2.5,0.75
Chocolates & Candies,The Whole Truth Peanut Cocoa Mini Protein Bar No Sugar,0.55,25,6,0.41,27,False,27,0.14000000000000007,15.185185185185183,2.46
Chocolates & Candies,Gits Pav Bhaji Ready to Eat,1.1,22,6,0.85,300,False,300,0.2500000000000001,2.833333333333333,5.1
Chocolates & Candies,McCain New Mini Samosa with Cheese Corn Style Filling,1.2,1,2,1.18,240,False,240,0.020000000000000018,4.916666666666666,2.36
Chocolates & Candies,Lijjat Udad Mini Papad,0.6,6,6,0.56,200,False,200,0.039999999999999925,2.8000000000000003,3.3600000000000003
Chocolates & Candies,McCain Herb & Garlic Crazy Fries Masala Mix,1.2,5,5,1.14,400,False,400,0.06000000000000005,2.8499999999999996,5.699999999999999
Chocolates & Candies,Yoga Bar Multigrain Energy Bar Nuts And Seeds,0.4,12,4,0.35,38,False,38,0.050000000000000044,9.210526315789473,1.4
Chocolates & Candies,"Ching's Secret Sauce, Green Chilli",0.55,0,5,0.55,190,False,190,0.0,2.8947368421052633,2.75
Chocolates & Candies,Veeba Pizza Topping,0.75,6,4,0.7,280,False,280,0.050000000000000044,2.5,2.8
Chocolates & Candies,Switz Paratha Puff,1.1,4,6,1.05,400,False,400,0.050000000000000044,2.625,6.300000000000001
Chocolates & Candies,"New Kellogg's Muesli with 21% Fruit, Nut & Seeds",3.25,6,6,3.05,500,False,500,0.20000000000000018,6.1,18.299999999999997
Chocolates & Candies,The Whole Truth Double Cocoa Mini Protein Bar No Sugar,0.55,20,5,0.44,27,False,27,0.11000000000000004,16.296296296296294,2.2
Chocolates & Candies,Sunfeast Yippee Tricolor Pasta Seasoning,0.28,17,1,0.23,65,False,65,0.05000000000000002,3.5384615384615383,0.23
Chocolates & Candies,Wingreens Cheesy Chipotle Sauce,0.99,49,1,0.5,130,False,130,0.49,3.8461538461538463,0.5
Chocolates & Candies,Maggi Rich Tomato Ketchup,1.05,4,2,1.0,500,False,500,0.050000000000000044,2.0,2.0
Chocolates & Candies,The Whole Truth Dark Chocolate Peanut Butter - Creamy,2.35,25,6,1.74,325,False,325,0.6100000000000001,5.3538461538461535,10.44
Chocolates & Candies,Godrej Yummiez Chicken Nuggets,3.25,9,1,2.93,500,False,500,0.31999999999999984,5.86,2.93
Chocolates & Candies,Go Cheese  Spread Plain,0.99,5,6,0.94,200,False,200,0.050000000000000044,4.699999999999999,5.64
Chocolates & Candies,Kellogg's Real Almond & Honey Corn Flakes,1.75,9,6,1.58,300,False,300,0.16999999999999993,5.266666666666667,9.48
Chocolates & Candies,The Whole Truth Vegan Almond Choco Fudge Energy Bar No Sugar,0.6,20,6,0.48,40,False,40,0.12,12.0,2.88
Chocolates & Candies,Prasuma Vegetable Momos,2.7,0,5,2.7,24,False,24,0.0,112.5,13.5
Chocolates & Candies,MTR Upma,0.5,10,6,0.45,160,False,160,0.04999999999999999,2.8125,2.7
Chocolates & Candies,Ching's Schezwan Masala Instant Noodles,0.6,0,1,0.6,240,False,240,0.0,2.5,0.6
Chocolates & Candies,The Whole Truth Cranberry Protein Bar No Sugar,1.0,26,6,0.74,52,False,52,0.26,14.230769230769232,4.4399999999999995
Chocolates & Candies,Saffola Yummy Masala Noodles,0.2,0,2,0.2,46,False,46,0.0,4.3478260869565215,0.4
Chocolates & Candies,Veeba English Mustard,0.74,6,2,0.69,300,False,300,0.050000000000000044,2.3,1.38
Chocolates & Candies,Dabur Hommade Tamarind Paste,0.48,6,6,0.45,200,False,200,0.02999999999999997,2.2500000000000004,2.7
Chocolates & Candies,Yoga Bar Breakfast Muesli - Almond Caramel (No Added Sugar),3.25,4,6,3.09,400,False,400,0.16000000000000014,7.725,18.54
Chocolates & Candies,The Whole Truth Mini Protein Bar - Peanut Butter No Added Sugar,0.55,25,6,0.41,27,False,27,0.14000000000000007,15.185185185185183,2.46
Chocolates & Candies,ITC Master Chef Crispy Chicken Fries,1.7,4,3,1.62,280,False,280,0.07999999999999985,5.7857142857142865,4.86
Chocolates & Candies,Kelloggs Corn Flakes,0.99,13,6,0.86,250,False,250,0.13,3.44,5.16
Chocolates & Candies,Nissin Cup Noodles Tangy Tomato,0.5,10,2,0.45,70,False,70,0.04999999999999999,6.428571428571429,0.9
Chocolates & Candies,Smith & Jones White Pasta Sauce Mix,0.4,0,3,0.4,46,False,46,0.0,8.695652173913043,1.2000000000000002
Chocolates & Candies,Sunfeast Yippee! Pasta Treat - Sour Cream Onion,0.28,10,1,0.25,65,False,65,0.030000000000000027,3.8461538461538463,0.25
Chocolates & Candies,Mothers Recipe Tamrind Date Chutney,0.55,9,2,0.5,200,False,200,0.050000000000000044,2.5,1.0
Chocolates & Candies,Veeba Mint Mayonnaise,1.69,8,4,1.55,300,False,300,0.1399999999999999,5.166666666666667,6.2
Chocolates & Candies,Mccain Emotibites - Crispy Happy Potato Snack,1.3,0,6,1.29,415,False,415,0.010000000000000009,3.108433734939759,7.74
Chocolates & Candies,The Whole Truth Energy Bar Choco Cranberry Fudge,0.6,26,6,0.44,40,False,40,0.15999999999999998,11.0,2.64
Chocolates & Candies,Godrej Yummiez Chicken Lucknowi Seekh Kebab,2.6,10,4,2.34,400,False,400,0.26000000000000023,5.85,9.36
Chocolates & Candies,Prasuma Vegetable Momos,1.5,0,5,1.5,580,False,10,0.0,2.586206896551724,7.5
Chocolates & Candies,Mother's Recipe Mixed Pickle,0.85,9,2,0.77,300,False,300,0.07999999999999996,2.566666666666667,1.54
Chocolates & Candies,Sunfeast Yippee! Pasta Treat - Sour Cream Onion,0.28,17,3,0.23,65,False,65,0.05000000000000002,3.5384615384615383,0.6900000000000001
Chocolates & Candies,The Whole Truth Peanut Cocoa Protein Bar No Sugar,1.0,26,6,0.74,52,False,52,0.26,14.230769230769232,4.4399999999999995
Chocolates & Candies,Yoga Bar Breakfast Muesli - Chocolate & Cranberry,3.25,4,6,3.09,400,False,400,0.16000000000000014,7.725,18.54
Chocolates & Candies,Sunfeast YiPPee! Magic Masala Noodles,0.7,10,3,0.63,405,False,405,0.06999999999999995,1.5555555555555554,1.8900000000000001
Chocolates & Candies,Veeba Sweet Onion Sauce,1.41,14,4,1.21,350,False,350,0.19999999999999996,3.457142857142857,4.84
Chocolates & Candies,Quaker Oats Breakfast Cereals - With Flavour Mix Nutritious Rich Source Of Energy,0.49,8,6,0.45,200,False,200,0.03999999999999998,2.2500000000000004,2.7
Chocolates & Candies,Mother's Recipe Tamarind Paste,0.5,2,6,0.49,200,False,200,0.010000000000000009,2.4499999999999997,2.94
Chocolates & Candies,Yogabar No Added Sugar Protein Bar Brownie,1.25,15,4,1.06,60,False,60,0.18999999999999995,17.666666666666668,4.24
Chocolates & Candies,Bambino Popular Vermicelli,0.4,2,3,0.39,400,False,400,0.010000000000000009,0.9750000000000001,1.17
Chocolates & Candies,Ching's Secret Mix Veg Instant Soup,0.1,0,3,0.1,15,False,15,0.0,6.666666666666667,0.30000000000000004
Chocolates & Candies,Mother's Recipe Pickle - Red Stuffed Chilli,1.45,11,3,1.29,400,False,400,0.15999999999999992,3.225,3.87
Chocolates & Candies,Kellogg's No Added Sugar Muesli,3.35,11,6,2.98,500,False,500,0.3700000000000001,5.96,17.88
Chocolates & Candies,Veeba Salsa Dip,1.19,6,6,1.11,360,False,360,0.07999999999999985,3.083333333333334,6.66
Chocolates & Candies,Veeba Thousand Island Dressing,1.49,8,6,1.37,300,False,300,0.11999999999999988,4.566666666666666,8.22
Chocolates & Candies,Baggry's Crunchy Muesli Almond Raisins & Honey,1.3,0,5,1.3,200,False,200,0.0,6.500000000000001,6.5
Chocolates & Candies,Knorr Chinese Hot And Sour Veg Soup,0.55,3,1,0.53,43,False,43,0.020000000000000018,12.325581395348838,0.53
Chocolates & Candies,Go Cheese Spread - Garlic,0.99,5,6,0.94,200,False,200,0.050000000000000044,4.699999999999999,5.64
Chocolates & Candies,The Whole Truth Peanut Butter With Dates - Creamy No Sugar,2.15,9,6,1.94,325,False,325,0.20999999999999996,5.969230769230769,11.64
Chocolates & Candies,Zorabian Chicken Smoked Ham,2.05,5,1,1.94,250,False,250,0.10999999999999988,7.76,1.94
Chocolates & Candies,Kissan Pineapple Jam,1.65,9,1,1.49,500,False,500,0.15999999999999992,2.98,1.49
Chocolates & Candies,Smith & Jones Masala Noodles,0.89,0,5,0.89,480,False,480,0.0,1.8541666666666667,4.45
Chocolates & Candies,Nestle Nestle Nan Pro Follow-Up Formula,6.5,0,6,6.5,400,False,400,0.0,16.25,39.0
Chocolates & Candies,Sunfeast Yippee! Power Up Atta Noodles,0.96,15,6,0.81,280,False,280,0.1499999999999999,2.8928571428571432,4.86
Chocolates & Candies,McCain Super Wedges,1.2,7,6,1.11,400,False,400,0.08999999999999986,2.775,6.66
Chocolates & Candies,"Kellogg's Crunchy Granola Honey, Almonds, Strawberries & Pumpkin Seeds",3.3,10,1,2.94,450,False,450,0.3599999999999999,6.533333333333333,2.94
Chocolates & Candies,Kellogg's Chocos,1.3,10,6,1.17,250,False,250,0.13000000000000012,4.68,7.02
Chocolates & Candies,Ching's Secret Just Soak - Whole Wheat Veg Hakka Noodle,0.32,0,3,0.32,150,False,150,0.0,2.1333333333333333,0.96
Chocolates & Candies,The Whole Truth Vegan Fig Apricot & Orange Energy Bar No Sugar,0.6,20,6,0.48,40,False,40,0.12,12.0,2.88
Chocolates & Candies,Saffola Veggie Twist Masala Oats,1.95,12,2,1.71,500,False,500,0.24,3.42,3.42
Chocolates & Candies,ITC Master Chef Classic Aloo Tikki,0.8,10,3,0.72,320,False,320,0.08000000000000007,2.25,2.16
Chocolates & Candies,Smith & Jones Pink Pasta Sauce Mix,0.4,0,4,0.4,46,False,46,0.0,8.695652173913043,1.6
Chocolates & Candies,Wingreens Farms Chipotle Dip,2.0,25,1,1.5,180,False,180,0.5,8.333333333333334,1.5
Chocolates & Candies,Kellogg's Real Almond & Honey Corn Flakes,5.5,5,3,5.2,1000,False,1,0.2999999999999998,5.2,15.600000000000001
Chocolates & Candies,Kellogg's Crunchy Granola Chocolate & Almonds,3.3,10,3,2.94,450,False,450,0.3599999999999999,6.533333333333333,8.82
Chocolates & Candies,Cornitos Cornitos Taco Shells - 6 Inches,1.6,20,4,1.28,180,False,180,0.32000000000000006,7.111111111111112,5.12
Chocolates & Candies,Ching's Secret Singapore Curry Instant Noodles,0.15,0,3,0.15,60,False,60,0.0,2.5,0.44999999999999996
Chocolates & Candies,Mother's Recipe Pickle - Mango,1.25,9,6,1.13,400,False,500,0.1200000000000001,2.8249999999999997,6.779999999999999
Chocolates & Candies,Godrej Yummiez Chilli Chicken Sausages,1.6,10,3,1.44,250,False,250,0.16000000000000014,5.76,4.32
Chocolates & Candies,Pedigree Dentastix  Dog Treat Oral Care for Adult Medium Breed,1.75,20,6,1.4,180,False,180,0.3500000000000001,7.777777777777778,8.399999999999999
Chocolates & Candies,Maggi Hot & Sweet - Tomato Chilli Sauce,1.7,10,1,1.53,1000,False,1,0.16999999999999993,1.53,1.53
Chocolates & Candies,Ching's Secret Asian Hot Instant Soup,0.15,0,3,0.15,15,False,15,0.0,10.0,0.44999999999999996
Chocolates & Candies,Kelloggs Chocos Protein And Fibre Of 1 Roti,4.99,11,6,4.44,1200,False,1,0.5499999999999998,3.7,26.64
Chocolates & Candies,Mother's Recipe Pickle - Mango,1.49,26,4,1.09,500,False,500,0.3999999999999999,2.18,4.36
Chocolates & Candies,Chings Secret Manchurian Instant Noodle,0.6,0,6,0.6,240,False,240,0.0,2.5,3.5999999999999996
Chocolates & Candies,Kellogg's Original Corn Flakes,3.1,6,6,2.9,875,False,875,0.20000000000000018,3.314285714285714,17.4
Chocolates & Candies,Ching's Singapore Curry Instant Noodles,0.6,0,4,0.6,240,False,240,0.0,2.5,2.4
Chocolates & Candies,Kellogg's Almonds And Cranberries Granola,3.3,6,6,3.1,460,False,460,0.19999999999999973,6.739130434782608,18.6
Chocolates & Candies,Nestle Ceregrow Multigrain Cereal with Milk and Fruits - 3 to 6 years,2.92,0,6,2.92,300,False,300,0.0,9.733333333333334,17.52
Chocolates & Candies,MTR 3 Minute Breakfast - Magic Masala Upma,0.25,0,6,0.25,60,False,60,0.0,4.166666666666667,1.5
Chocolates & Candies,Smith & Jones Masala Noodles,0.68,10,5,0.61,360,False,360,0.07000000000000006,1.6944444444444444,3.05
Chocolates & Candies,"Knorr Classic Tomato Soup With 100% Real Vegetabls, No Added Preservatives",0.55,0,6,0.55,53,False,53,0.0,10.377358490566039,3.3000000000000003
Chocolates & Candies,Godrej Yummiez Chicken Punjabi Tikka,2.95,9,6,2.66,360,False,360,0.29000000000000004,7.388888888888889,15.96
Chocolates & Candies,Kellogg's Corn Flakes,4.25,9,1,3.83,1000,False,1,0.41999999999999993,3.83,3.83
Chocolates & Candies,Kelloggs Chocos,1.7,5,4,1.6,385,False,385,0.09999999999999987,4.1558441558441555,6.4
Chocolates & Candies,Pedigree Puppy Dry Dog Food Food Chicken & Milk,2.9,20,6,2.32,1200,False,1200,0.5800000000000001,1.9333333333333331,13.919999999999998
Chocolates & Candies,Ching's Secret Lemon Coriander Instant Soup,0.15,0,5,0.15,15,False,15,0.0,10.0,0.75
Chocolates & Candies,Nestle Cerelac Baby Cereal With Milk Wheat-Rice Mixed Fruit,2.61,0,6,2.61,300,False,300,0.0,8.7,15.66
Chocolates & Candies,Kelloggs Chocos - Moons & Stars,6.6,40,4,3.96,1200,False,1,2.6399999999999997,3.3,15.84
Chocolates & Candies,ITC Master Chef Chicken Galouti Kebab,1.7,4,2,1.62,210,False,210,0.07999999999999985,7.714285714285715,3.24
Chocolates & Candies,Yogabar 100% Pure Peanut Butter Creamy & Yummy Unsweetened,2.29,10,6,2.06,400,False,400,0.22999999999999998,5.15,12.36
Chocolates & Candies,Kitchens Of India Palak Paneer,1.3,30,6,0.91,285,False,285,0.39,3.1929824561403506,5.46
Chocolates & Candies,Kelloggs Chocos Fills Double Chocolat,0.99,11,6,0.88,175,False,175,0.10999999999999999,5.0285714285714285,5.28
Chocolates & Candies,Soulfull Ragi Bites Choco Fills,1.69,5,4,1.6,250,False,250,0.08999999999999986,6.4,6.4
Chocolates & Candies,Figaro Sliced Black Olive,1.79,0,6,1.79,450,False,450,0.0,3.977777777777778,10.74
Chocolates & Candies,Veeba Barbeque Sauce,1.49,8,6,1.37,330,False,330,0.11999999999999988,4.151515151515151,8.22
Chocolates & Candies,The Whole Truth Vegan Mocha Almond Fudge Energy Bar No Sugar,0.6,20,6,0.48,40,False,40,0.12,12.0,2.88
Chocolates & Candies,"The Whole Truth - Nuts, Fruits & Seeds Muesli",3.25,20,6,2.6,350,False,350,0.6499999999999999,7.428571428571429,15.600000000000001
Chocolates & Candies,Pantai Green Curry Paste,1.5,14,5,1.28,114,False,114,0.21999999999999997,11.228070175438598,6.4
Chocolates & Candies,Kelloggs Special K,2.1,8,5,1.92,435,False,435,0.18000000000000016,4.413793103448276,9.6
Chocolates & Candies,Moi Soi Sichuan Chilli Oil- For Stir Fry Marinade Spread & Dip,2.8,50,5,1.4,175,False,175,1.4,8.0,7.0
Chocolates & Candies,Mother's Recipe Madras Appalam,0.5,10,6,0.45,100,False,100,0.04999999999999999,4.500000000000001,2.7
Chocolates & Candies,Top Ramen Masala Oat Masala,0.8,10,6,0.72,280,False,280,0.08000000000000007,2.571428571428571,4.32
Chocolates & Candies,Saffola Everyday Peppy Tomato Masala Oats,1.95,12,6,1.71,500,False,500,0.24,3.42,10.26
Chocolates & Candies,"Ching's Secret Instant Noodles, Hot Garlic",0.6,0,4,0.6,240,False,240,0.0,2.5,2.4
Chocolates & Candies,Kitchens Of India Chicken Chettinad,2.0,30,1,1.4,285,False,285,0.6000000000000001,4.912280701754385,1.4
Chocolates & Candies,Nestle Cerelac Wheat - Stage 1,1.9,0,6,1.9,300,False,300,0.0,6.333333333333333,11.399999999999999
Chocolates & Candies,Sumeru Aloo Paratha,1.19,5,6,1.13,400,False,400,0.06000000000000005,2.8249999999999997,6.779999999999999
Chocolates & Candies,ITC Master Chef Veggie Pizza Pocket,1.7,4,4,1.62,340,False,340,0.07999999999999985,4.764705882352942,6.48
Chocolates & Candies,Wingreens Farms Tangy Cheese Pita Chips & Mexican Salsa Dip,0.6,15,1,0.51,70,False,70,0.08999999999999997,7.285714285714286,0.51
Chocolates & Candies,Ching's Secret Manchow Soup,0.55,0,3,0.55,55,False,55,0.0,10.0,1.6500000000000001
Chocolates & Candies,Veeba Carrot & Cucumber Sandwich Spread,0.85,10,6,0.76,250,False,250,0.08999999999999997,3.04,4.5600000000000005
Chocolates & Candies,Kellogg's Real Almond & Honey Corn Flakes,3.7,12,3,3.24,650,False,650,0.45999999999999996,4.984615384615385,9.72
Chocolates & Candies,Kitchens Of India Mughlai Paneer,1.6,30,4,1.12,285,False,285,0.48,3.929824561403509,4.48
Chocolates & Candies,Ching's Secret Just Soak - Veg Hakka Noodles,0.3,0,5,0.3,150,False,150,0.0,2.0,1.5
Chocolates & Candies,Ching's Secret Chowmein Hakka Noodles Masala,0.6,10,2,0.54,100,False,100,0.05999999999999994,5.4,1.08
Chocolates & Candies,The Whole Truth Dark Chocolate Peanut Butter - Crunchy,2.35,20,5,1.88,325,False,325,0.4700000000000002,5.7846153846153845,9.399999999999999
Chocolates & Candies,Mother's Recipe Bhel Puri Chutney,0.55,9,4,0.5,200,False,200,0.050000000000000044,2.5,2.0
Chocolates & Candies,Kelloggs Chocos Moon & Stars,3.3,10,6,2.94,680,False,680,0.3599999999999999,4.3235294117647065,17.64
Chocolates & Candies,Mother's Recipe Lime Pickle,1.2,5,1,1.14,400,False,400,0.06000000000000005,2.8499999999999996,1.14
Chocolates & Candies,Kitchens of India Dal Makhani,1.1,30,2,0.77,285,False,285,0.33000000000000007,2.7017543859649122,1.54
Chocolates & Candies,Pantai Light Soy Sauce,2.75,14,5,2.34,200,False,200,0.41000000000000014,11.7,11.7
Chocolates & Candies,Ching's Secret Sweet Corn Soup,0.55,0,6,0.55,55,False,55,0.0,10.0,3.3000000000000003
Chocolates & Candies,"Top Ramen Noodles, Atta",0.8,0,1,0.8,280,False,280,0.0,2.857142857142857,0.8
Chocolates & Candies,Cantina Tortilla Dip Sauce Sour Creamy Tex Mex,2.25,15,5,1.91,190,False,190,0.3400000000000001,10.052631578947368,9.549999999999999
Chocolates & Candies,Dabur Hommade - Rajasthan Ki Garlic Chutne,0.65,6,6,0.61,200,False,200,0.040000000000000036,3.05,3.66
Chocolates & Candies,MTR Seviyan Vermicelli,0.42,0,2,0.42,400,False,400,0.0,1.05,0.84
Chocolates & Candies,Pantai Oyster Sauce,2.75,14,4,2.34,200,False,200,0.41000000000000014,11.7,9.36
Chocolates & Candies,Go Cheese Spread - Four Pepper (Soft & Creamy),0.99,5,6,0.94,200,False,200,0.050000000000000044,4.699999999999999,5.64
Chocolates & Candies,MTR Ready To Eat Paneer Butter Masala,1.35,9,2,1.22,300,False,300,0.13000000000000012,4.066666666666666,2.44
Chocolates & Candies,Nestle Lactogen Stage 2 Follow-up Formula Powder,3.4,0,2,3.4,400,False,400,0.0,8.5,6.8
Chocolates & Candies,Kellogg's Crunchy Bites Chocos,1.9,10,6,1.71,375,False,375,0.18999999999999995,4.56,10.26
Chocolates & Candies,Veeba Hot Sweet Tomato Chilli Sauce,1.04,20,3,0.83,500,False,500,0.21000000000000008,1.66,2.4899999999999998
Chocolates & Candies,Borges Durum Wheat Pasta Superior Quality,2.5,40,6,1.49,500,False,500,1.01,2.98,8.94
Chocolates & Candies,Funfoods Peanut Butter Crunchy,1.69,7,1,1.56,400,False,400,0.1299999999999999,3.9000000000000004,1.56
Chocolates & Candies,Pantai Red Curry Paste,0.6,0,4,0.6,50,False,50,0.0,12.0,2.4
Chocolates & Candies,ITC Master Chef Chicken Seekh Kabab,3.25,0,6,3.25,500,False,500,0.0,6.5,19.5
Chocolates & Candies,Del Monte Pizza & Pasta Sauce Spout Pack,0.99,0,3,0.99,400,False,400,0.0,2.4749999999999996,2.9699999999999998
Chocolates & Candies,Pantai Sriracha Red Chilli Sauce,2.25,15,6,1.91,200,False,200,0.3400000000000001,9.549999999999999,11.459999999999999
Chocolates & Candies,Hershey's Cocoa Spread,2.95,0,3,2.95,350,False,350,0.0,8.428571428571429,8.850000000000001
Chocolates & Candies,Maggi Ghee Tadka Upma Express Pouch,0.25,0,6,0.25,65,False,65,0.0,3.8461538461538463,1.5
Chocolates & Candies,Ching's Secret Manchurian Noodles,0.91,0,5,0.91,360,False,360,0.0,2.5277777777777777,4.55
Chocolates & Candies,Kellogg's All Bran Wheat Flakes,2.2,6,5,2.05,425,False,425,0.15000000000000036,4.823529411764706,10.25
Chocolates & Candies,Yummiez Chicken Breakfast Sausages,1.5,0,3,1.5,250,False,250,0.0,6.0,4.5
Chocolates & Candies,Pantai Red Curry Paste,1.5,14,3,1.28,114,False,114,0.21999999999999997,11.228070175438598,3.84
Chocolates & Candies,Bagrrys Muesli Crunchy Fruit & Nut With Cranberries,3.3,10,6,2.97,400,False,400,0.3299999999999996,7.425,17.82
Chocolates & Candies,Quaker Oats Pouch,2.76,10,6,2.48,1500,False,1,0.2799999999999998,1.6533333333333333,14.879999999999999
Chocolates & Candies,Prasuma Momos -  Cheesy Spicy Veg,2.95,0,6,2.95,24,False,24,0.0,122.91666666666667,17.700000000000003
Chocolates & Candies,Veeba Sriracha Chilli Garlic Sauce,1.49,8,5,1.37,320,False,320,0.11999999999999988,4.28125,6.8500000000000005
Chocolates & Candies,Ching's Secret Just Soak - Veg Hakka Noodles,1.15,0,6,1.15,600,False,600,0.0,1.9166666666666665,6.8999999999999995
Chocolates & Candies,Moi Soi Kung Pao Sauce - For Stir Fry Marinade Spread & Dip,2.8,50,5,1.4,175,False,175,1.4,8.0,7.0
Chocolates & Candies,Figaro Plain Green Olive,1.79,0,6,1.79,450,False,450,0.0,3.977777777777778,10.74
Chocolates & Candies,Mother's Recipe Gujrati Gorkeri Pickle,1.4,10,3,1.26,500,False,500,0.1399999999999999,2.52,3.7800000000000002
Chocolates & Candies,Kellogg's Muesli 20% Nuts Delight,3.2,0,6,3.2,500,False,500,0.0,6.4,19.200000000000003
Chocolates & Candies,Borges Farfalle Durum Wheat Pasta,2.5,0,5,2.5,500,False,500,0.0,5.0,12.5
Chocolates & Candies,Kellogg's Chocos,2.99,10,4,2.69,700,False,700,0.30000000000000027,3.8428571428571425,10.76
Chocolates & Candies,Nestle Nan Pro 4 Follow Up Formula Powder For Older Infants,6.2,0,1,6.2,400,False,400,0.0,15.5,6.2
Chocolates & Candies,Veeba Truly Tomato Ketchup,0.99,20,6,0.79,500,False,500,0.19999999999999996,1.58,4.74
Chocolates & Candies,Ching's Secret Green Chilli Sauce,0.85,4,1,0.81,680,False,680,0.039999999999999925,1.1911764705882355,0.81
Chocolates & Candies,MTR Roasted Vermicelli,0.55,0,1,0.55,400,False,400,0.0,1.3750000000000002,0.55
Chocolates & Candies,Mother's Recipe Punjabi Teekha Mang Pickle,1.2,10,4,1.08,400,False,400,0.11999999999999988,2.7,4.32
Chocolates & Candies,Ching's Secret Hot Garlic Instant Noodles,1.14,0,6,1.14,480,False,480,0.0,2.375,6.84
Chocolates & Candies,Kellogg's Real Honey Corn Flakes,2.9,7,5,2.67,630,False,630,0.22999999999999998,4.238095238095238,13.35
Chocolates & Candies,ITC Master Chef Lebanese Falafel Kebab,1.3,4,4,1.24,230,False,230,0.06000000000000005,5.391304347826087,4.96
Chocolates & Candies,Kelloggs Chocos Fills Double Chocolaty,1.85,10,5,1.65,250,False,250,0.20000000000000018,6.6,8.25
Chocolates & Candies,Organic India Apple Cider Vinegar,5.95,9,2,5.36,500,False,500,0.5899999999999999,10.72,10.72
Chocolates & Candies,Masala Oats Masala & Coriander,1.95,9,5,1.76,500,False,500,0.18999999999999995,3.52,8.8
Chocolates & Candies,Ching's Secret  Noodles - Pad Thai Lemongras,2.0,0,5,2.0,130,False,130,0.0,15.384615384615385,10.0
Chocolates & Candies,Bagrrys Fruit and Nut Muesli with Cranberries,4.99,0,5,4.99,750,False,750,0.0,6.653333333333334,24.950000000000003
Chocolates & Candies,Kitchens Of India Yellow Dal Tadka,1.1,30,6,0.77,285,False,285,0.33000000000000007,2.7017543859649122,4.62
Chocolates & Candies,Soulfull Vanilla Fills - Ragi Bites,1.69,5,6,1.6,250,False,250,0.08999999999999986,6.4,9.600000000000001
Chocolates & Candies,Pantai Teriyaki Sauce with Garlic,3.25,15,6,2.76,200,False,200,0.4900000000000002,13.799999999999999,16.56
Chocolates & Candies,Whiskas Adult Pocket Tuna Cat Food,4.1,0,1,4.1,1200,False,1,0.0,3.4166666666666665,4.1
Chocolates & Candies,Kitchens Of India Chicken Darbari,2.0,30,4,1.4,285,False,285,0.6000000000000001,4.912280701754385,5.6
Chocolates & Candies,Soulfull Millet Muesli Fruit & Nut Almonds & Real Fruits,2.99,10,6,2.69,400,False,400,0.30000000000000027,6.725,16.14
Chocolates & Candies,Smith & Jones Red Pasta Sauce Mix,0.4,0,6,0.4,46,False,46,0.0,8.695652173913043,2.4000000000000004
Chocolates & Candies,Kellogg's Muesli Nuts Delight,4.25,9,3,3.83,750,False,750,0.41999999999999993,5.1066666666666665,11.49
Chocolates & Candies,Kitchens of India Dal Bukhara Gravy Mix,1.1,30,6,0.77,285,False,285,0.33000000000000007,2.7017543859649122,4.62
Chocolates & Candies,The Whole Truth Peanut Butter - Sweetened & Crunchy,2.15,20,6,1.72,325,False,325,0.42999999999999994,5.292307692307692,10.32
Chocolates & Candies,Remia Mayonnaise,2.3,0,6,2.3,241,False,241,0.0,9.54356846473029,13.799999999999999
Chocolates & Candies,Ching's Secret Green Chilli Sauce,1.05,0,6,1.05,425,False,425,0.0,2.4705882352941178,6.300000000000001
Chocolates & Candies,Bagrrys Fruit N Fibre Muesli - Strawberry,5.95,0,1,5.95,1000,False,1,0.0,5.95,5.95
Chocolates & Candies,Ching's Secret Tomato Oats Instant Soup,0.15,0,3,0.15,20,False,20,0.0,7.5,0.44999999999999996
Chocolates & Candies,Kellogg's Special K Original Corn Flakes,1.4,5,1,1.33,290,False,290,0.06999999999999984,4.586206896551724,1.33
Chocolates & Candies,Moi Soi  Black Bean Sauce - Dip Spread Stir Fry & Marinade,2.8,50,5,1.4,175,False,175,1.4,8.0,7.0
Chocolates & Candies,Tong Garden Wasabi Green Peas,1.75,4,6,1.67,150,False,150,0.08000000000000007,11.133333333333333,10.02
Chocolates & Candies,Ching's Secret Red Chilli Sauce,1.05,0,4,1.05,440,False,440,0.0,2.3863636363636367,4.2
Chocolates & Candies,Ching's Instant Hot and Sour Soup,0.55,0,5,0.55,55,False,55,0.0,10.0,2.75
Chocolates & Candies,Ching's Secret Noodles - Pad Thai Original,2.0,0,6,2.0,130,False,130,0.0,15.384615384615385,12.0
Chocolates & Candies,Aashirvaad Instant Meals - Khatta Meetha Pohaa With Millets,0.55,30,5,0.38,80,False,80,0.17000000000000004,4.75,1.9
Chocolates & Candies,Del Monte Black Sliced Olives,2.5,0,1,2.5,450,False,450,0.0,5.555555555555555,2.5
Chocolates & Candies,Kitchens Of India Murgh Methi,2.2,30,5,1.54,285,False,285,0.6600000000000001,5.4035087719298245,7.7
Chocolates & Candies,Nestle Cerelac 5 Grains & Fruits Cereal,2.88,0,6,2.88,300,False,300,0.0,9.6,17.28
Chocolates & Candies,The Whole Truth - 5 Grain Muesli No Added Sugar,3.25,20,6,2.6,350,False,350,0.6499999999999999,7.428571428571429,15.600000000000001
Chocolates & Candies,Ching's Secret  Pad Thai Noodles Green Curry,2.0,0,6,2.0,130,False,130,0.0,15.384615384615385,12.0
Chocolates & Candies,Aashirvaad Suji Halwa With Jaggery,0.75,0,6,0.75,70,False,70,0.0,10.714285714285714,4.5
Chocolates & Candies,Mother's Recipe Mango Pickle,1.2,0,1,1.2,400,False,400,0.0,3.0,1.2
Chocolates & Candies,Ching's Secret Pad Thai Noodles - Extra Hot Thai Chilli,2.0,0,6,2.0,130,False,130,0.0,15.384615384615385,12.0
Chocolates & Candies,Kellogg's Special K Original Corn Flakes,3.99,11,6,3.55,900,False,900,0.4400000000000004,3.944444444444444,21.299999999999997
Chocolates & Candies,Knorr Sweet Corn Chicken Soup,0.55,0,2,0.55,42,False,42,0.0,13.095238095238095,1.1
Chocolates & Candies,Ching's Secret Tomato Soup,0.55,0,6,0.55,55,False,55,0.0,10.0,3.3000000000000003
Chocolates & Candies,Funfoods Peanut Butter Creamy,1.69,0,1,1.69,400,False,400,0.0,4.225,1.69
Chocolates & Candies,Japanese Choice Udon Noodles,2.95,9,6,2.66,250,False,250,0.29000000000000004,10.64,15.96
Chocolates & Candies,Kelloggs Muesli - With 22% Fruit Magic,3.2,10,5,2.88,500,False,500,0.3200000000000003,5.76,14.399999999999999
Chocolates & Candies,Dabur Hommade - Kalonji Tamatar Ki Chutney,0.65,6,6,0.61,200,False,200,0.040000000000000036,3.05,3.66
Chocolates & Candies,Kitchens Of India Dal Makhani,1.1,30,1,0.77,285,False,285,0.33000000000000007,2.7017543859649122,0.77
Chocolates & Candies,Aashirvaad Suji Halwa With Jaggery,0.55,30,6,0.38,80,False,80,0.17000000000000004,4.75,2.2800000000000002
Chocolates & Candies,Del Monte Green Chili Sauce,0.55,0,3,0.55,190,False,190,0.0,2.8947368421052633,1.6500000000000001
Chocolates & Candies,Pedigree Dog Food Adult Chicken & Veg,6.6,10,1,5.94,3000,False,3,0.6599999999999993,1.98,5.94
Chocolates & Candies,Kellogg's Original Corn Flakes,1.85,5,6,1.75,475,False,475,0.10000000000000009,3.6842105263157894,10.5
Chocolates & Candies,Pedigree Puppy Dry Dog Food Food Chicken & Milk,6.9,6,2,6.48,3000,False,3,0.41999999999999993,2.16,12.96
Chocolates & Candies,Kitchens Of India Rajma Masala,1.1,30,5,0.77,285,False,285,0.33000000000000007,2.7017543859649122,3.85
Chocolates & Candies,Kitchen Of India Ready-To-Eat Pindi Channa,1.1,30,2,0.77,285,False,285,0.33000000000000007,2.7017543859649122,1.54
Chocolates & Candies,Figaro Pitted Black Olive,1.79,0,6,1.79,450,False,450,0.0,3.977777777777778,10.74
Chocolates & Candies,Cantina Tabasco Red Sauce,1.4,15,6,1.19,60,False,60,0.20999999999999996,19.833333333333332,7.14
Chocolates & Candies,Mother's Recipe Pickle - Mixed,1.49,26,6,1.09,500,False,500,0.3999999999999999,2.18,6.540000000000001
Chocolates & Candies,Nestle Cerelac Baby Cereal with Milk 5 Grains & Vegetables from 18 to 24 Month,2.79,0,5,2.79,300,False,300,0.0,9.3,13.95
Chocolates & Candies,Mother's Recipe Tamarind Paste,0.5,2,2,0.49,200,False,200,0.010000000000000009,2.4499999999999997,0.98
Chocolates & Candies,Pedigree Meat Jerky Adult Dog Treat Barbecued Chicken,1.4,20,6,1.12,80,False,80,0.2799999999999998,14.000000000000002,6.720000000000001
Chocolates & Candies,Veeba Peri Peri Sauce,1.61,0,6,1.61,300,False,300,0.0,5.366666666666667,9.66
Chocolates & Candies,Pantai Sriracha Yellow Chilli Sauce,2.25,15,6,1.91,200,False,200,0.3400000000000001,9.549999999999999,11.459999999999999
Chocolates & Candies,Praakritik Organic Jumbo Rolled Oats,1.9,11,6,1.69,500,False,500,0.20999999999999996,3.38,10.14
Chocolates & Candies,Ching's Secret Just Soak - Whole Wheat Veg Hakka Noodles,1.23,0,6,1.23,600,False,600,0.0,2.0500000000000003,7.38
Chocolates & Candies,Pantai Spring Roll Sauce,2.75,10,6,2.45,200,False,200,0.2999999999999998,12.25,14.700000000000001
Chocolates & Candies,MTR Vermicelli Payasam,0.75,0,6,0.75,180,False,180,0.0,4.166666666666667,4.5
Chocolates & Candies,Bagrrys Corn Flakes,3.5,0,6,3.5,880,False,800,0.0,3.977272727272727,21.0
Chocolates & Candies,MTR Ready To Eat Palak Paneer,1.35,11,6,1.2,300,False,300,0.15000000000000013,4.0,7.199999999999999
Chocolates & Candies,Del Monte Red Chili Sauce,0.55,0,5,0.55,190,False,190,0.0,2.8947368421052633,2.75
Chocolates & Candies,Kitchens of India Mutter Paneer Mix,1.2,30,4,0.84,285,False,285,0.36,2.947368421052632,3.36
Chocolates & Candies,Pantai Green Curry Paste,0.6,6,6,0.56,50,False,50,0.039999999999999925,11.200000000000001,3.3600000000000003
Chocolates & Candies,The Laughing Cow Cheese Spread Plain,1.1,0,6,1.1,180,False,180,0.0,6.111111111111112,6.6000000000000005
Chocolates & Candies,MTR Dal Fry,1.1,0,5,1.1,300,False,300,0.0,3.666666666666667,5.5
Chocolates & Candies,Pantai Fish Sauce,2.75,14,6,2.34,200,False,200,0.41000000000000014,11.7,14.04
Chocolates & Candies,Cantina Beans Mexican Beans,2.5,14,6,2.13,410,False,410,0.3700000000000001,5.1951219512195115,12.78
Chocolates & Candies,Ching's Secret Manchurian Instant Noodle,1.14,0,6,1.14,480,False,480,0.0,2.375,6.84
Chocolates & Candies,Remia Salad Italian Dressing,2.3,0,6,2.3,250,False,250,0.0,9.2,13.799999999999999
Chocolates & Candies,Yummiez Veg Cheese Fingers Pouch,2.3,0,4,2.3,400,False,400,0.0,5.75,9.2
Chocolates & Candies,MTR Dal Makhani,1.1,0,4,1.1,300,False,300,0.0,3.666666666666667,4.4
Chocolates & Candies,MTR Ready to Eat Pav Bhaji,1.1,0,6,1.1,300,False,300,0.0,3.666666666666667,6.6000000000000005
Chocolates & Candies,Weikfield Tomato Salsa Instant Pasta,0.25,0,1,0.25,77,False,77,0.0,3.246753246753247,0.25
Chocolates & Candies,Nestlé CERELAC Baby Cereal with Milk,2.72,0,1,2.72,300,False,300,0.0,9.066666666666666,2.72
Chocolates & Candies,Remia Salad Caesar Dressing,2.5,0,6,2.5,250,False,250,0.0,10.0,15.0
Chocolates & Candies,Bagrrys Fruit N Fibre Muesli Mixed Fruit,3.3,0,6,3.3,500,False,500,0.0,6.6,19.799999999999997
Chocolates & Candies,MTR Paneer Butter Masala & Veg Pulao,1.75,9,4,1.58,375,False,375,0.16999999999999993,4.213333333333334,6.32
Chocolates & Candies,Sundrop Cocoa Nut Hazelnut Chocolatey Spread,1.2,0,6,1.2,160,False,160,0.0,7.5,7.199999999999999
Chocolates & Candies,Moi Soi Manchurian Sauce - For Stir Fry Marinade Spread & Dip,2.8,50,6,1.4,175,False,175,1.4,8.0,8.399999999999999
Chocolates & Candies,Pedigree Dog Food Adult Meat & Rice,6.6,7,2,6.08,3000,False,3,0.5199999999999996,2.026666666666667,12.16
Chocolates & Candies,Pantai Sriracha Green Chilli Sauce,2.25,15,6,1.91,200,False,200,0.3400000000000001,9.549999999999999,11.459999999999999
Chocolates & Candies,Pantai Chilli Garlic Sauce,2.75,14,6,2.34,200,False,200,0.41000000000000014,11.7,14.04
Chocolates & Candies,Pantai Dark Soy Sauce,2.75,14,6,2.34,200,False,200,0.41000000000000014,11.7,14.04
Chocolates & Candies,Yoga Bar Peanut Butter Dark Chocolate Jar,2.49,0,4,2.49,400,False,400,0.0,6.2250000000000005,9.96
Chocolates & Candies,Cantina Tabasco Green Sauce,1.4,15,6,1.19,60,False,60,0.20999999999999996,19.833333333333332,7.14
Chocolates & Candies,Pantai Pad Thai Sauce (Non-Veg),3.25,9,5,2.93,200,False,200,0.31999999999999984,14.650000000000002,14.65
Chocolates & Candies,Pantai Sweet Chilli Sauce,2.75,14,6,2.34,200,False,200,0.41000000000000014,11.7,14.04
Chocolates & Candies,Ching's Secret Schezwan Instant Noodle,1.14,0,6,1.14,480,False,480,0.0,2.375,6.84
Chocolates & Candies,Yummiez Chicken Garlic Fingers Pouch,2.5,0,5,2.5,400,False,400,0.0,6.25,12.5
Chocolates & Candies,Pediasure Premium Chocolate Powdered Health Drink,6.1,0,2,6.1,400,False,400,0.0,15.25,12.2
Chocolates & Candies,Chings Secret Hot Garlic Instant Noodles,0.91,0,6,0.91,60,False,60,0.0,15.166666666666666,5.46
Chocolates & Candies,Godrej Yummiez Cheese Corn Nuggets,2.3,0,4,2.3,400,False,400,0.0,5.75,9.2
Chocolates & Candies,Pantai Hot Chilli Sauce,2.75,14,6,2.34,200,False,200,0.41000000000000014,11.7,14.04
Chocolates & Candies,Knorr International Mexican Tomato Corn Soup,0.65,6,3,0.61,52,False,52,0.040000000000000036,11.73076923076923,1.83
Chocolates & Candies,Bagrry's Fruit Fibre Muesli Mixed Fruit,5.95,0,5,5.95,1000,False,1,0.0,5.95,29.75
Chocolates & Candies,MTR Roasted Vermicelli,1.05,0,4,1.05,850,False,850,0.0,1.2352941176470589,4.2
Chocolates & Candies,Maggi 2-Minute Instant Noodles - Masala,0.44,0,0,0.44,280,True,280,0.0,1.5714285714285714,0.0
Chocolates & Candies,"Kurkure Green Chutney, Rajasthani Style",0.2,0,0,0.2,90,True,90,0.0,2.2222222222222223,0.0
Chocolates & Candies,Kellogg's Chocos Combo Pack,0.6,6,0,0.56,156,True,156,0.039999999999999925,3.5897435897435903,0.0
Chocolates & Candies,Kissan Mixed Fruit Jam,1.55,0,0,1.55,500,True,500,0.0,3.1,0.0
Chocolates & Candies,Lijjat Urad Papad,0.6,5,0,0.57,200,True,200,0.030000000000000027,2.8499999999999996,0.0
Chocolates & Candies,Amul Cheese Spread Yummy Plain,0.85,0,0,0.85,200,True,200,0.0,4.25,0.0
Chocolates & Candies,Mother's Recipe Ginger And Garlic Paste,0.5,24,0,0.38,200,True,200,0.12,1.9,0.0
Chocolates & Candies,Maggi Magic Cubes Chicken,0.4,2,0,0.39,40,True,40,0.010000000000000009,9.75,0.0
Chocolates & Candies,Pedigree Puppy Chicken Chunks in Gravy,0.35,2,0,0.34,70,True,70,0.009999999999999953,4.857142857142858,0.0
Chocolates & Candies,The Whole Truth Peanut Butter - Unsweetened & Crunchy,1.85,20,0,1.48,325,True,325,0.3700000000000001,4.553846153846154,0.0
Chocolates & Candies,Ching's Chow Mein Hakka Noodles Masala,0.1,0,0,0.1,20,True,20,0.0,5.0,0.0
Chocolates & Candies,Safal Frozen Mixed Vegetables,0.6,5,0,0.57,500,True,500,0.030000000000000027,1.14,0.0
Chocolates & Candies,Safal Frozen Corn,0.41,4,0,0.39,200,True,200,0.019999999999999962,1.9500000000000002,0.0
Chocolates & Candies,Amul Cheese Spread Spicy Garlic,0.85,3,0,0.82,200,True,200,0.030000000000000027,4.1,0.0
Chocolates & Candies,Ching's Secret Veg Hakka Noodles,1.07,0,0,1.07,600,True,600,0.0,1.7833333333333334,0.0
Chocolates & Candies,Saffola Oats 100 % Natural,0.15,0,0,0.15,38,True,38,0.0,3.947368421052632,0.0
Chocolates & Candies,Lijjat Moong Papad,0.6,5,0,0.57,200,True,200,0.030000000000000027,2.8499999999999996,0.0
Chocolates & Candies,Mothers Recipe Papad - Sabudana With Rock Salt,0.31,9,0,0.28,70,True,70,0.02999999999999997,4.0,0.0
Chocolates & Candies,Maggi Chilly Chow Cuppa Noodles,0.5,0,0,0.5,70,True,70,0.0,7.142857142857142,0.0
Chocolates & Candies,Veeba Favourites Eggless Burger Mayonnaise,0.69,8,0,0.63,250,True,250,0.05999999999999994,2.52,0.0
Chocolates & Candies,Sunfeast Yippee! Magic Masala Noodles,0.48,6,0,0.45,240,True,240,0.02999999999999997,1.8750000000000002,0.0
Chocolates & Candies,Top Ramen Masala,0.91,9,0,0.82,560,True,560,0.09000000000000008,1.4642857142857142,0.0
Chocolates & Candies,Kelloggs Corn Flakes With Real Strawberry Pure,2.65,10,0,2.36,575,True,575,0.29000000000000004,4.104347826086956,0.0
Chocolates & Candies,Mother's Recipe Potato Papad,0.31,9,0,0.28,70,True,75,0.02999999999999997,4.0,0.0
Chocolates & Candies,Mothers Recipe Rice Papad Ajwain,0.24,0,0,0.24,75,True,75,0.0,3.1999999999999997,0.0
Chocolates & Candies,Chef's Basket Durum Wheat Penne Pasta,1.6,50,0,0.8,500,True,500,0.8,1.6,0.0
Chocolates & Candies,Dabur Hommade - Imli Sauce Saunth,0.2,10,0,0.18,100,True,100,0.020000000000000018,1.8,0.0
Chocolates & Candies,Zorabian Chicken Kheema Parathas,1.9,0,0,1.9,300,True,300,0.0,6.333333333333333,0.0
Chocolates & Candies,Sunfeast Pasta Treat Pack of Tomato Cheese,0.28,17,0,0.23,65,True,65,0.05000000000000002,3.5384615384615383,0.0
Chocolates & Candies,Safal Frozen - Sweet Corn,1.6,5,0,1.52,1000,True,1,0.08000000000000007,1.52,0.0
Chocolates & Candies,MTR Vegetable Upma,0.25,0,0,0.25,60,True,60,0.0,4.166666666666667,0.0
Chocolates & Candies,Del Monte Original Blend Tomato Ketchup Pouch,1.2,7,0,1.11,950,True,950,0.08999999999999986,1.168421052631579,0.0
Chocolates & Candies,Del Monte Natural Vinegar,0.55,3,0,0.53,180,True,180,0.020000000000000018,2.944444444444444,0.0
Chocolates & Candies,Del Monte Eggless Mayo,1.35,6,0,1.26,500,True,500,0.09000000000000008,2.52,0.0
Chocolates & Candies,ITC Master Chef Cheesy Corn Triangles,1.6,5,0,1.52,320,True,320,0.08000000000000007,4.75,0.0
Chocolates & Candies,Mother's Recipe Mixed Pickle,1.15,4,0,1.1,400,True,400,0.04999999999999982,2.7500000000000004,0.0
Chocolates & Candies,Godrej Yummiez Chicken Breakfast Salami,1.5,4,0,1.43,250,True,250,0.07000000000000006,5.72,0.0
Chocolates & Candies,Hershey's Cocoa + Almond Spread,2.95,9,0,2.66,350,True,350,0.29000000000000004,7.6,0.0
Chocolates & Candies,Maggi Special Masala Spicy Yummy Noodles,0.72,0,0,0.72,280,True,280,0.0,2.571428571428571,0.0
Chocolates & Candies,Del Monte Schezwan Sauce,0.55,0,0,0.55,190,True,190,0.0,2.8947368421052633,0.0
Chocolates & Candies,Yummiez Green Peas,1.35,0,0,1.35,500,True,500,0.0,2.7,0.0
Chocolates & Candies,Yummiez Green Peas,2.5,0,0,2.5,1000,True,1,0.0,2.5,0.0
Chocolates & Candies,Yummiez American Sweet Corn,0.85,0,0,0.85,400,True,400,0.0,2.125,0.0
Chocolates & Candies,Dr Oetker Cucumber & Carrot Sandwich Spread Veg,0.79,0,0,0.79,250,True,250,0.0,3.16,0.0
Chocolates & Candies,Del Monte Pitted Green Olives,2.5,0,0,2.5,450,True,450,0.0,5.555555555555555,0.0
"Meats, Fish & Eggs",Arden Eggs White,0.97,0,4,0.97,696,False,12,0.0,1.3936781609195403,3.88
"Meats, Fish & Eggs",Arden Eggs White,0.65,15,4,0.55,348,False,6,0.09999999999999998,1.5804597701149428,2.2
"Meats, Fish & Eggs",Arden Eggs Brown,0.85,7,4,0.79,348,False,6,0.05999999999999994,2.270114942528736,3.16
"Meats, Fish & Eggs",Godrej Real Good Chicken Whole Pre-Cut,3.0,10,4,2.7,1000,False,1,0.2999999999999998,2.7,10.8
"Meats, Fish & Eggs",Zorabian Chicken Breast Boneless,1.45,8,3,1.33,250,False,250,0.11999999999999988,5.32,3.99
"Meats, Fish & Eggs",Godrej Real Good Chicken Curry Cut,1.75,9,3,1.58,500,False,500,0.16999999999999993,3.16,4.74
"Meats, Fish & Eggs",TGFC Chicken Curry Cut Fresh,2.49,25,1,1.86,500,False,500,0.6300000000000001,3.72,1.86
"Meats, Fish & Eggs",Arden Desi Eggs,1.1,13,4,0.95,348,False,6,0.15000000000000013,2.7298850574712645,3.8
"Meats, Fish & Eggs",Godrej Real Good Chicken Breast Boneless,2.75,9,6,2.48,450,False,450,0.27,5.511111111111111,14.879999999999999
"Meats, Fish & Eggs",Fresh Chicken Boneless Cubes (Halal),2.15,5,1,2.04,500,False,500,0.10999999999999988,4.08,2.04
"Meats, Fish & Eggs",Godrej Real Good Chicken Kheema,2.55,9,3,2.3,450,False,450,0.25,5.111111111111111,6.8999999999999995
"Meats, Fish & Eggs",Suguna Sharp Egg,0.72,13,3,0.62,348,False,6,0.09999999999999998,1.781609195402299,1.8599999999999999
"Meats, Fish & Eggs",TGFC Bombay Duck Whole Cleaned,3.19,14,1,2.74,500,False,500,0.44999999999999973,5.48,2.74
"Meats, Fish & Eggs",Zorabian Pre Cut Chicken Skinless (Half),1.65,0,1,1.65,500,False,500,0.0,3.3,1.65
"Meats, Fish & Eggs",Godrej Real Good Chicken Drumstick,2.65,9,2,2.39,500,False,500,0.2599999999999998,4.78,4.78
"Meats, Fish & Eggs",Suguna Active - DHA,0.72,13,4,0.62,348,False,6,0.09999999999999998,1.781609195402299,2.48
"Meats, Fish & Eggs",Godrej Real Good Chicken Marinated Lollipop,2.0,10,2,1.8,580,False,10,0.19999999999999996,3.103448275862069,3.6
"Meats, Fish & Eggs",Godrej Yummiez Chicken Nuggets,3.25,9,1,2.93,500,False,500,0.31999999999999984,5.86,2.93
"Meats, Fish & Eggs",Eastern Chicken Masala,0.7,7,3,0.65,100,False,100,0.04999999999999993,6.500000000000001,1.9500000000000002
"Meats, Fish & Eggs",Ching's Chicken Chilli Masala,0.1,0,6,0.1,20,False,20,0.0,5.0,0.6000000000000001
"Meats, Fish & Eggs",Fresh Chicken Whole Leg - Skinless (Halal),1.65,4,1,1.57,500,False,500,0.07999999999999985,3.14,1.57
"Meats, Fish & Eggs",Ceres Foods Fish Mustard Instant Liquid Masala,2.2,50,6,1.1,200,False,200,1.1,5.500000000000001,6.6000000000000005
"Meats, Fish & Eggs",TGFC Tilapia Curry Cut,2.59,43,1,1.47,500,False,500,1.1199999999999999,2.94,1.47
"Meats, Fish & Eggs",Godrej Yummiez Chicken Lucknowi Seekh Kebab,2.6,10,4,2.34,400,False,400,0.26000000000000023,5.85,9.36
"Meats, Fish & Eggs",Godrej Real Good Marinated Hot & Grill Chicken,2.45,9,2,2.21,450,False,450,0.2400000000000002,4.9111111111111105,4.42
"Meats, Fish & Eggs",Everest Meat Masala Powder,0.74,9,3,0.67,100,False,100,0.06999999999999995,6.7,2.0100000000000002
"Meats, Fish & Eggs",Suguna Heart- Omega3,0.72,13,4,0.62,348,False,6,0.09999999999999998,1.781609195402299,2.48
"Meats, Fish & Eggs",Everest Powder - Egg Curry Masala,0.4,2,6,0.39,50,False,50,0.010000000000000009,7.800000000000001,2.34
"Meats, Fish & Eggs",TGFC Chicken Boneless Fresh Whole,2.61,14,1,2.22,500,False,500,0.3899999999999997,4.44,2.22
"Meats, Fish & Eggs",Zorabian Chicken Smoked Ham,2.05,5,1,1.94,250,False,250,0.10999999999999988,7.76,1.94
"Meats, Fish & Eggs",Suguna Fit Egg,1.2,43,4,0.68,348,False,6,0.5199999999999999,1.9540229885057474,2.72
"Meats, Fish & Eggs",Everest Tandoori Chicken Masala,0.39,2,5,0.38,50,False,50,0.010000000000000009,7.6,1.9
"Meats, Fish & Eggs",Godrej Yummiez Chilli Chicken Sausages,1.6,10,3,1.44,250,False,250,0.16000000000000014,5.76,4.32
"Meats, Fish & Eggs",Godrej Yummiez Chicken Punjabi Tikka,2.95,9,6,2.66,360,False,360,0.29000000000000004,7.388888888888889,15.96
"Meats, Fish & Eggs",Eastern Fish Masala,0.48,2,5,0.47,100,False,100,0.010000000000000009,4.699999999999999,2.3499999999999996
"Meats, Fish & Eggs",TGFC Catla Bengali Cut,2.9,29,1,2.04,500,False,500,0.8599999999999999,4.08,2.04
"Meats, Fish & Eggs",Godrej Real Good Chicken Leg Boneless,2.75,9,3,2.48,450,False,450,0.27,5.511111111111111,7.4399999999999995
"Meats, Fish & Eggs",TGFC Rohu Bengali Cut,2.49,28,1,1.79,500,False,500,0.7000000000000002,3.58,1.79
"Meats, Fish & Eggs",Godrej Real Good Chicken Lollypop,1.75,9,1,1.58,580,False,10,0.16999999999999993,2.7241379310344827,1.58
"Meats, Fish & Eggs",Godrej Real Good Chicken Liver Sealed,0.75,9,1,0.68,200,False,200,0.06999999999999995,3.4000000000000004,0.68
"Meats, Fish & Eggs",Everest Tandoori Chicken Masala,0.74,9,3,0.67,100,False,100,0.06999999999999995,6.7,2.0100000000000002
"Meats, Fish & Eggs",Fresh Mutton Mince - Kheema (Halal),5.15,3,1,4.95,500,False,500,0.20000000000000018,9.9,4.95
"Meats, Fish & Eggs",Fresh Mutton Curry Cut Cubes (Halal),4.65,4,1,4.42,500,False,500,0.23000000000000043,8.84,4.42
"Meats, Fish & Eggs",Ceres Foods Laal Maas Instant Liquid Masala,2.2,50,5,1.1,200,False,200,1.1,5.500000000000001,5.5
"Meats, Fish & Eggs",Godrej Real Good Chicken Legs,2.1,10,1,1.89,116,False,2,0.2100000000000002,16.29310344827586,1.89
"Meats, Fish & Eggs",Yummiez Chicken Breakfast Sausages,1.5,0,3,1.5,250,False,250,0.0,6.0,4.5
"Meats, Fish & Eggs",TGFC Basa Fillets,3.29,24,1,2.47,500,False,500,0.8199999999999998,4.94,2.47
"Meats, Fish & Eggs",Zorabian Chicken Legs Skinless,2.1,0,1,2.1,450,False,450,0.0,4.666666666666667,2.1
"Meats, Fish & Eggs",Ceres Foods Nalli Nihari Instant Liquid Masala,2.2,50,6,1.1,200,False,200,1.1,5.500000000000001,6.6000000000000005
"Meats, Fish & Eggs",Yummiez Chicken Garlic Fingers Pouch,2.5,0,5,2.5,400,False,400,0.0,6.25,12.5
"Meats, Fish & Eggs",Suhana Spice Mix - Chicken Biryani,0.66,0,6,0.66,50,False,50,0.0,13.2,3.96
"Meats, Fish & Eggs",Suguna Nourish Egg,0.62,0,0,0.62,696,True,12,0.0,0.8908045977011495,0.0
"Meats, Fish & Eggs",Fresh Chicken Curry Cut - Skinless (Halal),1.4,0,0,1.4,500,True,500,0.0,2.8,0.0
"Meats, Fish & Eggs",Zorabian Chicken Breast Boneless,1.45,0,0,1.45,450,True,450,0.0,3.2222222222222223,0.0
"Meats, Fish & Eggs",Zorabian Chicken Kheema Parathas,1.9,0,0,1.9,300,True,300,0.0,6.333333333333333,0.0
"Meats, Fish & Eggs",Fresh Chicken Mince - Kheema (Halal),2.15,5,0,2.04,500,True,500,0.10999999999999988,4.08,0.0
"Meats, Fish & Eggs",Godrej Real Good Chicken Boneless Cubes,2.75,9,0,2.48,450,True,450,0.27,5.511111111111111,0.0
"Meats, Fish & Eggs",Suguna Vitamin D Egg,0.75,17,0,0.62,348,True,6,0.13,1.781609195402299,0.0
"Meats, Fish & Eggs",Suguna Nourish Egg,0.72,16,0,0.6,348,True,6,0.12,1.7241379310344827,0.0
"Meats, Fish & Eggs",Zorabian Chicken Mince,2.5,0,0,2.5,450,True,450,0.0,5.555555555555555,0.0
"Meats, Fish & Eggs",Zorabian Chicken Leg Boneless,2.5,0,0,2.5,450,True,450,0.0,5.555555555555555,0.0
"Meats, Fish & Eggs",Godrej Yummiez Chicken Breakfast Salami,1.5,4,0,1.43,250,True,250,0.07000000000000006,5.72,0.0
"Meats, Fish & Eggs",Zorabian Chicken Cubes,2.7,0,0,2.7,500,True,500,0.0,5.4,0.0
Biscuits,Britannia Good Day Cashew Cookies,0.1,0,6,0.1,60,False,58,0.0,1.6666666666666667,0.6000000000000001
Biscuits,Britannia 50-50 Maska Chaska Biscuits,0.32,3,6,0.31,120,False,120,0.010000000000000009,2.5833333333333335,1.8599999999999999
Biscuits,Dukes Waffy Chocolate Wafers,0.45,51,4,0.22,60,False,75,0.23,3.6666666666666665,0.88
Biscuits,Britannia Nutri Choice Digestive Biscuit,0.45,0,1,0.45,200,False,150,0.0,2.2500000000000004,0.45
Biscuits,Britannia Goodday Chocochip Cookies,1.2,17,5,0.99,400,False,400,0.20999999999999996,2.4749999999999996,4.95
Biscuits,Britannia Good Day Pista Badam,0.45,2,1,0.44,200,False,200,0.010000000000000009,2.2,0.44
Biscuits,Cadbury Chocobakes Chocolate Filled Cookies,0.3,0,5,0.3,75,False,75,0.0,4.0,1.5
Biscuits,Dukes Waffy Strawberry Roll,1.5,50,3,0.75,250,False,250,0.75,3.0,2.25
Biscuits,Parle Monaco Classic Salty Biscuits,0.7,0,4,0.7,400,False,400,0.0,1.7499999999999998,2.8
Biscuits,Dukes Waffy Orange Wafers,0.45,51,5,0.22,60,False,75,0.23,3.6666666666666665,1.1
Biscuits,Britannia Good Day Pista Badam,0.2,0,6,0.2,100,False,100,0.0,2.0,1.2000000000000002
Biscuits,Britannia Milk Bikis Biscuits Packet,0.2,0,3,0.2,200,False,200,0.0,1.0,0.6000000000000001
Biscuits,Britannia Toastea (Premium Bake Rusk),0.65,0,6,0.65,400,False,400,0.0,1.6250000000000002,3.9000000000000004
Biscuits,Dukes Waffy Strawberry Wafers,0.45,51,2,0.22,60,False,75,0.23,3.6666666666666665,0.44
Biscuits,Britannia Toastea Premium Bake Rusk,0.35,0,3,0.35,182,False,182,0.0,1.923076923076923,1.0499999999999998
Biscuits,Lotte Choco Pie,0.8,10,3,0.72,168,False,168,0.08000000000000007,4.285714285714286,2.16
Biscuits,Bauli Moonfils Choco Veg Puff Roll,0.15,0,2,0.15,45,False,45,0.0,3.333333333333333,0.3
Biscuits,Sunfeast Dark Fantasy Choco Fills Cookies Packet,1.5,15,3,1.27,300,False,300,0.22999999999999998,4.233333333333333,3.81
Biscuits,Britannia 50-50 Maska Chaska Biscuit,0.75,10,6,0.675,300,False,300,0.07499999999999996,2.2500000000000004,4.050000000000001
Biscuits,Britannnia 50-50 Sweet & Salty Biscuit,0.25,0,4,0.25,200,False,200,0.0,1.25,1.0
Biscuits,Britannia Good Day Chunky Cookies,0.5,15,6,0.425,120,False,120,0.07500000000000001,3.5416666666666665,2.55
Biscuits,Sunfeast Marie Light,0.23,13,1,0.2,200,False,200,0.03,1.0,0.2
Biscuits,Britannia Bourbon Biscuit Buy 4 Get 1 Free,0.8,10,2,0.72,500,False,500,0.08000000000000007,1.44,1.44
Biscuits,The Bake Shop Whole Wheat Oats Khari,0.65,6,5,0.61,200,False,200,0.040000000000000036,3.05,3.05
Biscuits,Britannia Nutri Choice Oats Milk Almond Biscuit,0.25,10,6,0.225,75,False,75,0.024999999999999994,3.0,1.35
Biscuits,Sunfeast Dark Fantasy Choco Creme,0.8,27,4,0.58,300,False,300,0.22000000000000008,1.9333333333333331,2.32
Biscuits,Lotte Choco Pie Chocolate Cake,0.25,0,6,0.25,56,False,56,0.0,4.464285714285714,1.5
Biscuits,Sunfeast Mom's Magic Cashew & Almond Cookies Packet,0.3,10,3,0.27,200,False,200,0.02999999999999997,1.35,0.81
Biscuits,Unibic SugarFree - Oatmeal Cookies,0.5,16,3,0.42,75,False,75,0.08000000000000002,5.6,1.26
Biscuits,Parle Hide & Seek Cookies With Added Almonds,0.3,3,1,0.29,100,False,100,0.010000000000000009,2.9,0.29
Biscuits,Unibic Fruit & Nut Cookies,0.25,8,3,0.23,67,False,67,0.01999999999999999,3.4328358208955225,0.6900000000000001
Biscuits,Sunfeast Yumfills Whoopie Pie,1.4,25,5,1.05,253,False,276,0.34999999999999987,4.150197628458498,5.25
Biscuits,Britannia Toastea Premium Bake Rusk,1.1,14,1,0.94,700,False,700,0.16000000000000014,1.3428571428571427,0.94
Biscuits,McVitie's Marie biscuits with Goodness of Calcium,0.3,0,6,0.3,250,False,250,0.0,1.2,1.7999999999999998
Biscuits,Britannia Treat Croissant Vanilla Creme Roll,0.2,10,2,0.18,47,False,47,0.020000000000000018,3.829787234042553,0.36
Biscuits,Unibic Honey Oatmeal Cookies,0.25,8,6,0.23,75,False,75,0.01999999999999999,3.066666666666667,1.3800000000000001
Biscuits,Britannia Good Day Choco Chip Cookies,0.3,3,6,0.29,100,False,100,0.010000000000000009,2.9,1.7399999999999998
Biscuits,The Bake Shop Masala Cheese Crackers,0.95,6,3,0.89,100,False,100,0.05999999999999994,8.9,2.67
Biscuits,Britannia Pure Magic Vanilla Creme Biscuit,0.35,17,4,0.29,100,False,100,0.06,2.9,1.16
Biscuits,Open Secret Assorted Story Box,1.05,22,4,0.81,75,False,75,0.24,10.8,3.24
Biscuits,Cadbury Oreo Dipped Biscuit,0.7,10,1,0.63,150,False,150,0.06999999999999995,4.2,0.63
Biscuits,Sunfeast Farmlite Oats & Almonds Biscuits Packet,0.6,10,3,0.54,150,False,150,0.05999999999999994,3.6000000000000005,1.62
Biscuits,Unibic SugarFree - Butter Cookies,0.5,16,6,0.42,75,False,75,0.08000000000000002,5.6,2.52
Biscuits,Britannia Good Day Cashew Cookies Packet,1.2,12,6,1.056,600,False,600,0.1439999999999999,1.76,6.336
Biscuits,Dukes Sour & Cream Onion Nibbles Baked,0.55,25,3,0.41,150,False,150,0.14000000000000007,2.7333333333333334,1.23
Biscuits,Britannia Treat Croissant Vanilla Creme Roll,0.2,0,6,0.2,47,False,47,0.0,4.25531914893617,1.2000000000000002
Biscuits,Parle Hide & Seek Choco Rolls,0.5,2,4,0.49,120,False,120,0.010000000000000009,4.083333333333333,1.96
Biscuits,Britannia Treat Creme Wafers - Vanilla,0.45,11,6,0.4,60,False,1,0.04999999999999999,6.666666666666667,2.4000000000000004
Biscuits,Parle Rusk Elaichi,0.48,2,6,0.47,300,False,300,0.010000000000000009,1.5666666666666664,2.82
Biscuits,Lotte Choco Pie,1.4,6,2,1.31,336,False,336,0.08999999999999986,3.898809523809524,2.62
Biscuits,Sunfeast Mom's Magic Cashew & Almond Biscuits,1.2,15,6,1.02,600,False,600,0.17999999999999994,1.7000000000000002,6.12
Biscuits,Unibic Cashew Cookies,0.25,8,6,0.23,75,False,75,0.01999999999999999,3.066666666666667,1.3800000000000001
Biscuits,Parle Monaco Jeffs Zeera Biscuit,0.6,10,4,0.54,200,False,200,0.05999999999999994,2.7,2.16
Biscuits,"Unibic Snack Bar - Multigrain, Choco",0.4,17,6,0.33,30,False,30,0.07,11.000000000000002,1.98
Biscuits,The Bake Shop Methi Khari Simply Delicious,0.65,6,2,0.61,200,False,200,0.040000000000000036,3.05,1.22
Biscuits,Britannia Treat Jimjam Family Pack (Buy 4 Get 1 Free),1.0,0,6,1.0,500,False,500,0.0,2.0,6.0
Biscuits,Open Secret Choco Almond Tiffin Pack,0.35,22,3,0.27,25,False,25,0.07999999999999996,10.8,0.81
Biscuits,Lotte Choco Pie,1.5,20,6,1.2,696,False,12,0.30000000000000004,1.7241379310344827,7.199999999999999
Biscuits,Baker Street Suji Rusk Large Pack,0.3,10,6,0.27,200,False,200,0.02999999999999997,1.35,1.62
Biscuits,Parle Hide & Seek Choco Rolls,0.3,0,1,0.3,75,False,75,0.0,4.0,0.3
Biscuits,Sunfeast Dark Fantasy Vanilla Creme,0.8,15,6,0.68,300,False,300,0.12,2.2666666666666666,4.08
Biscuits,Britannia Treat Burst Choco Creme Fills,0.3,0,3,0.3,120,False,120,0.0,2.5,0.8999999999999999
Biscuits,Parle Milano Mixed Berries Cookies,0.35,2,3,0.34,75,False,75,0.009999999999999953,4.533333333333333,1.02
Biscuits,Karachi Bakery Cashew Biscuits,2.1,5,4,1.99,400,False,400,0.1100000000000001,4.9750000000000005,7.96
Biscuits,Britannia Pure Magic Choco Lush Cookies,1.2,20,4,0.96,300,False,300,0.24,3.1999999999999997,3.84
Biscuits,Britannia Treart Creme Wafers Chocolate,0.45,11,6,0.4,60,False,1,0.04999999999999999,6.666666666666667,2.4000000000000004
Biscuits,Unibic Daily Digestive (Multigrain Cookies),0.3,6,6,0.28,75,False,75,0.019999999999999962,3.733333333333334,1.6800000000000002
Biscuits,Cadbury Chocobakes Choc Filled Cookies,0.6,0,6,0.6,150,False,150,0.0,4.0,3.5999999999999996
Biscuits,The Bake Shop Whole Wheat Multigrain Toast (Rusk),0.6,6,2,0.56,200,False,200,0.039999999999999925,2.8000000000000003,1.12
Biscuits,Unibic Choco Kiss Cookies,0.45,15,5,0.38,75,False,75,0.07,5.066666666666666,1.9
Biscuits,Britannia Treat Creme Wafers - Orange,0.45,11,6,0.4,60,False,60,0.04999999999999999,6.666666666666667,2.4000000000000004
Biscuits,Bauli Moonfills Pack of 4,0.6,10,6,0.54,180,False,190,0.05999999999999994,3.0,3.24
Biscuits,Unibic Oatmeal Digestive Cookies,0.5,6,6,0.47,150,False,150,0.030000000000000027,3.133333333333333,2.82
Biscuits,Orion Choco Pie - Chocolate Coated Soft Biscuit,1.5,25,2,1.12,336,False,336,0.3799999999999999,3.3333333333333335,2.24
Biscuits,Britannia Good Day Cashew Cookies Pack Of 6,1.2,10,6,1.08,120,False,120,0.11999999999999988,9.000000000000002,6.48
Biscuits,Parle Fab Bourbon,0.3,0,3,0.3,150,False,150,0.0,2.0,0.8999999999999999
Biscuits,Open Secret White Choco Tiffin Pack,0.35,22,1,0.27,25,False,25,0.07999999999999996,10.8,0.27
Biscuits,The Bake Shop Whole Wheat Bread Sticks,0.6,6,1,0.56,100,False,100,0.039999999999999925,5.6000000000000005,0.56
Biscuits,Unibic Assorted Cookies,1.49,8,6,1.37,450,False,450,0.11999999999999988,3.0444444444444447,8.22
Biscuits,The Bake Shop Milk & Raisin Toast (Rusk),0.6,6,4,0.56,200,False,200,0.039999999999999925,2.8000000000000003,2.24
Biscuits,Lotte Choco Pie Cocoa Pie,0.9,10,6,0.81,168,False,168,0.08999999999999997,4.821428571428572,4.86
Biscuits,Bauli Moonfils Veg - Strawberry,0.15,0,5,0.15,45,False,47,0.0,3.333333333333333,0.75
Biscuits,The Bake Shop Masala Lavash,0.75,6,6,0.7,100,False,200,0.050000000000000044,6.999999999999999,4.199999999999999
Biscuits,Britannia Good Day Nut Cookies,0.3,0,6,0.3,120,False,120,0.0,2.5,1.7999999999999998
Biscuits,Sunfeast Mom's Magic Rich Butter Cookies,0.3,10,6,0.27,200,False,200,0.02999999999999997,1.35,1.62
Biscuits,The Bake Shop Whole Wheat Toast (Rusk),0.6,6,4,0.56,200,False,200,0.039999999999999925,2.8000000000000003,2.24
Biscuits,Open Secret Peanut Butter Story Box,1.05,22,6,0.81,75,False,75,0.24,10.8,4.86
Biscuits,Open Secret White Choco Story Box,1.05,22,6,0.81,75,False,75,0.24,10.8,4.86
Biscuits,The Bake Shop Whole Wheat Multigrain Lavash,0.75,6,3,0.7,100,False,200,0.050000000000000044,6.999999999999999,2.0999999999999996
Biscuits,McVitie's Oat Cookies,0.45,0,2,0.45,120,False,120,0.0,3.7500000000000004,0.9
Biscuits,Britannia Tiger Krunch Biscuits,1.2,0,4,1.2,400,False,400,0.0,3.0,4.8
Biscuits,McVitie's Butter Cookies,0.3,10,6,0.27,200,False,200,0.02999999999999997,1.35,1.62
Biscuits,Bauli Moonfils Strawberry,0.15,0,5,0.15,45,False,45,0.0,3.333333333333333,0.75
Biscuits,Britannia Good Day Butter Cookies,0.8,10,6,0.72,600,False,600,0.08000000000000007,1.2,4.32
Biscuits,Parle Hide & Seek Choco Rolls,0.6,0,1,0.6,120,False,120,0.0,5.0,0.6
Biscuits,The Bake Shop Jeera Ajwain Bread Sticks,0.6,6,6,0.56,100,False,100,0.039999999999999925,5.6000000000000005,3.3600000000000003
Biscuits,Parle Fab!o Vanilla Creme Sandwich Biscuit,0.3,3,6,0.29,120,False,120,0.010000000000000009,2.4166666666666665,1.7399999999999998
Biscuits,Sunfeast Farmlite Nuts Digestive,0.7,11,6,0.62,250,False,250,0.07999999999999996,2.48,3.7199999999999998
Biscuits,Britannia Pure Magic - Chocolush,0.35,2,6,0.34,100,False,100,0.009999999999999953,3.4000000000000004,2.04
Biscuits,The Bake Shop Maska & Multigrain Cheese Crackers,1.3,10,3,1.16,100,False,150,0.14000000000000012,11.6,3.4799999999999995
Biscuits,Britannia Nutri Choice Ragi Cookies,0.7,10,6,0.63,150,False,150,0.06999999999999995,4.2,3.7800000000000002
Biscuits,Sunfeast Farmlite 5 Seed Digestive,0.6,0,2,0.6,250,False,250,0.0,2.4,1.2
Biscuits,Dukes Nibbles - Ranch Crackers,0.5,0,6,0.5,150,False,150,0.0,3.3333333333333335,3.0
Biscuits,Danish Butter Cookies,3.5,0,1,3.5,400,False,400,0.0,8.75,3.5
Biscuits,The Bake Shop Sesame Seed Crackers,1.3,10,4,1.16,100,False,150,0.14000000000000012,11.6,4.64
Biscuits,Good Day Butter Cookies,0.1,0,0,0.1,75,True,75,0.0,1.3333333333333335,0.0
Biscuits,Britannia Marie Gold Biscuits Packet,0.3,0,0,0.3,250,True,250,0.0,1.2,0.0
Biscuits,Britannia Good Day Cashew Cookies,0.2,0,0,0.2,100,True,100,0.0,2.0,0.0
Biscuits,Sunfeast Dark Fantasy Choco Fills,0.35,8,0,0.32,75,True,75,0.02999999999999997,4.266666666666667,0.0
Biscuits,Britannia Nutri Choice Digestive Biscuits Packet,0.25,0,0,0.25,100,True,100,0.0,2.5,0.0
Biscuits,Britannia Classic Little Hearts,0.25,0,0,0.25,75,True,75,0.0,3.3333333333333335,0.0
Biscuits,Britannia Good Day Cashew Cookies Packet,0.4,5,0,0.38,200,True,200,0.020000000000000018,1.9,0.0
Biscuits,Britannia Nice Time Biscuit,0.25,0,0,0.25,150,True,150,0.0,1.6666666666666667,0.0
Biscuits,Britannia Milk Bikis Cream Biscuit,0.45,0,0,0.45,200,True,200,0.0,2.2500000000000004,0.0
Biscuits,Britannia Bourbon Chocolate Cream Biscuits,0.35,2,0,0.34,150,True,150,0.009999999999999953,2.2666666666666666,0.0
Biscuits,Dukes Waffy Chocolate Wafer Rolls,1.5,50,0,0.75,250,True,250,0.75,3.0,0.0
Biscuits,Britannia Milk Bikis Milky Sandwich,0.25,0,0,0.25,120,True,120,0.0,2.0833333333333335,0.0
Biscuits,Britannia Marie Gold Biscuit,0.28,0,0,0.28,200,True,200,0.0,1.4000000000000001,0.0
Biscuits,Britannia Marie Gold (Buy 4 Get 1 Free),0.8,0,0,0.8,600,True,600,0.0,1.3333333333333335,0.0
Biscuits,Britannia 50-50 Maska Chaska Biscuit,0.1,0,0,0.1,46,True,45,0.0,2.1739130434782608,0.0
Biscuits,Unibic Choco Nut Cookies,0.25,8,0,0.23,75,True,75,0.01999999999999999,3.066666666666667,0.0
Biscuits,Britannia Vita Marie Gold Biscuit,0.45,0,0,0.45,300,True,300,0.0,1.5,0.0
Biscuits,The Bake Shop Maska Khari,0.65,6,0,0.61,200,True,100,0.040000000000000036,3.05,0.0
Biscuits,Parle Fab! Jam-In Cream Filled,0.35,2,0,0.34,150,True,150,0.009999999999999953,2.2666666666666666,0.0
Biscuits,Sunfeast Nice Biscuit,0.25,12,0,0.22,150,True,150,0.03,1.4666666666666668,0.0
Biscuits,Britannia Nutrichoice 5 Grain Digestive Biscuits,0.75,0,0,0.75,200,True,200,0.0,3.75,0.0
Biscuits,Cadbury Oreo Strawberry Bicuits,0.3,3,0,0.29,120,True,120,0.010000000000000009,2.4166666666666665,0.0
Biscuits,Sunfeast Mom's Magic Cashew & Almond Biscuit,0.1,0,0,0.1,60,True,60,0.0,1.6666666666666667,0.0
Biscuits,Britannia Roll Yo! Strawberry Swiss Roll,0.1,0,0,0.1,28,True,28,0.0,3.5714285714285716,0.0
Biscuits,Bauli Moonfils Choco Cream (With Egg),0.15,0,0,0.15,45,True,45,0.0,3.333333333333333,0.0
Biscuits,Britannia Nutri Choice Oats Choco Almond Biscuit,0.25,10,0,0.225,100,True,75,0.024999999999999994,2.2500000000000004,0.0
Biscuits,Britannia Nutri Choice Cracker Sugar Free Biscuit,0.35,0,0,0.35,300,True,300,0.0,1.1666666666666665,0.0
Biscuits,Cadbury Oreo Chocolatey Sandwich Biscuits Family Pack,0.8,0,0,0.8,300,True,300,0.0,2.666666666666667,0.0
Biscuits,Bauli Moonfils Orange Puff Roll,0.15,0,0,0.15,45,True,45,0.0,3.333333333333333,0.0
Biscuits,Britannia Treat Jimjam Cream Biscuits,0.25,0,0,0.25,100,True,100,0.0,2.5,0.0
Biscuits,Britannia Toastea Premium Bake Rusk,0.5,6,0,0.47,300,True,300,0.030000000000000027,1.5666666666666664,0.0
Biscuits,The Bake Shop Jeera Khari,0.65,0,0,0.65,200,True,200,0.0,3.2500000000000004,0.0
Biscuits,"Cadbury Oreo Creme Biscuit - Vanilla, Original 120 g",0.3,3,0,0.29,120,True,120,0.010000000000000009,2.4166666666666665,0.0
Biscuits,Britannia Good Day Cashew Cookies,2.3,25,0,1.72,1000,True,1,0.5799999999999998,1.72,0.0
Biscuits,Bauli Moonfils - Vanilla,0.15,0,0,0.15,45,True,45,0.0,3.333333333333333,0.0
Biscuits,Britannia Roll Yo! Choco Swiss Roll (With Egg),0.1,0,0,0.1,28,True,28,0.0,3.5714285714285716,0.0
Biscuits,Britannia Milk Bikis Cream Biscuit,0.7,0,0,0.7,500,True,500,0.0,1.4,0.0
Biscuits,Open Secret Choco Almond Story Box,1.05,22,0,0.81,75,True,75,0.24,10.8,0.0
Biscuits,Parle Monaco Sixer Salted Biscuits,0.6,10,0,0.54,200,True,200,0.05999999999999994,2.7,0.0
Biscuits,Sunfeast Dark Fantasy Bourbon Bliss,0.35,17,0,0.29,150,True,150,0.06,1.9333333333333331,0.0
Biscuits,Patanjali Atta Doodh Rusk,0.4,0,0,0.4,300,True,300,0.0,1.3333333333333335,0.0
Biscuits,Sunfeast Dark Fantasy Bourbon Bliss,0.35,0,0,0.35,150,True,150,0.0,2.333333333333333,0.0
Personal Care,Clove Sensitive Toothpaste with Anti-Sensitivity & Fluoride Formulation,1.6,35,3,1.04,80,False,80,0.56,13.000000000000002,3.12
Personal Care,Dettol Original Germ Protection Alcohol Based Hand Sanitizer,0.25,0,6,0.25,50,False,50,0.0,5.0,1.5
Personal Care,Colgate Visible White Toothpaste,1.15,10,6,1.03,100,False,100,0.11999999999999988,10.3,6.18
Personal Care,Dettol SKincare Handwash Value Refill,1.09,3,6,1.05,750,False,750,0.040000000000000036,1.4,6.300000000000001
Personal Care,Savlon Herbal Sensitive Liquid Handwash Refill Pouch,1.15,4,6,1.1,750,False,500,0.04999999999999982,1.4666666666666668,6.6000000000000005
Personal Care,Colgate Total 12 Whole Mouth Protection Toothpaste,1.2,10,6,1.08,120,False,120,0.11999999999999988,9.000000000000002,6.48
Personal Care,Lux International Creamy White Soap Bar,0.35,2,6,0.34,75,False,75,0.009999999999999953,4.533333333333333,2.04
Personal Care,Colgate Herbal Toothpaste,1.14,18,2,0.93,200,False,200,0.20999999999999985,4.65,1.86
Personal Care,Nivea Men Deodorant Fresh Active 48h Long lasting Freshness,2.25,24,6,1.69,150,False,150,0.56,11.266666666666666,10.14
Personal Care,Dabur Meswak Toothpaste,0.58,5,6,0.55,100,False,100,0.029999999999999916,5.500000000000001,3.3000000000000003
Personal Care,Colgate Max Fresh Cooling Crystals Toothpaste,1.01,5,2,0.95,150,False,150,0.06000000000000005,6.333333333333333,1.9
Personal Care,Indulekha Bhringa Hair Oil,4.32,15,6,3.67,100,False,100,0.6500000000000004,36.699999999999996,22.02
Personal Care,Colgate Sensitive Soft Bristles Toothbrush,0.5,0,6,0.5,58,False,1,0.0,8.620689655172413,3.0
Personal Care,Pears Pure & Gentle Glycerin Bath Soap,0.75,0,6,0.75,125,False,125,0.0,6.0,4.5
Personal Care,Vaseline Skin Protecting Jelly,0.79,13,6,0.68,50,False,50,0.10999999999999999,13.600000000000001,4.08
Personal Care,Dettol Original Germ Protection Bathing Soap Bar,1.66,5,4,1.57,375,False,375,0.08999999999999986,4.1866666666666665,6.28
Personal Care,Dettol Intense Cool Soap (B4G1),2.6,5,6,2.47,625,False,625,0.1299999999999999,3.952000000000001,14.82
Personal Care,Livon Anti-Frizz Serum,2.5,10,3,2.25,100,False,100,0.25,22.5,6.75
Personal Care,Lifebuoy Germ Protection Care Soap Bar,0.3,3,3,0.29,100,False,125,0.010000000000000009,2.9,0.8699999999999999
Personal Care,Lux International Creamy White Soap Bar,0.7,10,6,0.63,125,False,125,0.06999999999999995,5.04,3.7800000000000002
Personal Care,Godrej Nupur  100% Pure Henna (Mehendi),0.1,0,6,0.1,18,False,18,0.0,5.555555555555555,0.6000000000000001
Personal Care,Glow & Lovely Advanced Multivitamin Face Cream,2.13,10,6,1.9,110,False,110,0.22999999999999998,17.272727272727273,11.399999999999999
Personal Care,Set Wet Style Vertical Hold Hair Gel,0.5,10,4,0.45,50,False,50,0.04999999999999999,9.000000000000002,1.8
Personal Care,"Godrej Expert Rich Crème, Natural Black",0.3,0,6,0.3,20,False,20,0.0,15.0,1.7999999999999998
Personal Care,Nycil Germ Expert Cool Herbal Talc,1.3,8,1,1.19,150,False,200,0.1100000000000001,7.933333333333332,1.19
Personal Care,Godrej Expert Creme Hair Natural Brown Colour,0.3,0,6,0.3,20,False,20,0.0,15.0,1.7999999999999998
Personal Care,Veet Sensitive Skin Hair Removal Cream,1.35,5,6,1.28,50,False,50,0.07000000000000006,25.6,7.68
Personal Care,Closeup Everfresh+ Anti-Germ Gel Toothpaste Red Hot,0.5,2,1,0.49,80,False,80,0.010000000000000009,6.125,0.49
Personal Care,Pears Pure And Gentle Value Pack Of 3 Bathing Soap,1.99,6,5,1.86,375,False,375,0.1299999999999999,4.96,9.3
Personal Care,Gillette Presto Ready Shaver 5 Cartridges,0.88,6,6,0.82,290,False,5,0.06000000000000005,2.8275862068965516,4.92
Personal Care,Closeup Everfresh+ Anti-Germ Gel Toothpaste Red Hot,1.6,10,4,1.44,300,False,300,0.16000000000000014,4.8,5.76
Personal Care,"Godrej Expert Rich Crème, Dark Brown",0.3,0,4,0.3,20,False,20,0.0,15.0,1.2
Personal Care,Nivea Soft Light Moisturizer for Face Hand & Body Non-Sticky Cream with Vitamin E & Jojoba Oil,1.85,15,3,1.57,100,False,100,0.28,15.700000000000003,4.71
Personal Care,Fiama Gel Bar Celebration Pack Buy 4 Get 1 Free,2.9,10,6,2.61,625,False,625,0.29000000000000004,4.176,15.66
Personal Care,Gillette Sensitive Shaving Foam,2.25,6,4,2.1,418,False,418,0.1499999999999999,5.023923444976076,8.4
Personal Care,Dove Hair Fall Rescue Shampoo,1.5,6,5,1.41,180,False,180,0.09000000000000008,7.833333333333333,7.05
Personal Care,Gillette Mach 3 Mens Razor Blades,4.99,7,4,4.6,232,False,4,0.39000000000000057,19.827586206896548,18.4
Personal Care,Palmolive Aroma Absolute Relax Shower Gel,1.99,20,2,1.59,250,False,250,0.3999999999999999,6.36,3.18
Personal Care,Godrej Protekt Germ Fighter Handwash,0.99,0,6,0.99,750,False,750,0.0,1.32,5.9399999999999995
Personal Care,Dettol Hand Sanitizer,1.0,5,6,0.95,200,False,200,0.050000000000000044,4.75,5.699999999999999
Personal Care,Dabur Amla Hair Oil,0.88,0,2,0.88,180,False,180,0.0,4.888888888888888,1.76
Personal Care,Dettol Original Liquid Handwash,0.89,4,6,0.85,200,False,200,0.040000000000000036,4.25,5.1
Personal Care,L'Oreal Paris Total Repair 5 Conditioner,1.99,0,6,1.99,192,False,180,0.0,10.364583333333334,11.94
Personal Care,Patanjali Saundarya Aloe Vera Gel,0.9,0,5,0.9,150,False,150,0.0,6.0,4.5
Personal Care,Head & Shoulders 2 In 1 Anti Dandruff Shampoo Conditioner,1.95,10,4,1.74,180,False,180,0.20999999999999996,9.666666666666668,6.96
Personal Care,Clean & Clear Pimple Clearing Face Wash,1.3,10,2,1.17,80,False,80,0.13000000000000012,14.625,2.34
Personal Care,Himalaya Anti Dandruff Shampoo,1.4,8,2,1.28,200,False,200,0.11999999999999988,6.4,2.56
Personal Care,Stayfree Secure Dry Cover Regular Sanitary Pad With Wings,0.3,3,6,0.29,406,False,7,0.010000000000000009,0.7142857142857143,1.7399999999999998
Personal Care,Savlon Moisture Shield Hand Wash,0.99,4,6,0.95,750,False,750,0.040000000000000036,1.2666666666666666,5.699999999999999
Personal Care,Dove Intense Repair Conditioner,1.9,14,6,1.62,175,False,80,0.2799999999999998,9.257142857142858,9.72
Personal Care,Dabur Gulabari Rose Glow Face Cleanse,0.75,5,4,0.71,100,False,100,0.040000000000000036,7.1,2.84
Personal Care,Parachute Jasmine Hair Oil,0.82,9,6,0.74,190,False,190,0.07999999999999996,3.894736842105263,4.4399999999999995
Personal Care,Johnson's Baby Skincare Wipes,0.79,6,6,0.74,1160,False,20,0.050000000000000044,0.6379310344827587,4.4399999999999995
Personal Care,Dettol Skincare Liquid Hand Wash,0.79,0,6,0.79,200,False,200,0.0,3.95,4.74
Personal Care,Old Spice Original Lather Shaving Cream,0.75,9,6,0.68,70,False,70,0.06999999999999995,9.714285714285715,4.08
Personal Care,Veet Hair Removal Cream Dry Skin,1.35,5,5,1.28,50,False,50,0.07000000000000006,25.6,6.4
Personal Care,L'Oreal Paris Total Repair 5 Shampoo,2.65,0,2,2.65,396,False,360,0.0,6.691919191919192,5.3
Personal Care,Fiama Menthol & Magnolia Cooling Gel Bar Soap,1.6,11,6,1.41,375,False,375,0.19000000000000017,3.76,8.459999999999999
Personal Care,Nivea Lip Balm Original Care for 24h Moisture with Shea Butter & Natural Oils,1.4,15,6,1.19,5,False,4,0.20999999999999996,238.0,7.14
Personal Care,Oral-B Charcoal Deep Clean Stain Removal Toothbrush Soft,0.99,0,3,0.99,232,False,4,0.0,4.267241379310345,2.9699999999999998
Personal Care,Neutrogena Ultra Sheer Dry Touch SPF 50+ Sunblock Sunscreen Lotion,2.5,10,3,2.25,30,False,30,0.25,75.0,6.75
Personal Care,Clinic Plus Strong & Long Health Shampoo,4.99,10,3,4.49,650,False,650,0.5,6.907692307692308,13.47
Personal Care,Johnson's Baby No More Tears Baby Shampoo,0.98,0,5,0.98,100,False,100,0.0,9.799999999999999,4.9
Personal Care,Colgate Zig Zag Toothbrush,1.2,0,3,1.2,348,False,6,0.0,3.4482758620689653,3.5999999999999996
Personal Care,Savlon Moisture Shield Germ Protection Handwash Refill (Buy 1 Get 1 Free),1.89,0,6,1.89,1500,False,1500,0.0,1.2599999999999998,11.34
Personal Care,Colgate Sensitive Everyday Protection Anticavity Toothpaste,0.75,0,6,0.75,40,False,40,0.0,18.75,4.5
Personal Care,Whisper Ultra Soft XL+ Sanitary Pads,3.3,2,6,3.23,30,False,30,0.06999999999999984,107.66666666666666,19.38
Personal Care,Garnier Colour Naturals Hair Colour - 1 Natural Black,0.8,0,1,0.8,60,False,60,0.0,13.333333333333334,0.8
Personal Care,Axe Pulse Men's Deodorant,2.1,0,6,2.1,150,False,150,0.0,14.0,12.600000000000001
Personal Care,Colgate Zigzag Charcoal Soft Bristle Toothbrush - 4 Pcs,0.99,0,6,0.99,232,False,4,0.0,4.267241379310345,5.9399999999999995
Personal Care,Whisper Ultra Clean Wings XL+  Pouch,4.49,7,6,4.15,44,False,44,0.33999999999999986,94.31818181818183,24.900000000000002
Personal Care,Whisper Choice Regular Sanitary Pads,0.9,0,6,0.9,1160,False,20,0.0,0.7758620689655172,5.4
Personal Care,Axe Dark Temptation Men's Deodorant,2.1,7,5,1.94,150,False,150,0.16000000000000014,12.933333333333334,9.7
Personal Care,Head & Shoulders Anti-Dandruff Smooth & Silky Shampoo,1.5,0,4,1.5,180,False,180,0.0,8.333333333333334,6.0
Personal Care,Clinic Plus Strength & Shine Shampoo With Egg Protein,1.05,0,2,1.05,175,False,175,0.0,6.0,2.1
Personal Care,Engage M1 Perfume Spray for Men,2.1,7,6,1.94,120,False,120,0.16000000000000014,16.166666666666664,11.64
Personal Care,Tresemme Keratin Smooth Conditioner,3.8,0,3,3.8,340,False,340,0.0,11.176470588235293,11.399999999999999
Personal Care,"Garnier Color Naturals Crème Hair Color, Shade 5 Light Brown",1.8,0,1,1.8,100,False,100,0.0,18.000000000000004,1.8
Personal Care,Origami Aloe Vera Wipes,0.75,13,4,0.65,25,False,25,0.09999999999999998,26.000000000000004,2.6
Personal Care,"Engage Drizzle Deodorant For Women, Floral And Lavender, Skin Friendly",1.95,10,6,1.74,150,False,150,0.20999999999999996,11.6,10.44
Personal Care,Gellette Presto Ready Shaver,0.2,0,1,0.2,58,False,1,0.0,3.4482758620689657,0.2
Personal Care,Colgate Max Fresh Plax Mouthwash - Fresh Mint,1.5,20,5,1.2,250,False,250,0.30000000000000004,4.8,6.0
Personal Care,Colgate Zig Zag Charcoal Medium Toothbrush 4 Pcs,0.99,0,6,0.99,232,False,4,0.0,4.267241379310345,5.9399999999999995
Personal Care,Godrej Protekt,0.99,0,3,0.99,750,False,750,0.0,1.32,2.9699999999999998
Personal Care,Colgate Total Charcoal Anticavity Toothpaste,1.1,10,3,0.99,120,False,120,0.1100000000000001,8.25,2.9699999999999998
Personal Care,Colgate Kids 0-2 Extra Soft Tooth Brush,0.3,16,6,0.25,58,False,1,0.04999999999999999,4.310344827586206,1.5
Personal Care,Gillete Mach3,2.6,10,6,2.34,116,False,2,0.26000000000000023,20.17241379310345,14.04
Personal Care,Maybelline New York Colossal Kajal Black,1.49,0,2,1.49,0,False,0,0.0,inf,2.98
Personal Care,Godrej Cinthol Lime Talc,0.55,0,3,0.55,100,False,100,0.0,5.500000000000001,1.6500000000000001
Personal Care,Hamam Soap Bar Neem Tulsi and Aloe Vera,0.58,0,6,0.58,150,False,150,0.0,3.8666666666666663,3.4799999999999995
Personal Care,"Godrej Expert Rich Crème, Burgundy",0.33,0,6,0.33,20,False,20,0.0,16.5,1.98
Personal Care,Colgate Gentle Sensitive+ Toothbrush Pack Of 4,1.2,10,4,1.08,232,False,4,0.11999999999999988,4.655172413793104,4.32
Personal Care,Nivea Creme All Season Multi-Purpose Cream,1.75,10,4,1.57,100,False,100,0.17999999999999994,15.700000000000003,6.28
Personal Care,Oral-B Charcoal Deep Clean Stain Removal Toothbrush Medium,0.99,0,1,0.99,232,False,4,0.0,4.267241379310345,0.99
Personal Care,Mamaearth 100% Natural Berry Blast Kids Toothpaste,1.49,10,4,1.34,50,False,50,0.1499999999999999,26.8,5.36
Personal Care,HImalaya Gentle Baby Wipes,2.0,10,3,1.8,72,False,72,0.19999999999999996,25.0,5.4
Personal Care,Stayfree Dry Max All Night XL Dry Cover Sanitary Pads,3.4,12,6,2.98,28,False,28,0.41999999999999993,106.42857142857143,17.88
Personal Care,"L'Oreal Paris Excellence Creme Hair Color, 1 Black",6.2,0,1,6.2,172,False,172,0.0,36.04651162790698,6.2
Personal Care,Fem Fairness Naturals Saffron Skin Bleach,0.85,15,4,0.72,64,False,64,0.13,11.25,2.88
Personal Care,Engage Woman Blush Body Deo Spray,1.95,10,5,1.74,150,False,150,0.20999999999999996,11.6,8.7
Personal Care,Dove Pink Rosa Beauty Bathinhg Bar,0.6,0,6,0.6,100,False,100,0.0,6.0,3.5999999999999996
Personal Care,Sebamed Cleansing Bar,0.99,10,4,0.89,100,False,100,0.09999999999999998,8.9,3.56
Personal Care,Pampers Premium Care Pants - Large,10.99,18,2,8.99,44,False,44,2.0,204.3181818181818,17.98
Personal Care,Nivea Women Deodorant Fresh Natural Long Lasting Freshness & 48h Protection,1.99,20,2,1.59,150,False,150,0.3999999999999999,10.6,3.18
Personal Care,"L'Oreal Paris Excellence Creme Hair Color, 3 Dark Brown/Natural Darkest Brown",6.2,0,6,6.2,172,False,172,0.0,36.04651162790698,37.2
Personal Care,Patanjali Kesh Kanti Natural Hair Cleanser,0.75,9,4,0.68,200,False,200,0.06999999999999995,3.4000000000000004,2.72
Personal Care,Godrej No.1 Bathing Soap  Lime & Aloe Vera,1.49,0,6,1.49,600,False,600,0.0,2.4833333333333334,8.94
Personal Care,Pantene Advanced Control Hair Fall Solution Shampoo,1.2,6,5,1.12,180,False,180,0.07999999999999985,6.222222222222222,5.6000000000000005
Personal Care,Veet Full Body Waxing Kit For Dry Skin,2.35,7,6,2.18,1160,False,20,0.16999999999999993,1.8793103448275863,13.080000000000002
Personal Care,Johnson's Baby Skincare Wipes,2.45,9,6,2.21,72,False,72,0.2400000000000002,30.694444444444443,13.26
Personal Care,Gillette Lemon Lime Shaving Foam,1.99,11,4,1.77,196,False,196,0.21999999999999997,9.03061224489796,7.08
Personal Care,Old Spice After Shave Lotion Musk,2.15,6,3,2.0,100,False,100,0.1499999999999999,20.0,6.0
Personal Care,Whisper Ultra Soft Air Fresh Sanitary Pads (XL) with Wings,3.15,0,4,3.15,30,False,30,0.0,105.0,12.6
Personal Care,Himalaya Baby Powder,0.8,8,4,0.73,100,False,100,0.07000000000000006,7.3,2.92
Personal Care,Fiama Men's Refreshing Pulse Shower Gel,2.25,20,4,1.8,250,False,250,0.44999999999999996,7.2,7.2
Personal Care,Whisper Ultra Clean XL Plus Sanitary Pad,1.75,0,5,1.75,870,False,15,0.0,2.0114942528735633,8.75
Personal Care,Johnson's Baby Powder,1.43,0,6,1.43,200,False,200,0.0,7.15,8.58
Personal Care,Dove Cream Beauty Bathing Bar,2.35,9,6,2.12,125,False,125,0.22999999999999998,16.96,12.72
Personal Care,Patanjali Kesh Kanti Shikakai Hair Cleanser,0.95,0,4,0.95,200,False,200,0.0,4.75,3.8
Personal Care,L'Oreal Paris Color Protect Conditioner,1.99,0,3,1.99,192,False,192,0.0,10.364583333333334,5.97
Personal Care,Nivea Men Active Clean with Active Charcoal Shower Gel for Body Face & Hair,1.99,4,5,1.91,250,False,250,0.08000000000000007,7.64,9.549999999999999
Personal Care,L'Oreal 6 Oil Nourish Conditioner,1.35,0,1,1.35,192,False,192,0.0,7.03125,1.35
Personal Care,Godrej Easy Natural Black Hair Colour,0.25,0,5,0.25,20,False,20,0.0,12.5,1.25
Personal Care,Dabur Gulabari Rose Water Daily Glow,0.8,6,2,0.75,250,False,250,0.050000000000000044,3.0,1.5
Personal Care,Himalaya Purifying Neem Face Wash,1.7,10,6,1.53,150,False,150,0.16999999999999993,10.200000000000001,9.18
Personal Care,Fem Fairness Naturals Gold Skin Bleach,0.65,9,3,0.59,24,False,24,0.06000000000000005,24.583333333333332,1.77
Personal Care,Whisper Choice Ultra XL Sanitary Pad,1.33,2,5,1.3,1160,False,20,0.030000000000000027,1.1206896551724137,6.5
Personal Care,Dove Dandruff Care Shampoo,1.58,6,5,1.47,180,False,180,0.1100000000000001,8.166666666666666,7.35
Personal Care,Head & Shoulders Anti Dandruff Anti Hairfall Shampoo,2.85,0,5,2.85,340,False,240,0.0,8.382352941176471,14.25
Personal Care,L'Oreal Casting Creme Ebony Black Hair Color,5.5,0,6,5.5,159,False,87,0.0,34.59119496855346,33.0
Personal Care,Mamaearth Onion Hair Oil,3.99,10,6,3.59,150,False,150,0.40000000000000036,23.93333333333333,21.54
Personal Care,L'Oreal Paris Casting Creme Gloss Hair Color (Dark Brown 400),5.5,0,4,5.5,159,False,159,0.0,34.59119496855346,22.0
Personal Care,Palmolive Naturals Sea Minerals Liquid Hand Wash,0.99,10,6,0.89,250,False,250,0.09999999999999998,3.56,5.34
Personal Care,Oral-B Extra Soft Bristles Sensitive,0.98,0,4,0.98,232,False,4,0.0,4.224137931034482,3.92
Personal Care,Engage M3 Perfume Spray for Men,2.0,10,3,1.8,120,False,120,0.19999999999999996,15.000000000000002,5.4
Personal Care,Mamaearth Deeply Nourishing wash for Babies,1.99,0,4,1.99,200,False,200,0.0,9.950000000000001,7.96
Personal Care,Dettol Original Soap (B4G1),2.6,5,6,2.47,625,False,625,0.1299999999999999,3.952000000000001,14.82
Personal Care,Woodward's Gripe Water,0.75,0,6,0.75,200,False,200,0.0,3.75,4.5
Personal Care,"MamyPoko Pants Extra Absorb Diapers, New Born",2.99,6,5,2.79,28,False,28,0.20000000000000018,99.64285714285714,13.95
Personal Care,Johnson's Baby Soap,0.7,0,6,0.7,100,False,100,0.0,6.999999999999999,4.199999999999999
Personal Care,Engage M4 Perfume Spray For Men,2.0,10,6,1.8,120,False,120,0.19999999999999996,15.000000000000002,10.8
Personal Care,Fem Fairness Naturals Hair Removal Cream Fair & Soft - Gold,0.65,10,4,0.58,40,False,40,0.07000000000000006,14.499999999999998,2.32
Personal Care,Dove Hair Fall Rescue Conditioner,1.9,0,4,1.9,175,False,175,0.0,10.857142857142858,7.6
Personal Care,Himalaya Anti Hair Fall Shampoo,1.3,12,2,1.14,200,False,200,0.16000000000000014,5.699999999999999,2.28
Personal Care,Fiama Peach & Avocado Gel Bar,1.76,10,3,1.58,375,False,375,0.17999999999999994,4.213333333333334,4.74
Personal Care,Pears Pure & Gentle Value Pack Of 4 Bathing Soap,1.25,0,6,1.25,75,False,75,0.0,16.666666666666668,7.5
Personal Care,Fiama Fresh Hand Wash,1.5,6,3,1.4,400,False,400,0.10000000000000009,3.4999999999999996,4.199999999999999
Personal Care,Palmolive Black Orchid And Milk Liquid Hand Wash,0.99,10,6,0.89,250,False,250,0.09999999999999998,3.56,5.34
Personal Care,Oral-B Criss Cross Medium Toothbrush (Buy 2 Get 2 Free),1.6,0,5,1.6,232,False,4,0.0,6.8965517241379315,8.0
Personal Care,Gillette Mach 3 Turbo Razor,3.49,6,5,3.25,58,False,1,0.2400000000000002,56.03448275862069,16.25
Personal Care,Himalaya Baby Lotion,1.65,12,3,1.45,200,False,200,0.19999999999999996,7.249999999999999,4.35
Personal Care,Head & Shoulders 2-in-1 Cool Menthol Anti Dandruff Shampoo + Conditioner,3.75,0,1,3.75,340,False,180,0.0,11.029411764705882,3.75
Personal Care,Sunsilk Lusciously Thick & Long Shampoo,2.49,6,6,2.34,340,False,340,0.15000000000000036,6.88235294117647,14.04
Personal Care,Fiama Di Wills Men's Refreshing Pulse Shower Gel,2.25,4,3,2.14,250,False,250,0.10999999999999988,8.56,6.42
Personal Care,Sebamed Anti - Dandruff Shampoo,6.0,10,2,5.4,200,False,200,0.5999999999999996,27.000000000000004,10.8
Personal Care,Listerine Cool Mint Mouthwash - Mild Taste,1.5,10,6,1.35,250,False,250,0.1499999999999999,5.4,8.100000000000001
Personal Care,"L'Oreal Paris Excellence Creme Hair Color, 4.25 Aishwarya's Brown",6.2,0,6,6.2,172,False,172,0.0,36.04651162790698,37.2
Personal Care,Himalaya Gentle Baby Bath,1.65,9,6,1.5,200,False,200,0.1499999999999999,7.5,9.0
Personal Care,"L'Oreal Paris Casting Creme Gloss Hair Color, Medium Brown 500",5.5,0,4,5.5,160,False,159,0.0,34.375,22.0
Personal Care,L'Oreal Paris Color Protect Shampoo,2.82,0,3,2.82,360,False,360,0.0,7.833333333333333,8.459999999999999
Personal Care,Fiama Di Wills Lemongrass & Jojoba Gel Bar,1.76,10,6,1.58,375,False,375,0.17999999999999994,4.213333333333334,9.48
Personal Care,Colgate Plax Peppermint Mouthwash,1.5,20,5,1.2,250,False,250,0.30000000000000004,4.8,6.0
Personal Care,Dove Daily Shine Conditioner,0.9,10,1,0.81,80,False,80,0.08999999999999997,10.125,0.81
Personal Care,Patanjali Kesh Kanti Anti Dandruff Hair Cleanser,1.1,0,6,1.1,200,False,200,0.0,5.500000000000001,6.6000000000000005
Personal Care,Old Spice Original After Shave Lotion,2.5,0,1,2.5,150,False,150,0.0,16.666666666666668,2.5
Personal Care,Dove Hair Fall Rescue Shampoo,1.37,10,4,1.23,180,False,180,0.14000000000000012,6.833333333333334,4.92
Personal Care,Dettol Clinical Strength Hand Sanitizer Liquid,2.5,10,6,2.25,500,False,500,0.25,4.5,13.5
Personal Care,Nivea Soft Light Moisturizer for Face Hand & Body Non-Sticky Cream with Vitamin E & Jojoba Oil,3.99,20,3,3.19,300,False,300,0.8000000000000003,10.633333333333333,9.57
Personal Care,Comfy Baby Pants XL 12-17 kg,4.29,15,1,3.64,24,False,24,0.6499999999999999,151.66666666666669,3.64
Personal Care,Dettol Liquid Handwash With Free Liquid,0.99,0,6,0.99,200,False,200,0.0,4.949999999999999,5.9399999999999995
Personal Care,Nivea Body Milk Lotion for Very Dry Skin,3.99,20,6,3.19,400,False,400,0.8000000000000003,7.975,19.14
Personal Care,Lakme Sun Expert,2.25,0,6,2.25,60,False,60,0.0,37.5,13.5
Personal Care,Head & shoulders Anti Dandruff Shampoo Cool Menthol,1.7,0,6,1.7,180,False,180,0.0,9.444444444444445,10.2
Personal Care,Godrej Nupur Henna,0.75,0,5,0.75,150,False,120,0.0,5.0,3.75
Personal Care,Johnson's Baby Lotion,1.0,0,4,1.0,100,False,100,0.0,10.0,4.0
Personal Care,Himalaya Anti Dandruff Shampoo,1.4,10,1,1.26,200,False,200,0.1399999999999999,6.3,1.26
Personal Care,Maybelline New York Colossal Kajal Super Black,3.0,8,3,2.75,0,False,0,0.25,inf,8.25
Personal Care,Stayfree Dry-Max All Night Ultra-Dry Sanitary Pad,0.9,10,6,0.81,406,False,7,0.08999999999999997,1.9950738916256159,4.86
Personal Care,Dove Daily Shine Shampoo,6.45,5,3,6.12,650,False,650,0.33000000000000007,9.415384615384616,18.36
Personal Care,Godrej Easy 5 Minute Natural Brown 4 Hair Colour,0.29,0,5,0.29,20,False,20,0.0,14.499999999999998,1.45
Personal Care,Colgate Sensitive Plus Enamel Toothpaste Tube,1.4,0,6,1.4,160,False,160,0.0,8.749999999999998,8.399999999999999
Personal Care,Colgate Max Fresh Peppermint Toothpaste,1.82,15,6,1.54,300,False,300,0.28,5.133333333333334,9.24
Personal Care,Pond's Light Moisturiser,3.09,10,6,2.78,250,False,250,0.31000000000000005,11.12,16.68
Personal Care,Engage Mate For Man Deo Spray,1.95,10,5,1.74,150,False,150,0.20999999999999996,11.6,8.7
Personal Care,Pantene Advanced Hair Fall Solution Shampoo - Total Damage Care,1.2,0,5,1.2,180,False,180,0.0,6.666666666666666,6.0
Personal Care,Whisper Choice Regular Wing Sanitary Pad,0.3,0,2,0.3,406,False,7,0.0,0.7389162561576355,0.6
Personal Care,Colgate Slim Soft Charcoal Toothbrush,1.5,18,4,1.23,232,False,4,0.27,5.301724137931035,4.92
Personal Care,Fiama Scents Juniper & Geranium Body Wash,1.99,6,5,1.86,250,False,250,0.1299999999999999,7.44,9.3
Personal Care,Mamaearth Ubtan Body Lotion,3.99,15,4,3.39,400,False,400,0.6000000000000001,8.475,13.56
Personal Care,Godrej Aer Power Pocket - Long Lasting Bathroom Fragrance Floral Delight,0.55,0,6,0.55,10,False,10,0.0,55.00000000000001,3.3000000000000003
Personal Care,Himalaya Anti-Hair Fall Shampoo,2.3,18,1,1.88,400,False,400,0.41999999999999993,4.699999999999999,1.88
Personal Care,Nivea Soft Light Moisturizer for Face Hand & Body Non-Sticky Cream with Vitamin E & Jojoba Oil,3.1,15,6,2.63,200,False,200,0.4700000000000002,13.15,15.78
Personal Care,Engage M2 Perfume Spray For Men,2.0,10,6,1.8,120,False,120,0.19999999999999996,15.000000000000002,10.8
Personal Care,Mamaearth Ubtan Face Scrub Turmeric & Walnut,3.49,10,1,3.14,100,False,100,0.3500000000000001,31.400000000000006,3.14
Personal Care,Himalaya Purifying Neem Face Wash Tube,2.7,15,6,2.29,300,False,300,0.41000000000000014,7.633333333333333,13.74
Personal Care,Johnson's Baby Top To Toe Bath Body Wash,1.65,0,4,1.65,210,False,210,0.0,7.857142857142856,6.6
Personal Care,Gillette Mach 3 Start,2.49,0,6,2.49,116,False,2,0.0,21.465517241379313,14.940000000000001
Personal Care,Scalpe Pro Anti dandruff Shampoo 100ml,1.85,0,2,1.85,100,False,100,0.0,18.500000000000004,3.7
Personal Care,Johnson's Baby Cream,1.5,0,6,1.5,100,False,100,0.0,15.0,9.0
Personal Care,Johnson's Baby Soap,1.05,0,6,1.05,150,False,150,0.0,7.0,6.300000000000001
Personal Care,Himalaya Gentle Baby Shampoo,3.2,17,6,2.65,400,False,400,0.5500000000000003,6.625,15.899999999999999
Personal Care,L'Oreal Paris Shine Masque Royal Jelly Hair Colour,5.5,0,3,5.5,88,False,87,0.0,62.5,16.5
Personal Care,Engage Rush Deodorant For Men,1.9,11,6,1.69,150,False,150,0.20999999999999996,11.266666666666666,10.14
Personal Care,Clean & Clear Foaming Face Wash,1.4,10,4,1.26,100,False,100,0.1399999999999999,12.6,5.04
Personal Care,Dettol Lather Shaving Cream,0.75,5,6,0.71,78,False,78,0.040000000000000036,9.102564102564102,4.26
Personal Care,Gillette Classic Regular Pre Shave Foam,1.99,0,4,1.99,196,False,196,0.0,10.153061224489797,7.96
Personal Care,Dove Daily Shine Conditioner,1.9,0,6,1.9,175,False,180,0.0,10.857142857142858,11.399999999999999
Personal Care,Johnson's Baby Shampoo,1.8,0,6,1.8,200,False,200,0.0,9.000000000000002,10.8
Personal Care,Park Avenue Beer Shampoo,1.55,9,4,1.4,180,False,180,0.15000000000000013,7.777777777777778,5.6
Personal Care,Pantene Advanced Hair Fall Solution Silky Smooth Care Shampoo,1.2,6,6,1.12,180,False,180,0.07999999999999985,6.222222222222222,6.720000000000001
Personal Care,Fem Fairness Naturals Hair Removal Cream Fair & Soft - Rose,0.65,10,6,0.58,40,False,40,0.07000000000000006,14.499999999999998,3.4799999999999995
Personal Care,Sunsilk Stunning Black Shine Shampoo,5.55,6,6,5.21,650,False,650,0.33999999999999986,8.015384615384615,31.259999999999998
Personal Care,Dabur Meswak Toothpaste,1.0,0,1,1.0,200,False,200,0.0,5.0,1.0
Personal Care,Patanjali Kesh Kanti Reetha Hair Cleanser,0.85,0,5,0.85,200,False,200,0.0,4.25,4.25
Personal Care,Nivea Lip Balm Soft Rose for 24h Moisture with Natural Oils Delicate Rose Shine,1.85,8,6,1.69,5,False,4,0.16000000000000014,337.99999999999994,10.14
Personal Care,Santoor Total Skin Care Soap With Sandal & Turmeric,1.8,0,6,1.8,600,False,600,0.0,3.0,10.8
Personal Care,"L'Oreal Paris Excellence Creme Hair Color, 4 Natural Brown/Natural Dark Brown",6.2,0,1,6.2,172,False,172,0.0,36.04651162790698,6.2
Personal Care,Gillette Pre Shave Foam - Classic Regular Skin,2.25,0,6,2.25,418,False,418,0.0,5.382775119617225,13.5
Personal Care,Fiama Di Wills Shower Gel Patchouli & Macadamia,1.99,10,6,1.79,250,False,250,0.19999999999999996,7.16,10.74
Personal Care,Listerine Fresh Burst Mouthwash,1.4,10,4,1.26,250,False,250,0.1399999999999999,5.04,5.04
Personal Care,Nivea Cocoa Nourish Body Lotion With Coconut Oil & Cocoa Butter For Very Dry Skin,2.99,17,5,2.47,200,False,200,0.52,12.350000000000001,12.350000000000001
Personal Care,Pantene Hair Fall Control Shampoo,2.4,7,2,2.21,340,False,340,0.18999999999999995,6.5,4.42
Personal Care,Fogg Master - Royal Intense,2.5,0,5,2.5,120,False,120,0.0,20.833333333333332,12.5
Personal Care,TRESemme Smooth And Shine Conditioner,2.2,0,5,2.2,190,False,190,0.0,11.578947368421053,11.0
Personal Care,Whisper Ultra Clean XL Plus Sanitary Pad,1.55,0,6,1.55,870,False,15,0.0,1.781609195402299,9.3
Personal Care,"Colgate Kids Toothpaste - 6+ Years, Strawberry Flavour",0.93,5,6,0.88,80,False,80,0.050000000000000044,11.0,5.28
Personal Care,Nivea Soft Moisturizing Cream,3.1,12,1,2.72,200,False,200,0.3799999999999999,13.600000000000001,2.72
Personal Care,Patanjali Kesh Kanti Aloe Vera Hair Cleanser,0.85,0,5,0.85,200,False,200,0.0,4.25,4.25
Personal Care,Neutrogena Deep Clean Foaming Cleanser,1.3,11,2,1.15,50,False,50,0.15000000000000013,23.0,2.3
Personal Care,Clean & Clear Morning Energy Berry Face Wash,1.55,6,6,1.45,100,False,100,0.10000000000000009,14.499999999999998,8.7
Personal Care,Pampers Premium Care New Baby Pants,3.2,0,4,3.2,24,False,24,0.0,133.33333333333334,12.8
Personal Care,Vaseline Intensive Care Aloe Fresh,2.25,9,6,2.03,200,False,200,0.2200000000000002,10.149999999999999,12.18
Personal Care,L'Oreal Paris Dream Lengths Shampoo,1.49,0,6,1.49,192,False,192,0.0,7.760416666666666,8.94
Personal Care,Johnson's Baby Oil,1.15,0,4,1.15,100,False,100,0.0,11.5,4.6
Personal Care,Engage Man Rush Deodorant,1.95,9,6,1.76,150,False,150,0.18999999999999995,11.733333333333334,10.56
Personal Care,Pantene Advanced Hair Fall Solution Shampoo - Total Damage Care,2.64,0,6,2.64,340,False,340,0.0,7.764705882352942,15.84
Personal Care,Whisper Daily Liners Clean and Fresh,1.05,0,4,1.05,1160,False,20,0.0,0.9051724137931035,4.2
Personal Care,Himalaya Men Pimple Clear Neem Face Wash,1.8,9,2,1.63,100,False,100,0.17000000000000015,16.299999999999997,3.26
Personal Care,Pantene Adv Hairfall Solution Conditioner Silky Smooth,1.9,0,5,1.9,200,False,200,0.0,9.5,9.5
Personal Care,Himalaya Prickly Heat Baby Powder,0.9,10,6,0.81,100,False,100,0.08999999999999997,8.100000000000001,4.86
Personal Care,Mamaearth Daily Moisturizing Lotion For Babies,1.99,0,6,1.99,200,False,200,0.0,9.950000000000001,11.94
Personal Care,Stayfree Advanced XL Ultra Comfort Sanitary napkins with Wings,1.75,0,3,1.75,812,False,14,0.0,2.155172413793103,5.25
Personal Care,Pampers Premium Care Pants - Medium,10.99,18,6,8.99,54,False,54,2.0,166.48148148148147,53.94
Personal Care,Fiama Men's Refreshing Pulse Shower Gel,1.99,10,6,1.79,250,False,250,0.19999999999999996,7.16,10.74
Personal Care,Vaseline Original Skin Protecting Jelly,1.25,10,6,1.12,100,False,100,0.1299999999999999,11.200000000000001,6.720000000000001
Personal Care,Clean & Clear Foaming Face Wash,1.8,10,6,1.62,150,False,150,0.17999999999999994,10.8,9.72
Personal Care,Fiama Lemongrass and Jojoba Shower Gel,2.25,20,6,1.8,250,False,250,0.44999999999999996,7.2,10.8
Personal Care,Oral-B Charcoal Cross Cross Extra Soft Toothbrush (Buy 2 Get 1 Free),1.8,0,1,1.8,174,False,3,0.0,10.344827586206897,1.8
Personal Care,Listerine Fresh Burst Mouthwash,2.85,7,6,2.63,500,False,500,0.2200000000000002,5.26,15.78
Personal Care,Veet Full Body Waxing Kit,2.35,7,6,2.18,1160,False,20,0.16999999999999993,1.8793103448275863,13.080000000000002
Personal Care,Listerine Original Mouthwash,0.55,9,6,0.5,80,False,80,0.050000000000000044,6.25,3.0
Personal Care,Santoor Almond Soft With Sandal & Almond Milk,1.8,0,2,1.8,625,False,625,0.0,2.8800000000000003,3.6
Personal Care,Nivea Body Shea Smooth with Shea Butter for Dry Skin,4.25,20,5,3.4,400,False,9,0.8500000000000001,8.5,17.0
Personal Care,Neutrogena Deep Clean Facial Cleanser,1.3,0,4,1.3,50,False,50,0.0,26.000000000000004,5.2
Personal Care,"L'Oreal Paris Excellence Creme Hair Color, 3.16 Burgundy",5.5,0,3,5.5,159,False,172,0.0,34.59119496855346,16.5
Personal Care,Johnson's Baby Powder,2.35,0,6,2.35,400,False,400,0.0,5.875,14.100000000000001
Personal Care,Bombay Shaving Company Charcoal Face Wash,2.49,0,4,2.49,100,False,100,0.0,24.900000000000002,9.96
Personal Care,Colgate Kids 2+ Years Extra Soft Toothbrush,0.2,0,3,0.2,58,False,1,0.0,3.4482758620689657,0.6000000000000001
Personal Care,Veet Hair Removal Cream (Normal Skin),1.35,5,6,1.28,50,False,50,0.07000000000000006,25.6,7.68
Personal Care,Dove Daily Shine Shampoo,2.4,0,4,2.4,340,False,340,0.0,7.0588235294117645,9.6
Personal Care,L'Oreal Anti Hair Fall Conditioner,1.99,0,6,1.99,192,False,192,0.0,10.364583333333334,11.94
Personal Care,Nivea Body Lotion Aloe Hydration For Normal Skin,2.75,10,6,2.47,200,False,200,0.2799999999999998,12.350000000000001,14.82
Personal Care,Pampers Pants - Large,15.49,45,3,8.49,82,False,82,7.0,103.53658536585367,25.47
Personal Care,"Engage Urge Deodorant For Men, Citrus And Woody, Skin Friendly",1.95,10,6,1.74,150,False,150,0.20999999999999996,11.6,10.44
Personal Care,Head & Shoulders 2 In 1 Anti Dandruff Smooth & Silky Shampoo+Conditioner,3.75,10,6,3.34,340,False,340,0.41000000000000014,9.823529411764705,20.04
Personal Care,Fem Fairness Natural Gold Skin Bleach,0.85,7,4,0.79,64,False,64,0.05999999999999994,12.34375,3.16
Personal Care,Engage Deo Frost,1.95,9,6,1.76,150,False,150,0.18999999999999995,11.733333333333334,10.56
Personal Care,Stayfree Secure XL Size Sanitary Napkins,1.15,0,5,1.15,1160,False,20,0.0,0.9913793103448274,5.75
Personal Care,Pampers Pants - Medium,6.99,21,1,5.49,50,False,50,1.5,109.80000000000001,5.49
Personal Care,Pampers Active Baby Diapers New Born Extra Small,10.99,22,3,8.49,72,False,72,2.5,117.91666666666667,25.47
Personal Care,"Nivea Creme, All Season Multi-Purpose Cream",1.75,9,6,1.58,100,False,100,0.16999999999999993,15.8,9.48
Personal Care,Woodwards Gripe Water,0.5,0,4,0.5,130,False,130,0.0,3.8461538461538463,2.0
Personal Care,Clean & Clear Morning Energy Aqua Splash Face Wash,1.45,9,5,1.31,100,False,100,0.1399999999999999,13.100000000000001,6.550000000000001
Personal Care,Sunsilk Lusciously Thick & Long Shampoo,5.55,6,6,5.21,650,False,650,0.33999999999999986,8.015384615384615,31.259999999999998
Personal Care,Mamaearth Skin Correct Face Serum,5.99,15,1,5.09,30,False,30,0.9000000000000004,169.66666666666666,5.09
Personal Care,Chik Hairfall Prevent Egg Shampoo,1.78,0,6,1.78,340,False,340,0.0,5.235294117647059,10.68
Personal Care,Pantene Silky Smooth Care Shampoo,2.25,6,3,2.1,340,False,340,0.1499999999999999,6.176470588235294,6.300000000000001
Personal Care,"Garnier Skin Naturals, Micellar Cleansing Water",1.99,5,4,1.89,125,False,125,0.10000000000000009,15.12,7.56
Personal Care,Set Wet Swag Avatar Deodorant & Body Spray Perfume For Men,1.99,0,1,1.99,150,False,150,0.0,13.266666666666666,1.99
Personal Care,Pampers All Round Protection Pants - Medium,6.99,17,6,5.75,50,False,50,1.2400000000000002,115.0,34.5
Personal Care,Set Wet Deodrant Charm Avatar,1.99,0,1,1.99,150,False,150,0.0,13.266666666666666,1.99
Personal Care,Nupur Heena Mehandi,1.99,0,6,1.99,500,False,500,0.0,3.98,11.94
Personal Care,Head & Shoulders 2-in-1 Active Protect Shampoo,3.75,9,6,3.38,340,False,340,0.3700000000000001,9.941176470588234,20.28
Personal Care,Gillette Mach 3 Turbo Cartridges,6.49,10,6,5.78,232,False,4,0.71,24.913793103448278,34.68
Personal Care,TRESemme Smooth And Shine Conditioner,2.1,13,1,1.82,190,False,190,0.28,9.578947368421053,1.82
Personal Care,Bombay Shaving Company Sensitive Cartridges,3.75,0,2,3.75,116,False,2,0.0,32.327586206896555,7.5
Personal Care,Himalaya Baby Lotion,3.0,12,1,2.64,400,False,400,0.3599999999999999,6.6,2.64
Personal Care,Old Spice Lime Lather Shaving Cream,0.75,0,6,0.75,70,False,70,0.0,10.714285714285714,4.5
Personal Care,Colgate Sensitive Plus Anticavity Toothpaste,1.4,10,6,1.26,70,False,70,0.1399999999999999,18.0,7.5600000000000005
Personal Care,Colgate Toothpaste For Kids Motu Oatlu,0.93,0,6,0.93,80,False,80,0.0,11.625,5.58
Personal Care,Pantene Total Damage Care Shampoo,1.2,0,6,1.2,180,False,180,0.0,6.666666666666666,7.199999999999999
Personal Care,Himalaya Moisturising Aloe Vera Facial Wipes,1.0,10,6,0.9,25,False,25,0.09999999999999998,36.00000000000001,5.4
Personal Care,Savlon Moisture Shield Hand Wash,0.69,0,5,0.69,200,False,200,0.0,3.4499999999999997,3.4499999999999997
Personal Care,Pampers Active Baby Diapers New Born Extra Small,3.6,10,6,3.24,24,False,24,0.3599999999999999,135.0,19.44
Personal Care,Himalaya Anti Dandruff Shampoo,2.6,18,1,2.13,400,False,400,0.4700000000000002,5.325,2.13
Personal Care,Himalaya Anti Hair Fall Shampoo,4.9,25,4,3.67,700,False,700,1.2300000000000004,5.242857142857143,14.68
Personal Care,Johnson's Baby Oil,2.0,0,6,2.0,200,False,200,0.0,10.0,12.0
Personal Care,Vaseline Intensive Care Deep Moisture Body Lotion,3.25,0,4,3.25,400,False,400,0.0,8.125,13.0
Personal Care,L'Oreal Paris Dream Lengths Conditioner,1.99,0,1,1.99,193,False,193,0.0,10.310880829015543,1.99
Personal Care,Nivea Soft Light Moisturizing Cream,1.85,15,6,1.57,100,False,100,0.28,15.700000000000003,9.42
Personal Care,Whisper Ultra Soft XL+ Sanitary Pads,5.55,0,1,5.55,60,False,60,0.0,92.5,5.55
Personal Care,Palmolive Feel The Massage Shower Gel,2.49,20,6,1.99,250,False,250,0.5000000000000002,7.96,11.94
Personal Care,L'Oreal Paris Dream Lengths Conditioner,2.09,0,3,2.09,193,False,193,0.0,10.82901554404145,6.27
Personal Care,Head & Shoulders Anti-Dandruff Smooth & Silky Shampoo,2.85,6,6,2.66,340,False,340,0.18999999999999995,7.8235294117647065,15.96
Personal Care,Mamaearth Moisturizing Baby Bath Soap,2.49,0,4,2.49,150,False,150,0.0,16.6,9.96
Personal Care,Listerine Original Mouthwash,1.5,10,6,1.35,250,False,250,0.1499999999999999,5.4,8.100000000000001
Personal Care,Himalaya Gentle Baby Shampoo,1.7,14,6,1.46,200,False,200,0.24,7.3,8.76
Personal Care,Dove Dryness Care Shampoo,2.68,5,1,2.52,340,False,340,0.16000000000000014,7.411764705882353,2.52
Personal Care,Dove Hair Fall Rescue Shampoo,2.8,15,6,2.36,340,False,340,0.43999999999999995,6.9411764705882355,14.16
Personal Care,Head & Shoulders Anti Dandruff Shampoo Cool Menthol,2.95,9,6,2.66,340,False,340,0.29000000000000004,7.8235294117647065,15.96
Personal Care,Bombay Shaving Company Defender Razor,3.45,0,6,3.45,58,False,1,0.0,59.48275862068966,20.700000000000003
Personal Care,"Head & Shoulders Shampoo + Conditioner - 2-In-1, Cool Menthol",3.65,0,1,3.65,340,False,340,0.0,10.735294117647058,3.65
Personal Care,Himalaya Baby Nourishing Massage Oil,2.0,20,2,1.6,200,False,250,0.3999999999999999,8.0,3.2
Personal Care,Himalaya Baby Powder,2.35,20,6,1.88,400,False,400,0.4700000000000002,4.699999999999999,11.28
Personal Care,Fogg Paradise Fragrant Body Spray For Women,2.5,0,6,2.5,150,False,150,0.0,16.666666666666668,15.0
Personal Care,Revive Revive Liquid,0.71,0,6,0.71,200,False,200,0.0,3.55,4.26
Personal Care,Pantene Hairfall Control Conditioner,1.9,6,6,1.78,200,False,200,0.11999999999999988,8.9,10.68
Personal Care,Mamaearth Vitamin C Face Toner,3.99,0,1,3.99,200,False,200,0.0,19.950000000000003,3.99
Personal Care,Himalaya Diaper Rash Cream,0.8,10,2,0.72,20,False,20,0.08000000000000007,36.0,1.44
Personal Care,Fogg Royal Fragrance Spray,2.3,0,4,2.3,150,False,120,0.0,15.333333333333332,9.2
Personal Care,Dove Pink Rosa Beauty Bathing Bar,2.45,9,6,2.21,100,False,100,0.2400000000000002,22.099999999999998,13.26
Personal Care,Dove Dryness Care Conditioner Frizzy & Dry Hair,0.9,6,4,0.84,80,False,80,0.06000000000000005,10.499999999999998,3.36
Personal Care,Dettol Original Liquid Handwash Refill,1.09,3,0,1.05,750,True,750,0.040000000000000036,1.4,0.0
Personal Care,Parachute 100% Pure Coconut Oil,1.23,0,0,1.23,300,True,300,0.0,4.1000000000000005,0.0
Personal Care,Stayfree Secure Cottony Soft Cover Sanitary Pad (Regular) with Wings,0.3,3,0,0.29,406,True,7,0.010000000000000009,0.7142857142857143,0.0
Personal Care,Dabur Gulabari Premium Rose Water,0.48,2,0,0.47,120,True,120,0.010000000000000009,3.9166666666666665,0.0
Personal Care,Parachute Advansed Gold Coconut Hair Oil,2.15,9,0,1.94,400,True,400,0.20999999999999996,4.8500000000000005,0.0
Personal Care,Closeup Everfresh+ Anti-Germ Gel Toothpaste Red Hot,0.9,10,0,0.81,150,True,150,0.08999999999999997,5.4,0.0
Personal Care,Godrej No.1 Bathing Soap  Lime & Aloe Vera,1.0,16,0,0.84,500,True,100,0.16000000000000003,1.68,0.0
Personal Care,Sensodyne Sensitive Fresh Gel Toothpaste,1.15,7,0,1.06,75,True,75,0.08999999999999986,14.133333333333335,0.0
Personal Care,Whisper Bindazzz Nights XL + Sanitary Pad,0.9,0,0,0.9,406,True,7,0.0,2.2167487684729066,0.0
Personal Care,Whisper Choice Sanitary Pad,0.32,9,0,0.29,406,True,7,0.030000000000000027,0.7142857142857143,0.0
Personal Care,"Godrej No.1 Bathing Soap, Jasmine",0.84,0,0,0.84,400,True,100,0.0,2.1,0.0
Personal Care,Gillette Venus Close & Clean Razor,2.49,7,0,2.3,58,True,1,0.1900000000000004,39.655172413793096,0.0
Personal Care,Whisper Choice Regular Sanitary Pads,0.9,3,0,0.87,58,True,20,0.030000000000000027,15.0,0.0
Personal Care,Stayfree Secure Dry Cover Extra Large Sanitary Pad,0.42,2,0,0.41,406,True,7,0.010000000000000009,1.0098522167487682,0.0
Personal Care,Oxylife Natural Radiance 5 Creme Bleach - With Active Oxygen,0.82,9,0,0.74,27,True,27,0.07999999999999996,27.40740740740741,0.0
Personal Care,Clean & Clear Morning Energy Lemon Face Wash,1.45,9,0,1.31,100,True,100,0.1399999999999999,13.100000000000001,0.0
Personal Care,Bajaj Almond Drops Hair Oil,0.67,10,0,0.6,100,True,100,0.07000000000000006,6.0,0.0
Personal Care,Bajaj Almond Drops Hair Oil Bottle,1.3,7,0,1.2,200,True,200,0.10000000000000009,6.0,0.0
Personal Care,Whisper Bindazzz Night Sanitary Pads XL Plus,1.85,0,0,1.85,870,True,15,0.0,2.1264367816091956,0.0
Personal Care,Godrej Cinthol Lime Refreshing Deo Soap,1.16,0,0,1.16,400,True,400,0.0,2.9,0.0
Personal Care,"MamyPoko Pants Standard Diapers, Extra Large (12 - 17 kg)",3.99,7,0,3.69,26,True,26,0.30000000000000027,141.92307692307693,0.0
Paan Corner,Clove Sensitive Toothpaste with Anti-Sensitivity & Fluoride Formulation,1.6,35,3,1.04,80,False,80,0.56,13.000000000000002,3.12
Paan Corner,Dettol Original Germ Protection Alcohol Based Hand Sanitizer,0.25,0,6,0.25,50,False,50,0.0,5.0,1.5
Paan Corner,Colgate Visible White Toothpaste,1.15,10,6,1.03,100,False,100,0.11999999999999988,10.3,6.18
Paan Corner,Dettol SKincare Handwash Value Refill,1.09,3,6,1.05,750,False,750,0.040000000000000036,1.4,6.300000000000001
Paan Corner,Savlon Herbal Sensitive Liquid Handwash Refill Pouch,1.15,4,6,1.1,750,False,500,0.04999999999999982,1.4666666666666668,6.6000000000000005
Paan Corner,Colgate Total 12 Whole Mouth Protection Toothpaste,1.2,10,6,1.08,120,False,120,0.11999999999999988,9.000000000000002,6.48
Paan Corner,Lux International Creamy White Soap Bar,0.35,2,6,0.34,75,False,75,0.009999999999999953,4.533333333333333,2.04
Paan Corner,Colgate Herbal Toothpaste,1.14,18,2,0.93,200,False,200,0.20999999999999985,4.65,1.86
Paan Corner,Nivea Men Deodorant Fresh Active 48h Long lasting Freshness,2.25,24,6,1.69,150,False,150,0.56,11.266666666666666,10.14
Paan Corner,Dabur Meswak Toothpaste,0.58,5,6,0.55,100,False,100,0.029999999999999916,5.500000000000001,3.3000000000000003
Paan Corner,Colgate Max Fresh Cooling Crystals Toothpaste,1.01,5,2,0.95,150,False,150,0.06000000000000005,6.333333333333333,1.9
Paan Corner,Indulekha Bhringa Hair Oil,4.32,15,6,3.67,100,False,100,0.6500000000000004,36.699999999999996,22.02
Paan Corner,Colgate Sensitive Soft Bristles Toothbrush,0.5,0,6,0.5,58,False,1,0.0,8.620689655172413,3.0
Paan Corner,Pears Pure & Gentle Glycerin Bath Soap,0.75,0,6,0.75,125,False,125,0.0,6.0,4.5
Paan Corner,Vaseline Skin Protecting Jelly,0.79,13,6,0.68,50,False,50,0.10999999999999999,13.600000000000001,4.08
Paan Corner,Dettol Original Germ Protection Bathing Soap Bar,1.66,5,4,1.57,375,False,375,0.08999999999999986,4.1866666666666665,6.28
Paan Corner,Dettol Intense Cool Soap (B4G1),2.6,5,6,2.47,625,False,625,0.1299999999999999,3.952000000000001,14.82
Paan Corner,Livon Anti-Frizz Serum,2.5,10,3,2.25,100,False,100,0.25,22.5,6.75
Paan Corner,Lifebuoy Germ Protection Care Soap Bar,0.3,3,3,0.29,100,False,125,0.010000000000000009,2.9,0.8699999999999999
Paan Corner,Lux International Creamy White Soap Bar,0.7,10,6,0.63,125,False,125,0.06999999999999995,5.04,3.7800000000000002
Paan Corner,Godrej Nupur  100% Pure Henna (Mehendi),0.1,0,6,0.1,18,False,18,0.0,5.555555555555555,0.6000000000000001
Paan Corner,Glow & Lovely Advanced Multivitamin Face Cream,2.13,10,6,1.9,110,False,110,0.22999999999999998,17.272727272727273,11.399999999999999
Paan Corner,Set Wet Style Vertical Hold Hair Gel,0.5,10,4,0.45,50,False,50,0.04999999999999999,9.000000000000002,1.8
Paan Corner,"Godrej Expert Rich Crème, Natural Black",0.3,0,6,0.3,20,False,20,0.0,15.0,1.7999999999999998
Paan Corner,Nycil Germ Expert Cool Herbal Talc,1.3,8,1,1.19,150,False,200,0.1100000000000001,7.933333333333332,1.19
Paan Corner,Godrej Expert Creme Hair Natural Brown Colour,0.3,0,6,0.3,20,False,20,0.0,15.0,1.7999999999999998
Paan Corner,Veet Sensitive Skin Hair Removal Cream,1.35,5,6,1.28,50,False,50,0.07000000000000006,25.6,7.68
Paan Corner,Closeup Everfresh+ Anti-Germ Gel Toothpaste Red Hot,0.5,2,1,0.49,80,False,80,0.010000000000000009,6.125,0.49
Paan Corner,Pears Pure And Gentle Value Pack Of 3 Bathing Soap,1.99,6,5,1.86,375,False,375,0.1299999999999999,4.96,9.3
Paan Corner,Gillette Presto Ready Shaver 5 Cartridges,0.88,6,6,0.82,290,False,5,0.06000000000000005,2.8275862068965516,4.92
Paan Corner,Closeup Everfresh+ Anti-Germ Gel Toothpaste Red Hot,1.6,10,4,1.44,300,False,300,0.16000000000000014,4.8,5.76
Paan Corner,"Godrej Expert Rich Crème, Dark Brown",0.3,0,4,0.3,20,False,20,0.0,15.0,1.2
Paan Corner,Nivea Soft Light Moisturizer for Face Hand & Body Non-Sticky Cream with Vitamin E & Jojoba Oil,1.85,15,3,1.57,100,False,100,0.28,15.700000000000003,4.71
Paan Corner,Fiama Gel Bar Celebration Pack Buy 4 Get 1 Free,2.9,10,6,2.61,625,False,625,0.29000000000000004,4.176,15.66
Paan Corner,Gillette Sensitive Shaving Foam,2.25,6,4,2.1,418,False,418,0.1499999999999999,5.023923444976076,8.4
Paan Corner,Dove Hair Fall Rescue Shampoo,1.5,6,5,1.41,180,False,180,0.09000000000000008,7.833333333333333,7.05
Paan Corner,Gillette Mach 3 Mens Razor Blades,4.99,7,4,4.6,232,False,4,0.39000000000000057,19.827586206896548,18.4
Paan Corner,Palmolive Aroma Absolute Relax Shower Gel,1.99,20,2,1.59,250,False,250,0.3999999999999999,6.36,3.18
Paan Corner,Godrej Protekt Germ Fighter Handwash,0.99,0,6,0.99,750,False,750,0.0,1.32,5.9399999999999995
Paan Corner,Dettol Hand Sanitizer,1.0,5,6,0.95,200,False,200,0.050000000000000044,4.75,5.699999999999999
Paan Corner,Dabur Amla Hair Oil,0.88,0,2,0.88,180,False,180,0.0,4.888888888888888,1.76
Paan Corner,Dettol Original Liquid Handwash,0.89,4,6,0.85,200,False,200,0.040000000000000036,4.25,5.1
Paan Corner,L'Oreal Paris Total Repair 5 Conditioner,1.99,0,6,1.99,192,False,180,0.0,10.364583333333334,11.94
Paan Corner,Patanjali Saundarya Aloe Vera Gel,0.9,0,5,0.9,150,False,150,0.0,6.0,4.5
Paan Corner,Head & Shoulders 2 In 1 Anti Dandruff Shampoo Conditioner,1.95,10,4,1.74,180,False,180,0.20999999999999996,9.666666666666668,6.96
Paan Corner,Clean & Clear Pimple Clearing Face Wash,1.3,10,2,1.17,80,False,80,0.13000000000000012,14.625,2.34
Paan Corner,Himalaya Anti Dandruff Shampoo,1.4,8,2,1.28,200,False,200,0.11999999999999988,6.4,2.56
Paan Corner,Stayfree Secure Dry Cover Regular Sanitary Pad With Wings,0.3,3,6,0.29,406,False,7,0.010000000000000009,0.7142857142857143,1.7399999999999998
Paan Corner,Savlon Moisture Shield Hand Wash,0.99,4,6,0.95,750,False,750,0.040000000000000036,1.2666666666666666,5.699999999999999
Paan Corner,Dove Intense Repair Conditioner,1.9,14,6,1.62,175,False,80,0.2799999999999998,9.257142857142858,9.72
Paan Corner,Dabur Gulabari Rose Glow Face Cleanse,0.75,5,4,0.71,100,False,100,0.040000000000000036,7.1,2.84
Paan Corner,Parachute Jasmine Hair Oil,0.82,9,6,0.74,190,False,190,0.07999999999999996,3.894736842105263,4.4399999999999995
Paan Corner,Johnson's Baby Skincare Wipes,0.79,6,6,0.74,1160,False,20,0.050000000000000044,0.6379310344827587,4.4399999999999995
Paan Corner,Dettol Skincare Liquid Hand Wash,0.79,0,6,0.79,200,False,200,0.0,3.95,4.74
Paan Corner,Old Spice Original Lather Shaving Cream,0.75,9,6,0.68,70,False,70,0.06999999999999995,9.714285714285715,4.08
Paan Corner,Veet Hair Removal Cream Dry Skin,1.35,5,5,1.28,50,False,50,0.07000000000000006,25.6,6.4
Paan Corner,L'Oreal Paris Total Repair 5 Shampoo,2.65,0,2,2.65,396,False,360,0.0,6.691919191919192,5.3
Paan Corner,Fiama Menthol & Magnolia Cooling Gel Bar Soap,1.6,11,6,1.41,375,False,375,0.19000000000000017,3.76,8.459999999999999
Paan Corner,Nivea Lip Balm Original Care for 24h Moisture with Shea Butter & Natural Oils,1.4,15,6,1.19,5,False,4,0.20999999999999996,238.0,7.14
Paan Corner,Oral-B Charcoal Deep Clean Stain Removal Toothbrush Soft,0.99,0,3,0.99,232,False,4,0.0,4.267241379310345,2.9699999999999998
Paan Corner,Neutrogena Ultra Sheer Dry Touch SPF 50+ Sunblock Sunscreen Lotion,2.5,10,3,2.25,30,False,30,0.25,75.0,6.75
Paan Corner,Clinic Plus Strong & Long Health Shampoo,4.99,10,3,4.49,650,False,650,0.5,6.907692307692308,13.47
Paan Corner,Johnson's Baby No More Tears Baby Shampoo,0.98,0,5,0.98,100,False,100,0.0,9.799999999999999,4.9
Paan Corner,Colgate Zig Zag Toothbrush,1.2,0,3,1.2,348,False,6,0.0,3.4482758620689653,3.5999999999999996
Paan Corner,Savlon Moisture Shield Germ Protection Handwash Refill (Buy 1 Get 1 Free),1.89,0,6,1.89,1500,False,1500,0.0,1.2599999999999998,11.34
Paan Corner,Colgate Sensitive Everyday Protection Anticavity Toothpaste,0.75,0,6,0.75,40,False,40,0.0,18.75,4.5
Paan Corner,Whisper Ultra Soft XL+ Sanitary Pads,3.3,2,6,3.23,30,False,30,0.06999999999999984,107.66666666666666,19.38
Paan Corner,Garnier Colour Naturals Hair Colour - 1 Natural Black,0.8,0,1,0.8,60,False,60,0.0,13.333333333333334,0.8
Paan Corner,Axe Pulse Men's Deodorant,2.1,0,6,2.1,150,False,150,0.0,14.0,12.600000000000001
Paan Corner,Colgate Zigzag Charcoal Soft Bristle Toothbrush - 4 Pcs,0.99,0,6,0.99,232,False,4,0.0,4.267241379310345,5.9399999999999995
Paan Corner,Whisper Ultra Clean Wings XL+  Pouch,4.49,7,6,4.15,44,False,44,0.33999999999999986,94.31818181818183,24.900000000000002
Paan Corner,Whisper Choice Regular Sanitary Pads,0.9,0,6,0.9,1160,False,20,0.0,0.7758620689655172,5.4
Paan Corner,Axe Dark Temptation Men's Deodorant,2.1,7,5,1.94,150,False,150,0.16000000000000014,12.933333333333334,9.7
Paan Corner,Head & Shoulders Anti-Dandruff Smooth & Silky Shampoo,1.5,0,4,1.5,180,False,180,0.0,8.333333333333334,6.0
Paan Corner,Clinic Plus Strength & Shine Shampoo With Egg Protein,1.05,0,2,1.05,175,False,175,0.0,6.0,2.1
Paan Corner,Engage M1 Perfume Spray for Men,2.1,7,6,1.94,120,False,120,0.16000000000000014,16.166666666666664,11.64
Paan Corner,Tresemme Keratin Smooth Conditioner,3.8,0,3,3.8,340,False,340,0.0,11.176470588235293,11.399999999999999
Paan Corner,"Garnier Color Naturals Crème Hair Color, Shade 5 Light Brown",1.8,0,1,1.8,100,False,100,0.0,18.000000000000004,1.8
Paan Corner,Origami Aloe Vera Wipes,0.75,13,4,0.65,25,False,25,0.09999999999999998,26.000000000000004,2.6
Paan Corner,"Engage Drizzle Deodorant For Women, Floral And Lavender, Skin Friendly",1.95,10,6,1.74,150,False,150,0.20999999999999996,11.6,10.44
Paan Corner,Gellette Presto Ready Shaver,0.2,0,1,0.2,58,False,1,0.0,3.4482758620689657,0.2
Paan Corner,Colgate Max Fresh Plax Mouthwash - Fresh Mint,1.5,20,5,1.2,250,False,250,0.30000000000000004,4.8,6.0
Paan Corner,Colgate Zig Zag Charcoal Medium Toothbrush 4 Pcs,0.99,0,6,0.99,232,False,4,0.0,4.267241379310345,5.9399999999999995
Paan Corner,Godrej Protekt,0.99,0,3,0.99,750,False,750,0.0,1.32,2.9699999999999998
Paan Corner,Colgate Total Charcoal Anticavity Toothpaste,1.1,10,3,0.99,120,False,120,0.1100000000000001,8.25,2.9699999999999998
Paan Corner,Colgate Kids 0-2 Extra Soft Tooth Brush,0.3,16,6,0.25,58,False,1,0.04999999999999999,4.310344827586206,1.5
Paan Corner,Gillete Mach3,2.6,10,6,2.34,116,False,2,0.26000000000000023,20.17241379310345,14.04
Paan Corner,Maybelline New York Colossal Kajal Black,1.49,0,2,1.49,0,False,0,0.0,inf,2.98
Paan Corner,Godrej Cinthol Lime Talc,0.55,0,3,0.55,100,False,100,0.0,5.500000000000001,1.6500000000000001
Paan Corner,Hamam Soap Bar Neem Tulsi and Aloe Vera,0.58,0,6,0.58,150,False,150,0.0,3.8666666666666663,3.4799999999999995
Paan Corner,"Godrej Expert Rich Crème, Burgundy",0.33,0,6,0.33,20,False,20,0.0,16.5,1.98
Paan Corner,Colgate Gentle Sensitive+ Toothbrush Pack Of 4,1.2,10,4,1.08,232,False,4,0.11999999999999988,4.655172413793104,4.32
Paan Corner,Nivea Creme All Season Multi-Purpose Cream,1.75,10,4,1.57,100,False,100,0.17999999999999994,15.700000000000003,6.28
Paan Corner,Oral-B Charcoal Deep Clean Stain Removal Toothbrush Medium,0.99,0,1,0.99,232,False,4,0.0,4.267241379310345,0.99
Paan Corner,Mamaearth 100% Natural Berry Blast Kids Toothpaste,1.49,10,4,1.34,50,False,50,0.1499999999999999,26.8,5.36
Paan Corner,HImalaya Gentle Baby Wipes,2.0,10,3,1.8,72,False,72,0.19999999999999996,25.0,5.4
Paan Corner,Stayfree Dry Max All Night XL Dry Cover Sanitary Pads,3.4,12,6,2.98,28,False,28,0.41999999999999993,106.42857142857143,17.88
Paan Corner,"L'Oreal Paris Excellence Creme Hair Color, 1 Black",6.2,0,1,6.2,172,False,172,0.0,36.04651162790698,6.2
Paan Corner,Fem Fairness Naturals Saffron Skin Bleach,0.85,15,4,0.72,64,False,64,0.13,11.25,2.88
Paan Corner,Engage Woman Blush Body Deo Spray,1.95,10,5,1.74,150,False,150,0.20999999999999996,11.6,8.7
Paan Corner,Dove Pink Rosa Beauty Bathinhg Bar,0.6,0,6,0.6,100,False,100,0.0,6.0,3.5999999999999996
Paan Corner,Sebamed Cleansing Bar,0.99,10,4,0.89,100,False,100,0.09999999999999998,8.9,3.56
Paan Corner,Pampers Premium Care Pants - Large,10.99,18,2,8.99,44,False,44,2.0,204.3181818181818,17.98
Paan Corner,Nivea Women Deodorant Fresh Natural Long Lasting Freshness & 48h Protection,1.99,20,2,1.59,150,False,150,0.3999999999999999,10.6,3.18
Paan Corner,"L'Oreal Paris Excellence Creme Hair Color, 3 Dark Brown/Natural Darkest Brown",6.2,0,6,6.2,172,False,172,0.0,36.04651162790698,37.2
Paan Corner,Patanjali Kesh Kanti Natural Hair Cleanser,0.75,9,4,0.68,200,False,200,0.06999999999999995,3.4000000000000004,2.72
Paan Corner,Godrej No.1 Bathing Soap  Lime & Aloe Vera,1.49,0,6,1.49,600,False,600,0.0,2.4833333333333334,8.94
Paan Corner,Pantene Advanced Control Hair Fall Solution Shampoo,1.2,6,5,1.12,180,False,180,0.07999999999999985,6.222222222222222,5.6000000000000005
Paan Corner,Veet Full Body Waxing Kit For Dry Skin,2.35,7,6,2.18,1160,False,20,0.16999999999999993,1.8793103448275863,13.080000000000002
Paan Corner,Johnson's Baby Skincare Wipes,2.45,9,6,2.21,72,False,72,0.2400000000000002,30.694444444444443,13.26
Paan Corner,Gillette Lemon Lime Shaving Foam,1.99,11,4,1.77,196,False,196,0.21999999999999997,9.03061224489796,7.08
Paan Corner,Old Spice After Shave Lotion Musk,2.15,6,3,2.0,100,False,100,0.1499999999999999,20.0,6.0
Paan Corner,Whisper Ultra Soft Air Fresh Sanitary Pads (XL) with Wings,3.15,0,4,3.15,30,False,30,0.0,105.0,12.6
Paan Corner,Himalaya Baby Powder,0.8,8,4,0.73,100,False,100,0.07000000000000006,7.3,2.92
Paan Corner,Fiama Men's Refreshing Pulse Shower Gel,2.25,20,4,1.8,250,False,250,0.44999999999999996,7.2,7.2
Paan Corner,Whisper Ultra Clean XL Plus Sanitary Pad,1.75,0,5,1.75,870,False,15,0.0,2.0114942528735633,8.75
Paan Corner,Johnson's Baby Powder,1.43,0,6,1.43,200,False,200,0.0,7.15,8.58
Paan Corner,Dove Cream Beauty Bathing Bar,2.35,9,6,2.12,125,False,125,0.22999999999999998,16.96,12.72
Paan Corner,Patanjali Kesh Kanti Shikakai Hair Cleanser,0.95,0,4,0.95,200,False,200,0.0,4.75,3.8
Paan Corner,L'Oreal Paris Color Protect Conditioner,1.99,0,3,1.99,192,False,192,0.0,10.364583333333334,5.97
Paan Corner,Nivea Men Active Clean with Active Charcoal Shower Gel for Body Face & Hair,1.99,4,5,1.91,250,False,250,0.08000000000000007,7.64,9.549999999999999
Paan Corner,L'Oreal 6 Oil Nourish Conditioner,1.35,0,1,1.35,192,False,192,0.0,7.03125,1.35
Paan Corner,Godrej Easy Natural Black Hair Colour,0.25,0,5,0.25,20,False,20,0.0,12.5,1.25
Paan Corner,Dabur Gulabari Rose Water Daily Glow,0.8,6,2,0.75,250,False,250,0.050000000000000044,3.0,1.5
Paan Corner,Himalaya Purifying Neem Face Wash,1.7,10,6,1.53,150,False,150,0.16999999999999993,10.200000000000001,9.18
Paan Corner,Fem Fairness Naturals Gold Skin Bleach,0.65,9,3,0.59,24,False,24,0.06000000000000005,24.583333333333332,1.77
Paan Corner,Whisper Choice Ultra XL Sanitary Pad,1.33,2,5,1.3,1160,False,20,0.030000000000000027,1.1206896551724137,6.5
Paan Corner,Dove Dandruff Care Shampoo,1.58,6,5,1.47,180,False,180,0.1100000000000001,8.166666666666666,7.35
Paan Corner,Head & Shoulders Anti Dandruff Anti Hairfall Shampoo,2.85,0,5,2.85,340,False,240,0.0,8.382352941176471,14.25
Paan Corner,L'Oreal Casting Creme Ebony Black Hair Color,5.5,0,6,5.5,159,False,87,0.0,34.59119496855346,33.0
Paan Corner,Mamaearth Onion Hair Oil,3.99,10,6,3.59,150,False,150,0.40000000000000036,23.93333333333333,21.54
Paan Corner,L'Oreal Paris Casting Creme Gloss Hair Color (Dark Brown 400),5.5,0,4,5.5,159,False,159,0.0,34.59119496855346,22.0
Paan Corner,Palmolive Naturals Sea Minerals Liquid Hand Wash,0.99,10,6,0.89,250,False,250,0.09999999999999998,3.56,5.34
Paan Corner,Oral-B Extra Soft Bristles Sensitive,0.98,0,4,0.98,232,False,4,0.0,4.224137931034482,3.92
Paan Corner,Engage M3 Perfume Spray for Men,2.0,10,3,1.8,120,False,120,0.19999999999999996,15.000000000000002,5.4
Paan Corner,Mamaearth Deeply Nourishing wash for Babies,1.99,0,4,1.99,200,False,200,0.0,9.950000000000001,7.96
Paan Corner,Dettol Original Soap (B4G1),2.6,5,6,2.47,625,False,625,0.1299999999999999,3.952000000000001,14.82
Paan Corner,Woodward's Gripe Water,0.75,0,6,0.75,200,False,200,0.0,3.75,4.5
Paan Corner,"MamyPoko Pants Extra Absorb Diapers, New Born",2.99,6,5,2.79,28,False,28,0.20000000000000018,99.64285714285714,13.95
Paan Corner,Johnson's Baby Soap,0.7,0,6,0.7,100,False,100,0.0,6.999999999999999,4.199999999999999
Paan Corner,Engage M4 Perfume Spray For Men,2.0,10,6,1.8,120,False,120,0.19999999999999996,15.000000000000002,10.8
Paan Corner,Fem Fairness Naturals Hair Removal Cream Fair & Soft - Gold,0.65,10,4,0.58,40,False,40,0.07000000000000006,14.499999999999998,2.32
Paan Corner,Dove Hair Fall Rescue Conditioner,1.9,0,4,1.9,175,False,175,0.0,10.857142857142858,7.6
Paan Corner,Himalaya Anti Hair Fall Shampoo,1.3,12,2,1.14,200,False,200,0.16000000000000014,5.699999999999999,2.28
Paan Corner,Fiama Peach & Avocado Gel Bar,1.76,10,3,1.58,375,False,375,0.17999999999999994,4.213333333333334,4.74
Paan Corner,Pears Pure & Gentle Value Pack Of 4 Bathing Soap,1.25,0,6,1.25,75,False,75,0.0,16.666666666666668,7.5
Paan Corner,Fiama Fresh Hand Wash,1.5,6,3,1.4,400,False,400,0.10000000000000009,3.4999999999999996,4.199999999999999
Paan Corner,Palmolive Black Orchid And Milk Liquid Hand Wash,0.99,10,6,0.89,250,False,250,0.09999999999999998,3.56,5.34
Paan Corner,Oral-B Criss Cross Medium Toothbrush (Buy 2 Get 2 Free),1.6,0,5,1.6,232,False,4,0.0,6.8965517241379315,8.0
Paan Corner,Gillette Mach 3 Turbo Razor,3.49,6,5,3.25,58,False,1,0.2400000000000002,56.03448275862069,16.25
Paan Corner,Himalaya Baby Lotion,1.65,12,3,1.45,200,False,200,0.19999999999999996,7.249999999999999,4.35
Paan Corner,Head & Shoulders 2-in-1 Cool Menthol Anti Dandruff Shampoo + Conditioner,3.75,0,1,3.75,340,False,180,0.0,11.029411764705882,3.75
Paan Corner,Sunsilk Lusciously Thick & Long Shampoo,2.49,6,6,2.34,340,False,340,0.15000000000000036,6.88235294117647,14.04
Paan Corner,Fiama Di Wills Men's Refreshing Pulse Shower Gel,2.25,4,3,2.14,250,False,250,0.10999999999999988,8.56,6.42
Paan Corner,Sebamed Anti - Dandruff Shampoo,6.0,10,2,5.4,200,False,200,0.5999999999999996,27.000000000000004,10.8
Paan Corner,Listerine Cool Mint Mouthwash - Mild Taste,1.5,10,6,1.35,250,False,250,0.1499999999999999,5.4,8.100000000000001
Paan Corner,"L'Oreal Paris Excellence Creme Hair Color, 4.25 Aishwarya's Brown",6.2,0,6,6.2,172,False,172,0.0,36.04651162790698,37.2
Paan Corner,Himalaya Gentle Baby Bath,1.65,9,6,1.5,200,False,200,0.1499999999999999,7.5,9.0
Paan Corner,"L'Oreal Paris Casting Creme Gloss Hair Color, Medium Brown 500",5.5,0,4,5.5,160,False,159,0.0,34.375,22.0
Paan Corner,L'Oreal Paris Color Protect Shampoo,2.82,0,3,2.82,360,False,360,0.0,7.833333333333333,8.459999999999999
Paan Corner,Fiama Di Wills Lemongrass & Jojoba Gel Bar,1.76,10,6,1.58,375,False,375,0.17999999999999994,4.213333333333334,9.48
Paan Corner,Colgate Plax Peppermint Mouthwash,1.5,20,5,1.2,250,False,250,0.30000000000000004,4.8,6.0
Paan Corner,Dove Daily Shine Conditioner,0.9,10,1,0.81,80,False,80,0.08999999999999997,10.125,0.81
Paan Corner,Patanjali Kesh Kanti Anti Dandruff Hair Cleanser,1.1,0,6,1.1,200,False,200,0.0,5.500000000000001,6.6000000000000005
Paan Corner,Old Spice Original After Shave Lotion,2.5,0,1,2.5,150,False,150,0.0,16.666666666666668,2.5
Paan Corner,Dove Hair Fall Rescue Shampoo,1.37,10,4,1.23,180,False,180,0.14000000000000012,6.833333333333334,4.92
Paan Corner,Dettol Clinical Strength Hand Sanitizer Liquid,2.5,10,6,2.25,500,False,500,0.25,4.5,13.5
Paan Corner,Nivea Soft Light Moisturizer for Face Hand & Body Non-Sticky Cream with Vitamin E & Jojoba Oil,3.99,20,3,3.19,300,False,300,0.8000000000000003,10.633333333333333,9.57
Paan Corner,Comfy Baby Pants XL 12-17 kg,4.29,15,1,3.64,24,False,24,0.6499999999999999,151.66666666666669,3.64
Paan Corner,Dettol Liquid Handwash With Free Liquid,0.99,0,6,0.99,200,False,200,0.0,4.949999999999999,5.9399999999999995
Paan Corner,Nivea Body Milk Lotion for Very Dry Skin,3.99,20,6,3.19,400,False,400,0.8000000000000003,7.975,19.14
Paan Corner,Lakme Sun Expert,2.25,0,6,2.25,60,False,60,0.0,37.5,13.5
Paan Corner,Head & shoulders Anti Dandruff Shampoo Cool Menthol,1.7,0,6,1.7,180,False,180,0.0,9.444444444444445,10.2
Paan Corner,Godrej Nupur Henna,0.75,0,5,0.75,150,False,120,0.0,5.0,3.75
Paan Corner,Johnson's Baby Lotion,1.0,0,4,1.0,100,False,100,0.0,10.0,4.0
Paan Corner,Himalaya Anti Dandruff Shampoo,1.4,10,1,1.26,200,False,200,0.1399999999999999,6.3,1.26
Paan Corner,Maybelline New York Colossal Kajal Super Black,3.0,8,3,2.75,0,False,0,0.25,inf,8.25
Paan Corner,Stayfree Dry-Max All Night Ultra-Dry Sanitary Pad,0.9,10,6,0.81,406,False,7,0.08999999999999997,1.9950738916256159,4.86
Paan Corner,Dove Daily Shine Shampoo,6.45,5,3,6.12,650,False,650,0.33000000000000007,9.415384615384616,18.36
Paan Corner,Godrej Easy 5 Minute Natural Brown 4 Hair Colour,0.29,0,5,0.29,20,False,20,0.0,14.499999999999998,1.45
Paan Corner,Colgate Sensitive Plus Enamel Toothpaste Tube,1.4,0,6,1.4,160,False,160,0.0,8.749999999999998,8.399999999999999
Paan Corner,Colgate Max Fresh Peppermint Toothpaste,1.82,15,6,1.54,300,False,300,0.28,5.133333333333334,9.24
Paan Corner,Pond's Light Moisturiser,3.09,10,6,2.78,250,False,250,0.31000000000000005,11.12,16.68
Paan Corner,Engage Mate For Man Deo Spray,1.95,10,5,1.74,150,False,150,0.20999999999999996,11.6,8.7
Paan Corner,Pantene Advanced Hair Fall Solution Shampoo - Total Damage Care,1.2,0,5,1.2,180,False,180,0.0,6.666666666666666,6.0
Paan Corner,Whisper Choice Regular Wing Sanitary Pad,0.3,0,2,0.3,406,False,7,0.0,0.7389162561576355,0.6
Paan Corner,Colgate Slim Soft Charcoal Toothbrush,1.5,18,4,1.23,232,False,4,0.27,5.301724137931035,4.92
Paan Corner,Fiama Scents Juniper & Geranium Body Wash,1.99,6,5,1.86,250,False,250,0.1299999999999999,7.44,9.3
Paan Corner,Mamaearth Ubtan Body Lotion,3.99,15,4,3.39,400,False,400,0.6000000000000001,8.475,13.56
Paan Corner,Godrej Aer Power Pocket - Long Lasting Bathroom Fragrance Floral Delight,0.55,0,6,0.55,10,False,10,0.0,55.00000000000001,3.3000000000000003
Paan Corner,Himalaya Anti-Hair Fall Shampoo,2.3,18,1,1.88,400,False,400,0.41999999999999993,4.699999999999999,1.88
Paan Corner,Nivea Soft Light Moisturizer for Face Hand & Body Non-Sticky Cream with Vitamin E & Jojoba Oil,3.1,15,6,2.63,200,False,200,0.4700000000000002,13.15,15.78
Paan Corner,Engage M2 Perfume Spray For Men,2.0,10,6,1.8,120,False,120,0.19999999999999996,15.000000000000002,10.8
Paan Corner,Mamaearth Ubtan Face Scrub Turmeric & Walnut,3.49,10,1,3.14,100,False,100,0.3500000000000001,31.400000000000006,3.14
Paan Corner,Himalaya Purifying Neem Face Wash Tube,2.7,15,6,2.29,300,False,300,0.41000000000000014,7.633333333333333,13.74
Paan Corner,Johnson's Baby Top To Toe Bath Body Wash,1.65,0,4,1.65,210,False,210,0.0,7.857142857142856,6.6
Paan Corner,Gillette Mach 3 Start,2.49,0,6,2.49,116,False,2,0.0,21.465517241379313,14.940000000000001
Paan Corner,Scalpe Pro Anti dandruff Shampoo 100ml,1.85,0,2,1.85,100,False,100,0.0,18.500000000000004,3.7
Paan Corner,Johnson's Baby Cream,1.5,0,6,1.5,100,False,100,0.0,15.0,9.0
Paan Corner,Johnson's Baby Soap,1.05,0,6,1.05,150,False,150,0.0,7.0,6.300000000000001
Paan Corner,Himalaya Gentle Baby Shampoo,3.2,17,6,2.65,400,False,400,0.5500000000000003,6.625,15.899999999999999
Paan Corner,L'Oreal Paris Shine Masque Royal Jelly Hair Colour,5.5,0,3,5.5,88,False,87,0.0,62.5,16.5
Paan Corner,Engage Rush Deodorant For Men,1.9,11,6,1.69,150,False,150,0.20999999999999996,11.266666666666666,10.14
Paan Corner,Clean & Clear Foaming Face Wash,1.4,10,4,1.26,100,False,100,0.1399999999999999,12.6,5.04
Paan Corner,Dettol Lather Shaving Cream,0.75,5,6,0.71,78,False,78,0.040000000000000036,9.102564102564102,4.26
Paan Corner,Gillette Classic Regular Pre Shave Foam,1.99,0,4,1.99,196,False,196,0.0,10.153061224489797,7.96
Paan Corner,Dove Daily Shine Conditioner,1.9,0,6,1.9,175,False,180,0.0,10.857142857142858,11.399999999999999
Paan Corner,Johnson's Baby Shampoo,1.8,0,6,1.8,200,False,200,0.0,9.000000000000002,10.8
Paan Corner,Park Avenue Beer Shampoo,1.55,9,4,1.4,180,False,180,0.15000000000000013,7.777777777777778,5.6
Paan Corner,Pantene Advanced Hair Fall Solution Silky Smooth Care Shampoo,1.2,6,6,1.12,180,False,180,0.07999999999999985,6.222222222222222,6.720000000000001
Paan Corner,Fem Fairness Naturals Hair Removal Cream Fair & Soft - Rose,0.65,10,6,0.58,40,False,40,0.07000000000000006,14.499999999999998,3.4799999999999995
Paan Corner,Sunsilk Stunning Black Shine Shampoo,5.55,6,6,5.21,650,False,650,0.33999999999999986,8.015384615384615,31.259999999999998
Paan Corner,Dabur Meswak Toothpaste,1.0,0,1,1.0,200,False,200,0.0,5.0,1.0
Paan Corner,Patanjali Kesh Kanti Reetha Hair Cleanser,0.85,0,5,0.85,200,False,200,0.0,4.25,4.25
Paan Corner,Nivea Lip Balm Soft Rose for 24h Moisture with Natural Oils Delicate Rose Shine,1.85,8,6,1.69,5,False,4,0.16000000000000014,337.99999999999994,10.14
Paan Corner,Santoor Total Skin Care Soap With Sandal & Turmeric,1.8,0,6,1.8,600,False,600,0.0,3.0,10.8
Paan Corner,"L'Oreal Paris Excellence Creme Hair Color, 4 Natural Brown/Natural Dark Brown",6.2,0,1,6.2,172,False,172,0.0,36.04651162790698,6.2
Paan Corner,Gillette Pre Shave Foam - Classic Regular Skin,2.25,0,6,2.25,418,False,418,0.0,5.382775119617225,13.5
Paan Corner,Fiama Di Wills Shower Gel Patchouli & Macadamia,1.99,10,6,1.79,250,False,250,0.19999999999999996,7.16,10.74
Paan Corner,Listerine Fresh Burst Mouthwash,1.4,10,4,1.26,250,False,250,0.1399999999999999,5.04,5.04
Paan Corner,Nivea Cocoa Nourish Body Lotion With Coconut Oil & Cocoa Butter For Very Dry Skin,2.99,17,5,2.47,200,False,200,0.52,12.350000000000001,12.350000000000001
Paan Corner,Pantene Hair Fall Control Shampoo,2.4,7,2,2.21,340,False,340,0.18999999999999995,6.5,4.42
Paan Corner,Fogg Master - Royal Intense,2.5,0,5,2.5,120,False,120,0.0,20.833333333333332,12.5
Paan Corner,TRESemme Smooth And Shine Conditioner,2.2,0,5,2.2,190,False,190,0.0,11.578947368421053,11.0
Paan Corner,Whisper Ultra Clean XL Plus Sanitary Pad,1.55,0,6,1.55,870,False,15,0.0,1.781609195402299,9.3
Paan Corner,"Colgate Kids Toothpaste - 6+ Years, Strawberry Flavour",0.93,5,6,0.88,80,False,80,0.050000000000000044,11.0,5.28
Paan Corner,Nivea Soft Moisturizing Cream,3.1,12,1,2.72,200,False,200,0.3799999999999999,13.600000000000001,2.72
Paan Corner,Patanjali Kesh Kanti Aloe Vera Hair Cleanser,0.85,0,5,0.85,200,False,200,0.0,4.25,4.25
Paan Corner,Neutrogena Deep Clean Foaming Cleanser,1.3,11,2,1.15,50,False,50,0.15000000000000013,23.0,2.3
Paan Corner,Clean & Clear Morning Energy Berry Face Wash,1.55,6,6,1.45,100,False,100,0.10000000000000009,14.499999999999998,8.7
Paan Corner,Pampers Premium Care New Baby Pants,3.2,0,4,3.2,24,False,24,0.0,133.33333333333334,12.8
Paan Corner,Vaseline Intensive Care Aloe Fresh,2.25,9,6,2.03,200,False,200,0.2200000000000002,10.149999999999999,12.18
Paan Corner,L'Oreal Paris Dream Lengths Shampoo,1.49,0,6,1.49,192,False,192,0.0,7.760416666666666,8.94
Paan Corner,Johnson's Baby Oil,1.15,0,4,1.15,100,False,100,0.0,11.5,4.6
Paan Corner,Engage Man Rush Deodorant,1.95,9,6,1.76,150,False,150,0.18999999999999995,11.733333333333334,10.56
Paan Corner,Pantene Advanced Hair Fall Solution Shampoo - Total Damage Care,2.64,0,6,2.64,340,False,340,0.0,7.764705882352942,15.84
Paan Corner,Whisper Daily Liners Clean and Fresh,1.05,0,4,1.05,1160,False,20,0.0,0.9051724137931035,4.2
Paan Corner,Himalaya Men Pimple Clear Neem Face Wash,1.8,9,2,1.63,100,False,100,0.17000000000000015,16.299999999999997,3.26
Paan Corner,Pantene Adv Hairfall Solution Conditioner Silky Smooth,1.9,0,5,1.9,200,False,200,0.0,9.5,9.5
Paan Corner,Himalaya Prickly Heat Baby Powder,0.9,10,6,0.81,100,False,100,0.08999999999999997,8.100000000000001,4.86
Paan Corner,Mamaearth Daily Moisturizing Lotion For Babies,1.99,0,6,1.99,200,False,200,0.0,9.950000000000001,11.94
Paan Corner,Stayfree Advanced XL Ultra Comfort Sanitary napkins with Wings,1.75,0,3,1.75,812,False,14,0.0,2.155172413793103,5.25
Paan Corner,Pampers Premium Care Pants - Medium,10.99,18,6,8.99,54,False,54,2.0,166.48148148148147,53.94
Paan Corner,Fiama Men's Refreshing Pulse Shower Gel,1.99,10,6,1.79,250,False,250,0.19999999999999996,7.16,10.74
Paan Corner,Vaseline Original Skin Protecting Jelly,1.25,10,6,1.12,100,False,100,0.1299999999999999,11.200000000000001,6.720000000000001
Paan Corner,Clean & Clear Foaming Face Wash,1.8,10,6,1.62,150,False,150,0.17999999999999994,10.8,9.72
Paan Corner,Fiama Lemongrass and Jojoba Shower Gel,2.25,20,6,1.8,250,False,250,0.44999999999999996,7.2,10.8
Paan Corner,Oral-B Charcoal Cross Cross Extra Soft Toothbrush (Buy 2 Get 1 Free),1.8,0,1,1.8,174,False,3,0.0,10.344827586206897,1.8
Paan Corner,Listerine Fresh Burst Mouthwash,2.85,7,6,2.63,500,False,500,0.2200000000000002,5.26,15.78
Paan Corner,Veet Full Body Waxing Kit,2.35,7,6,2.18,1160,False,20,0.16999999999999993,1.8793103448275863,13.080000000000002
Paan Corner,Listerine Original Mouthwash,0.55,9,6,0.5,80,False,80,0.050000000000000044,6.25,3.0
Paan Corner,Santoor Almond Soft With Sandal & Almond Milk,1.8,0,2,1.8,625,False,625,0.0,2.8800000000000003,3.6
Paan Corner,Nivea Body Shea Smooth with Shea Butter for Dry Skin,4.25,20,5,3.4,400,False,9,0.8500000000000001,8.5,17.0
Paan Corner,Neutrogena Deep Clean Facial Cleanser,1.3,0,4,1.3,50,False,50,0.0,26.000000000000004,5.2
Paan Corner,"L'Oreal Paris Excellence Creme Hair Color, 3.16 Burgundy",5.5,0,3,5.5,159,False,172,0.0,34.59119496855346,16.5
Paan Corner,Johnson's Baby Powder,2.35,0,6,2.35,400,False,400,0.0,5.875,14.100000000000001
Paan Corner,Bombay Shaving Company Charcoal Face Wash,2.49,0,4,2.49,100,False,100,0.0,24.900000000000002,9.96
Paan Corner,Colgate Kids 2+ Years Extra Soft Toothbrush,0.2,0,3,0.2,58,False,1,0.0,3.4482758620689657,0.6000000000000001
Paan Corner,Veet Hair Removal Cream (Normal Skin),1.35,5,6,1.28,50,False,50,0.07000000000000006,25.6,7.68
Paan Corner,Dove Daily Shine Shampoo,2.4,0,4,2.4,340,False,340,0.0,7.0588235294117645,9.6
Paan Corner,L'Oreal Anti Hair Fall Conditioner,1.99,0,6,1.99,192,False,192,0.0,10.364583333333334,11.94
Paan Corner,Nivea Body Lotion Aloe Hydration For Normal Skin,2.75,10,6,2.47,200,False,200,0.2799999999999998,12.350000000000001,14.82
Paan Corner,Pampers Pants - Large,15.49,45,3,8.49,82,False,82,7.0,103.53658536585367,25.47
Paan Corner,"Engage Urge Deodorant For Men, Citrus And Woody, Skin Friendly",1.95,10,6,1.74,150,False,150,0.20999999999999996,11.6,10.44
Paan Corner,Head & Shoulders 2 In 1 Anti Dandruff Smooth & Silky Shampoo+Conditioner,3.75,10,6,3.34,340,False,340,0.41000000000000014,9.823529411764705,20.04
Paan Corner,Fem Fairness Natural Gold Skin Bleach,0.85,7,4,0.79,64,False,64,0.05999999999999994,12.34375,3.16
Paan Corner,Engage Deo Frost,1.95,9,6,1.76,150,False,150,0.18999999999999995,11.733333333333334,10.56
Paan Corner,Stayfree Secure XL Size Sanitary Napkins,1.15,0,5,1.15,1160,False,20,0.0,0.9913793103448274,5.75
Paan Corner,Pampers Pants - Medium,6.99,21,1,5.49,50,False,50,1.5,109.80000000000001,5.49
Paan Corner,Pampers Active Baby Diapers New Born Extra Small,10.99,22,3,8.49,72,False,72,2.5,117.91666666666667,25.47
Paan Corner,"Nivea Creme, All Season Multi-Purpose Cream",1.75,9,6,1.58,100,False,100,0.16999999999999993,15.8,9.48
Paan Corner,Woodwards Gripe Water,0.5,0,4,0.5,130,False,130,0.0,3.8461538461538463,2.0
Paan Corner,Clean & Clear Morning Energy Aqua Splash Face Wash,1.45,9,5,1.31,100,False,100,0.1399999999999999,13.100000000000001,6.550000000000001
Paan Corner,Sunsilk Lusciously Thick & Long Shampoo,5.55,6,6,5.21,650,False,650,0.33999999999999986,8.015384615384615,31.259999999999998
Paan Corner,Mamaearth Skin Correct Face Serum,5.99,15,1,5.09,30,False,30,0.9000000000000004,169.66666666666666,5.09
Paan Corner,Chik Hairfall Prevent Egg Shampoo,1.78,0,6,1.78,340,False,340,0.0,5.235294117647059,10.68
Paan Corner,Pantene Silky Smooth Care Shampoo,2.25,6,3,2.1,340,False,340,0.1499999999999999,6.176470588235294,6.300000000000001
Paan Corner,"Garnier Skin Naturals, Micellar Cleansing Water",1.99,5,4,1.89,125,False,125,0.10000000000000009,15.12,7.56
Paan Corner,Set Wet Swag Avatar Deodorant & Body Spray Perfume For Men,1.99,0,1,1.99,150,False,150,0.0,13.266666666666666,1.99
Paan Corner,Pampers All Round Protection Pants - Medium,6.99,17,6,5.75,50,False,50,1.2400000000000002,115.0,34.5
Paan Corner,Set Wet Deodrant Charm Avatar,1.99,0,1,1.99,150,False,150,0.0,13.266666666666666,1.99
Paan Corner,Nupur Heena Mehandi,1.99,0,6,1.99,500,False,500,0.0,3.98,11.94
Paan Corner,Head & Shoulders 2-in-1 Active Protect Shampoo,3.75,9,6,3.38,340,False,340,0.3700000000000001,9.941176470588234,20.28
Paan Corner,Gillette Mach 3 Turbo Cartridges,6.49,10,6,5.78,232,False,4,0.71,24.913793103448278,34.68
Paan Corner,TRESemme Smooth And Shine Conditioner,2.1,13,1,1.82,190,False,190,0.28,9.578947368421053,1.82
Paan Corner,Bombay Shaving Company Sensitive Cartridges,3.75,0,2,3.75,116,False,2,0.0,32.327586206896555,7.5
Paan Corner,Himalaya Baby Lotion,3.0,12,1,2.64,400,False,400,0.3599999999999999,6.6,2.64
Paan Corner,Old Spice Lime Lather Shaving Cream,0.75,0,6,0.75,70,False,70,0.0,10.714285714285714,4.5
Paan Corner,Colgate Sensitive Plus Anticavity Toothpaste,1.4,10,6,1.26,70,False,70,0.1399999999999999,18.0,7.5600000000000005
Paan Corner,Colgate Toothpaste For Kids Motu Oatlu,0.93,0,6,0.93,80,False,80,0.0,11.625,5.58
Paan Corner,Pantene Total Damage Care Shampoo,1.2,0,6,1.2,180,False,180,0.0,6.666666666666666,7.199999999999999
Paan Corner,Himalaya Moisturising Aloe Vera Facial Wipes,1.0,10,6,0.9,25,False,25,0.09999999999999998,36.00000000000001,5.4
Paan Corner,Savlon Moisture Shield Hand Wash,0.69,0,5,0.69,200,False,200,0.0,3.4499999999999997,3.4499999999999997
Paan Corner,Pampers Active Baby Diapers New Born Extra Small,3.6,10,6,3.24,24,False,24,0.3599999999999999,135.0,19.44
Paan Corner,Himalaya Anti Dandruff Shampoo,2.6,18,1,2.13,400,False,400,0.4700000000000002,5.325,2.13
Paan Corner,Himalaya Anti Hair Fall Shampoo,4.9,25,4,3.67,700,False,700,1.2300000000000004,5.242857142857143,14.68
Paan Corner,Johnson's Baby Oil,2.0,0,6,2.0,200,False,200,0.0,10.0,12.0
Paan Corner,Vaseline Intensive Care Deep Moisture Body Lotion,3.25,0,4,3.25,400,False,400,0.0,8.125,13.0
Paan Corner,L'Oreal Paris Dream Lengths Conditioner,1.99,0,1,1.99,193,False,193,0.0,10.310880829015543,1.99
Paan Corner,Nivea Soft Light Moisturizing Cream,1.85,15,6,1.57,100,False,100,0.28,15.700000000000003,9.42
Paan Corner,Whisper Ultra Soft XL+ Sanitary Pads,5.55,0,1,5.55,60,False,60,0.0,92.5,5.55
Paan Corner,Palmolive Feel The Massage Shower Gel,2.49,20,6,1.99,250,False,250,0.5000000000000002,7.96,11.94
Paan Corner,L'Oreal Paris Dream Lengths Conditioner,2.09,0,3,2.09,193,False,193,0.0,10.82901554404145,6.27
Paan Corner,Head & Shoulders Anti-Dandruff Smooth & Silky Shampoo,2.85,6,6,2.66,340,False,340,0.18999999999999995,7.8235294117647065,15.96
Paan Corner,Mamaearth Moisturizing Baby Bath Soap,2.49,0,4,2.49,150,False,150,0.0,16.6,9.96
Paan Corner,Listerine Original Mouthwash,1.5,10,6,1.35,250,False,250,0.1499999999999999,5.4,8.100000000000001
Paan Corner,Himalaya Gentle Baby Shampoo,1.7,14,6,1.46,200,False,200,0.24,7.3,8.76
Paan Corner,Dove Dryness Care Shampoo,2.68,5,1,2.52,340,False,340,0.16000000000000014,7.411764705882353,2.52
Paan Corner,Dove Hair Fall Rescue Shampoo,2.8,15,6,2.36,340,False,340,0.43999999999999995,6.9411764705882355,14.16
Paan Corner,Head & Shoulders Anti Dandruff Shampoo Cool Menthol,2.95,9,6,2.66,340,False,340,0.29000000000000004,7.8235294117647065,15.96
Paan Corner,Bombay Shaving Company Defender Razor,3.45,0,6,3.45,58,False,1,0.0,59.48275862068966,20.700000000000003
Paan Corner,"Head & Shoulders Shampoo + Conditioner - 2-In-1, Cool Menthol",3.65,0,1,3.65,340,False,340,0.0,10.735294117647058,3.65
Paan Corner,Himalaya Baby Nourishing Massage Oil,2.0,20,2,1.6,200,False,250,0.3999999999999999,8.0,3.2
Paan Corner,Himalaya Baby Powder,2.35,20,6,1.88,400,False,400,0.4700000000000002,4.699999999999999,11.28
Paan Corner,Fogg Paradise Fragrant Body Spray For Women,2.5,0,6,2.5,150,False,150,0.0,16.666666666666668,15.0
Paan Corner,Revive Revive Liquid,0.71,0,6,0.71,200,False,200,0.0,3.55,4.26
Paan Corner,Pantene Hairfall Control Conditioner,1.9,6,6,1.78,200,False,200,0.11999999999999988,8.9,10.68
Paan Corner,Mamaearth Vitamin C Face Toner,3.99,0,1,3.99,200,False,200,0.0,19.950000000000003,3.99
Paan Corner,Himalaya Diaper Rash Cream,0.8,10,2,0.72,20,False,20,0.08000000000000007,36.0,1.44
Paan Corner,Fogg Royal Fragrance Spray,2.3,0,4,2.3,150,False,120,0.0,15.333333333333332,9.2
Paan Corner,Dove Pink Rosa Beauty Bathing Bar,2.45,9,6,2.21,100,False,100,0.2400000000000002,22.099999999999998,13.26
Paan Corner,Dove Dryness Care Conditioner Frizzy & Dry Hair,0.9,6,4,0.84,80,False,80,0.06000000000000005,10.499999999999998,3.36
Paan Corner,Dettol Original Liquid Handwash Refill,1.09,3,0,1.05,750,True,750,0.040000000000000036,1.4,0.0
Paan Corner,Parachute 100% Pure Coconut Oil,1.23,0,0,1.23,300,True,300,0.0,4.1000000000000005,0.0
Paan Corner,Stayfree Secure Cottony Soft Cover Sanitary Pad (Regular) with Wings,0.3,3,0,0.29,406,True,7,0.010000000000000009,0.7142857142857143,0.0
Paan Corner,Dabur Gulabari Premium Rose Water,0.48,2,0,0.47,120,True,120,0.010000000000000009,3.9166666666666665,0.0
Paan Corner,Parachute Advansed Gold Coconut Hair Oil,2.15,9,0,1.94,400,True,400,0.20999999999999996,4.8500000000000005,0.0
Paan Corner,Closeup Everfresh+ Anti-Germ Gel Toothpaste Red Hot,0.9,10,0,0.81,150,True,150,0.08999999999999997,5.4,0.0
Paan Corner,Godrej No.1 Bathing Soap  Lime & Aloe Vera,1.0,16,0,0.84,500,True,100,0.16000000000000003,1.68,0.0
Paan Corner,Sensodyne Sensitive Fresh Gel Toothpaste,1.15,7,0,1.06,75,True,75,0.08999999999999986,14.133333333333335,0.0
Paan Corner,Whisper Bindazzz Nights XL + Sanitary Pad,0.9,0,0,0.9,406,True,7,0.0,2.2167487684729066,0.0
Paan Corner,Whisper Choice Sanitary Pad,0.32,9,0,0.29,406,True,7,0.030000000000000027,0.7142857142857143,0.0
Paan Corner,"Godrej No.1 Bathing Soap, Jasmine",0.84,0,0,0.84,400,True,100,0.0,2.1,0.0
Paan Corner,Gillette Venus Close & Clean Razor,2.49,7,0,2.3,58,True,1,0.1900000000000004,39.655172413793096,0.0
Paan Corner,Whisper Choice Regular Sanitary Pads,0.9,3,0,0.87,58,True,20,0.030000000000000027,15.0,0.0
Paan Corner,Stayfree Secure Dry Cover Extra Large Sanitary Pad,0.42,2,0,0.41,406,True,7,0.010000000000000009,1.0098522167487682,0.0
Paan Corner,Oxylife Natural Radiance 5 Creme Bleach - With Active Oxygen,0.82,9,0,0.74,27,True,27,0.07999999999999996,27.40740740740741,0.0
Paan Corner,Clean & Clear Morning Energy Lemon Face Wash,1.45,9,0,1.31,100,True,100,0.1399999999999999,13.100000000000001,0.0
Paan Corner,Bajaj Almond Drops Hair Oil,0.67,10,0,0.6,100,True,100,0.07000000000000006,6.0,0.0
Paan Corner,Bajaj Almond Drops Hair Oil Bottle,1.3,7,0,1.2,200,True,200,0.10000000000000009,6.0,0.0
Paan Corner,Whisper Bindazzz Night Sanitary Pads XL Plus,1.85,0,0,1.85,870,True,15,0.0,2.1264367816091956,0.0
Paan Corner,Godrej Cinthol Lime Refreshing Deo Soap,1.16,0,0,1.16,400,True,400,0.0,2.9,0.0
Paan Corner,"MamyPoko Pants Standard Diapers, Extra Large (12 - 17 kg)",3.99,7,0,3.69,26,True,26,0.30000000000000027,141.92307692307693,0.0
Home & Cleaning,Surf Excel Stain Eraser,0.18,0,1,0.18,150,False,150,0.0,1.2,0.18
Home & Cleaning,Colin Glass and Surface Cleaner Liquid Spray Regular,0.96,7,6,0.89,500,False,500,0.06999999999999995,1.78,5.34
Home & Cleaning,A1 Biodegradable Garbage Dustbin Bags,0.69,0,6,0.69,30,False,30,0.0,23.0,4.14
Home & Cleaning,"Mortein Cockroach Killer Spray, Crawling insect killer with Deep-Reach Nozzle",1.89,5,2,1.79,425,False,425,0.09999999999999987,4.211764705882353,3.58
Home & Cleaning,Pril Perfect Lime Dishwash Liquid,1.9,7,4,1.75,750,False,750,0.1499999999999999,2.3333333333333335,7.0
Home & Cleaning,Dettol Antiseptic Disinfectant Liquid,0.66,0,6,0.66,125,False,125,0.0,5.28,3.96
Home & Cleaning,Godrej Aer Power Pocket Berry Rush,0.55,0,3,0.55,10,False,10,0.0,55.00000000000001,1.6500000000000001
Home & Cleaning,Hit Cockroach Killer Spray,1.01,2,4,0.98,200,False,200,0.030000000000000027,4.8999999999999995,3.92
Home & Cleaning,Vim Dishwash Liquid Gel Lemon,1.85,5,1,1.75,750,False,750,0.10000000000000009,2.3333333333333335,1.75
Home & Cleaning,"Harpic Disinfectant Toilet Cleaner Liquid, Original - 1 L",1.78,0,6,1.78,1000,False,1,0.0,1.78,10.68
Home & Cleaning,Odomos Mosquito Repellent Cream,0.5,8,6,0.46,50,False,50,0.03999999999999998,9.2,2.7600000000000002
Home & Cleaning,Harpic Disinfectant Bathroom Cleaner Liquid Lemon,1.89,5,6,1.79,1000,False,1,0.09999999999999987,1.79,10.74
Home & Cleaning,Eveready AA pack of 10,1.5,4,6,1.43,580,False,10,0.07000000000000006,2.46551724137931,8.58
Home & Cleaning,Cherry Blossom Liquid Wax Polish,0.98,5,6,0.93,75,False,75,0.04999999999999993,12.400000000000002,5.58
Home & Cleaning,Gala Scrubber Cleaner Home Everyday Scrub,0.35,2,6,0.34,58,False,1,0.009999999999999953,5.862068965517241,2.04
Home & Cleaning,Hit Flower Lime Fragrance Insect Killer Spray,1.82,3,6,1.76,400,False,400,0.06000000000000005,4.4,10.56
Home & Cleaning,Harpic Hygienic Toilet Cleaner Rim Block Jasmine,0.82,6,4,0.77,26,False,26,0.04999999999999993,29.615384615384617,3.08
Home & Cleaning,Om Bhakti - Pancha Deepa Oil,1.99,10,6,1.79,1000,False,1,0.19999999999999996,1.79,10.74
Home & Cleaning,Ariel Complete Detergent Washing Powder 500 g  + 200 g Free,1.35,0,6,1.35,500,False,500,0.0,2.7,8.100000000000001
Home & Cleaning,Surf Excel Matic Top Load Detergent Powder,2.0,6,1,1.88,1000,False,1,0.1200000000000001,1.88,1.88
Home & Cleaning,Harpic Flushmatic In-Cistern Toilet Cleaner Blocks Marine,1.54,7,4,1.43,100,False,100,0.1100000000000001,14.3,5.72
Home & Cleaning,Eveready 1012 Carbon Zinc AAA Battery,1.5,4,2,1.43,580,False,10,0.07000000000000006,2.46551724137931,2.86
Home & Cleaning,Surf Excel Matic Front Load Detergent Liquid,2.25,1,6,2.21,1000,False,1,0.040000000000000036,2.21,13.26
Home & Cleaning,Origami Kitchen Towels 2 In 1 Quilted 2ply,1.4,10,6,1.26,116,False,2,0.1399999999999999,10.862068965517242,7.5600000000000005
Home & Cleaning,Oxi Green Phenyl - Pine,0.82,9,6,0.74,1000,False,1,0.07999999999999996,0.74,4.4399999999999995
Home & Cleaning,Surf Excel Easy Wash Detergent Liquid,1.7,0,6,1.69,1000,False,1,0.010000000000000009,1.69,10.14
Home & Cleaning,Uno Playing Card Game,1.49,9,2,1.35,58,False,1,0.1399999999999999,23.27586206896552,2.7
Home & Cleaning,Chakaachak Mini Cloth Brush,0.4,2,1,0.39,58,False,1,0.010000000000000009,6.724137931034483,0.39
Home & Cleaning,Chakaachak Super Scrub Pad (Pack of 3),0.35,2,2,0.34,174,False,3,0.009999999999999953,1.9540229885057474,0.68
Home & Cleaning,Colin Glass and Surface Cleaner Liquid Spray Regular,0.62,6,5,0.58,250,False,250,0.040000000000000036,2.32,2.9
Home & Cleaning,Om Bhakti Cow Dung Cakes,0.16,0,6,0.16,290,False,5,0.0,0.5517241379310345,0.96
Home & Cleaning,Dettol Antiseptic Liquid,0.33,0,4,0.33,60,False,60,0.0,5.500000000000001,1.32
Home & Cleaning,Harpic Hygienic Toilet Cleaner Rim Block Citrus,0.82,6,6,0.77,26,False,26,0.04999999999999993,29.615384615384617,4.62
Home & Cleaning,Eveready Ultima Alkaline AA Cell Battery-6 Pc Pack,2.1,10,6,1.89,348,False,6,0.2100000000000002,5.431034482758621,11.34
Home & Cleaning,Mangaldeep Rose Puja Agarbatti,0.65,9,4,0.59,120,False,120,0.06000000000000005,4.916666666666666,2.36
Home & Cleaning,Ariel Matic Top Load Detergent Washing Powder,2.25,0,6,2.25,1000,False,1,0.0,2.25,13.5
Home & Cleaning,Gala Cloth Poccha/Mop,1.25,9,6,1.13,58,False,1,0.1200000000000001,19.48275862068965,6.779999999999999
Home & Cleaning,Chakaachak Floor Cleaning Pocha,0.5,2,6,0.49,58,False,1,0.010000000000000009,8.448275862068964,2.94
Home & Cleaning,Oxi Green Floor Cleaner - Floral,1.79,10,6,1.61,1000,False,1,0.17999999999999994,1.61,9.66
Home & Cleaning,"Godrej Aer Pocket, Bathroom Air Fragrance - Assorted Pack Of 3",1.6,0,6,1.6,30,False,30,0.0,53.333333333333336,9.600000000000001
Home & Cleaning,Ariel Complete Detergent Washing Powder 1 kg + 500 g Free,2.8,6,6,2.63,1500,False,1,0.16999999999999993,1.7533333333333334,15.78
Home & Cleaning,Chakaachak Sponge Scrubber (Pack of 2),0.45,2,6,0.44,116,False,2,0.010000000000000009,3.793103448275862,2.64
Home & Cleaning,Lizol Disinfectant Surface & Floor Cleaner Liquid Floral,1.03,5,6,0.97,500,False,500,0.06000000000000005,1.94,5.82
Home & Cleaning,Harpic Germ & Stain Blaster Disinfectant Toilet Cleaner Floral,1.48,7,6,1.37,750,False,750,0.10999999999999988,1.8266666666666667,8.22
Home & Cleaning,Hit Lime Fresh Flying Insect Killer,2.69,0,6,2.69,385,False,385,0.0,6.987012987012987,16.14
Home & Cleaning,Fevistik Super Glue Stick,0.4,2,6,0.39,15,False,15,0.010000000000000009,26.000000000000004,2.34
Home & Cleaning,Godrej Ezee Liquid Detergent,1.75,0,6,1.75,1000,False,1,0.0,1.75,10.5
Home & Cleaning,Odonil Air Fresher Buy 3 Get 1 Free,2.25,5,3,2.13,300,False,300,0.1200000000000001,7.1,6.39
Home & Cleaning,"""Godrej Aer Power Pocket - Long Lasting Bathroom Fragrance Fresh Blossom""",0.55,0,6,0.55,10,False,10,0.0,55.00000000000001,3.3000000000000003
Home & Cleaning,Genteel Liquid Detegrent,3.2,0,6,3.2,2000,False,2,0.0,1.6,19.200000000000003
Home & Cleaning,Scotch Brite Scrub Pad,0.75,9,6,0.68,290,False,5,0.06999999999999995,2.344827586206897,4.08
Home & Cleaning,Shubh kart - Nirmal Eco Box Chandan Agarbatti - 100g,0.65,13,5,0.56,100,False,100,0.08999999999999997,5.6000000000000005,2.8000000000000003
Home & Cleaning,Surf Excel Quick Wash,6.0,8,1,5.49,4000,False,4,0.5099999999999998,1.3725,5.49
Home & Cleaning,Hem Mantra Masala Agarbatti,0.85,7,1,0.79,50,False,50,0.05999999999999994,15.8,0.79
Home & Cleaning,Odonil Room Air Freshener Spray Lavender Mist,1.49,5,4,1.41,240,False,240,0.08000000000000007,5.875,5.64
Home & Cleaning,Chakaachak Mega Star Toilet Brush,1.1,2,4,1.07,58,False,1,0.030000000000000027,18.448275862068964,4.28
Home & Cleaning,Om Bhakti Wick for Diya - Cotton Long Batti,0.19,0,4,0.19,50,False,50,0.0,3.8,0.76
Home & Cleaning,Origami Non-Woven Kitchen Towel,1.9,14,4,1.62,80,False,80,0.2799999999999998,20.25,6.48
Home & Cleaning,Shubh kart - Nirmal 5 in 1 Agarbatti Zipper - 150g,0.65,13,6,0.56,150,False,150,0.08999999999999997,3.733333333333334,3.3600000000000003
Home & Cleaning,Harpic Lemon Bathroom Cleaner,0.95,9,6,0.86,500,False,500,0.08999999999999997,1.72,5.16
Home & Cleaning,Scotch Brite Sponge Wipes,2.0,0,2,2.0,174,False,3,0.0,11.494252873563218,4.0
Home & Cleaning,Godrej Aer Spray Fresh Lush Green,1.5,16,2,1.26,240,False,240,0.24,5.25,2.52
Home & Cleaning,Oxi Green Phenyl Concentrate,2.0,10,6,1.8,1000,False,1,0.19999999999999996,1.8,10.8
Home & Cleaning,Oxi Green Max Force Green Concentrate,1.07,10,3,0.96,500,False,500,0.1100000000000001,1.92,2.88
Home & Cleaning,Godrej Aer Morning Misty Meadows Home Air Freshener,1.5,0,4,1.49,240,False,240,0.010000000000000009,6.208333333333333,5.96
Home & Cleaning,Kiwi Dranex Drain Cleaner,1.35,9,1,1.22,348,False,6,0.13000000000000012,3.5057471264367814,1.22
Home & Cleaning,Origami Disposable Spoons,0.8,10,3,0.72,1160,False,20,0.08000000000000007,0.6206896551724137,2.16
Home & Cleaning,Pril Bar Tub,0.55,0,1,0.55,500,False,500,0.0,1.1,0.55
Home & Cleaning,Om Bhakti Wick for Diya - Cotton Flower Batti,0.19,0,4,0.19,60,False,60,0.0,3.1666666666666665,0.76
Home & Cleaning,Chakaachak Deluxe Dustpan Grey,0.68,2,3,0.66,58,False,1,0.020000000000000018,11.379310344827587,1.98
Home & Cleaning,Lizol Disinfectant Surface & Floor Cleaner Liquid Citrus,2.05,8,3,1.88,975,False,975,0.16999999999999993,1.928205128205128,5.64
Home & Cleaning,ScotchBrite Premium Kitchen Towels,1.5,18,3,1.23,174,False,1,0.27,7.068965517241379,3.69
Home & Cleaning,Vanish All in One Powder Detergent Booster,2.1,10,2,1.89,400,False,400,0.2100000000000002,4.725,3.78
Home & Cleaning,Good Knight Fabric Personal Mosquito Repellent Roll On,0.75,0,3,0.75,8,False,8,0.0,93.75,2.25
Home & Cleaning,Gala Iron Bull Scrub Pad,1.4,10,6,1.26,174,False,3,0.1399999999999999,7.241379310344828,7.5600000000000005
Home & Cleaning,Tide Plus Extra Power Lemon & Mint Detergent Powder,2.15,1,6,2.11,2000,False,2,0.040000000000000036,1.055,12.66
Home & Cleaning,Chakaachak Dustpan Grey,0.7,2,5,0.68,58,False,1,0.019999999999999907,11.724137931034482,3.4000000000000004
Home & Cleaning,Mortein PowerGard Rat Kill Cake,0.64,6,6,0.6,100,False,100,0.040000000000000036,6.0,3.5999999999999996
Home & Cleaning,Odomos Mosquito Repellent Cream,0.25,0,1,0.25,23,False,25,0.0,10.869565217391305,0.25
Home & Cleaning,Shubh kart - Nirmal Eco Box Sugandhi Mogra Agarbatti - 100g,0.65,13,6,0.56,100,False,100,0.08999999999999997,5.6000000000000005,3.3600000000000003
Home & Cleaning,Cherry Blossom Wax Shoe Polish Black,0.68,5,6,0.64,40,False,40,0.040000000000000036,16.0,3.84
Home & Cleaning,Origami Paper Plates,2.4,15,5,2.04,50,False,50,0.3599999999999999,40.800000000000004,10.2
Home & Cleaning,Gala Microfiber Magic Cloth 2-In-1,1.75,9,6,1.58,58,False,1,0.16999999999999993,27.24137931034483,9.48
Home & Cleaning,Mr Muscle Dranex Drain Cleaner Kiwi,1.6,6,4,1.49,375,False,375,0.1100000000000001,3.973333333333333,5.96
Home & Cleaning,Lizol Disinfectant Surface & Floor Cleaner Liquid Jasmine,1.03,5,6,0.97,500,False,500,0.06000000000000005,1.94,5.82
Home & Cleaning,Odonil Room Spray Air Freshener Citrus Fres,1.5,12,4,1.32,137,False,137,0.17999999999999994,9.635036496350365,5.28
Home & Cleaning,Scotch Brite Power Scrub Pad,0.5,2,6,0.49,58,False,1,0.010000000000000009,8.448275862068964,2.94
Home & Cleaning,Origami Good Karma Toilet Roll,2.75,14,6,2.34,232,False,1,0.41000000000000014,10.086206896551724,14.04
Home & Cleaning,Shubh kart - Shubhkart Sambrani Cup Black 12n,0.8,6,4,0.75,696,False,12,0.050000000000000044,1.0775862068965516,3.0
Home & Cleaning,Gala Scrubber Pad,0.75,9,5,0.68,290,False,5,0.06999999999999995,2.344827586206897,3.4000000000000004
Home & Cleaning,Origami So Soft Tissue Roll Single - 340 Pulls 3 Ply,0.8,0,1,0.8,58,False,1,0.0,13.793103448275863,0.8
Home & Cleaning,Odomos lotion - Mosquito Repellent,0.9,8,6,0.82,120,False,120,0.08000000000000007,6.833333333333333,4.92
Home & Cleaning,Surf Excel Matic Front Load Detergent Powder,5.3,4,6,5.07,2000,False,2,0.22999999999999954,2.535,30.42
Home & Cleaning,Fevicol Mr.Original General Purpose White Glue,0.5,2,6,0.49,105,False,100,0.010000000000000009,4.666666666666666,2.94
Home & Cleaning,Aro Aluminium Container with Lid 230 ml,0.75,9,3,0.68,25,False,25,0.06999999999999995,27.200000000000003,2.04
Home & Cleaning,Harpic Power Fresh 6 Toilet Cleaner Rim Block Floral Delight,1.88,10,6,1.69,35,False,35,0.18999999999999995,48.285714285714285,10.14
Home & Cleaning,Origami So Soft Tissue Roll 3 Ply,3.9,11,6,3.47,696,False,12,0.4299999999999997,4.985632183908046,20.82
Home & Cleaning,Ariel Matic Front Load Detergent Washing Powder,8.0,15,6,6.8,3000,False,3,1.2000000000000002,2.2666666666666666,40.8
Home & Cleaning,Gala Double Hockey Toilet Brush,1.5,10,6,1.35,58,False,1,0.1499999999999999,23.27586206896552,8.100000000000001
Home & Cleaning,Surf Excel Detergent Bar Value Pack,1.14,0,6,1.14,800,False,800,0.0,1.4249999999999998,6.84
Home & Cleaning,Odonil Zipper Blissful Citrus,0.55,0,1,0.55,10,False,10,0.0,55.00000000000001,0.55
Home & Cleaning,Eveready Base B22 9-Watt LED Bulb,1.5,0,2,1.5,58,False,1,0.0,25.862068965517242,3.0
Home & Cleaning,Scotch Brite Sponge Wipe,3.3,10,6,2.97,290,False,5,0.3299999999999996,10.241379310344827,17.82
Home & Cleaning,Domex Disinfectant Floor Cleaner,1.8,5,6,1.7,1000,False,1,0.10000000000000009,1.7,10.2
Home & Cleaning,Surf Excel Matic Powder Front Load,8.1,7,2,7.5,4000,False,4,0.5999999999999996,1.875,15.0
Home & Cleaning,Scotch Brite Silver Sparks Scrub Pad,0.9,10,6,0.81,348,False,3,0.08999999999999997,2.327586206896552,4.86
Home & Cleaning,Airwick Room Air Freshener Spray Cool Water & Aloe Vera,1.61,5,6,1.52,245,False,245,0.09000000000000008,6.204081632653061,9.120000000000001
Home & Cleaning,Shubh kart - Surabhi Camphor Pouch 50g,0.95,9,6,0.86,50,False,50,0.08999999999999997,17.2,5.16
Home & Cleaning,Pril Power Of Active Boosters,1.02,0,1,1.02,400,False,400,0.0,2.5500000000000003,1.02
Home & Cleaning,Scotch Brite Tough Scrubber Brush,1.5,6,6,1.4,58,False,1,0.10000000000000009,24.137931034482758,8.399999999999999
Home & Cleaning,Mortein Dual All Insect Killer Spray,2.8,10,6,2.52,600,False,600,0.2799999999999998,4.2,15.120000000000001
Home & Cleaning,Lizol Double Concentrate Disinfectant Floor Cleaner Lavender,3.25,10,6,2.92,900,False,900,0.33000000000000007,3.2444444444444445,17.52
Home & Cleaning,Eveready Ultima Alkaline Battery AAA,0.68,0,6,0.68,116,False,2,0.0,5.862068965517241,4.08
Home & Cleaning,Shubh kart - Tejas Twisted Cotton Wicks 1000n,0.3,6,6,0.28,1000,False,1000,0.019999999999999962,0.28,1.6800000000000002
Home & Cleaning,Lizol Double Concentrate Disinfectant Floor Cleaner Citrus,6.5,8,6,5.98,1900,False,1,0.5199999999999996,3.1473684210526316,35.88
Home & Cleaning,Surf Excel Matic Top Load,7.2,9,4,6.49,4000,False,4,0.71,1.6225,25.96
Home & Cleaning,Oxi Green Dish Wash Liquid - Lemon,1.05,6,6,0.98,500,False,500,0.07000000000000006,1.96,5.88
Home & Cleaning,Mangalam Camphor,1.0,10,6,0.9,50,False,50,0.09999999999999998,18.000000000000004,5.4
Home & Cleaning,Cherry Blossom Liquid Wax Polish (Dark Tan),0.98,5,6,0.93,75,False,75,0.04999999999999993,12.400000000000002,5.58
Home & Cleaning,Gala EzeeSqueegee Wiper,1.5,10,6,1.35,58,False,1,0.1499999999999999,23.27586206896552,8.100000000000001
Home & Cleaning,Lizol Disinfectant Surface & Floor Cleaner Liquid Pine,2.05,8,6,1.88,975,False,975,0.16999999999999993,1.928205128205128,11.28
Home & Cleaning,Philips Stellar Bright 16W Light Bulb,3.9,16,6,3.24,58,False,1,0.6599999999999997,55.862068965517246,19.44
Home & Cleaning,Airwick EverFresh Gel Bathroom Air Freshener - Lavender Dew,0.7,10,6,0.63,50,False,50,0.06999999999999995,12.6,3.7800000000000002
Home & Cleaning,Origami Cups Plain 100 units,1.55,14,5,1.32,100,False,100,0.22999999999999998,13.2,6.6000000000000005
Home & Cleaning,Airwick EverFresh Gel Bathroom Air Freshener - Citrus Splash,0.7,10,6,0.63,50,False,50,0.06999999999999995,12.6,3.7800000000000002
Home & Cleaning,Ariel Matic Liquid Detergent Front Load,2.5,0,6,2.5,1000,False,1,0.0,2.5,15.0
Home & Cleaning,Om Bhakti Gangajal Packed At Gangotri,0.3,3,6,0.29,220,False,220,0.010000000000000009,1.3181818181818181,1.7399999999999998
Home & Cleaning,Odonil Air Freshner Lavender Meadows,0.75,5,4,0.71,75,False,75,0.040000000000000036,9.466666666666667,2.84
Home & Cleaning,Om Bhakti Haldi,0.12,0,4,0.12,15,False,15,0.0,8.0,0.48
Home & Cleaning,Cherry Blossom Wax Shoe Polish Dark Tan,0.68,5,6,0.64,40,False,40,0.040000000000000036,16.0,3.84
Home & Cleaning,Dabur Odomos Naturals Mosquito Repellant Gel,0.75,8,4,0.69,80,False,80,0.06000000000000005,8.624999999999998,2.76
Home & Cleaning,Shubh kart - Nirmal sugandhi mogra wet dhoop zipper 20 sticks,0.3,6,6,0.28,1160,False,20,0.019999999999999962,0.24137931034482762,1.6800000000000002
Home & Cleaning,Lizol Disinfectant Surface & Floor Cleaner Liquid Floral,2.05,8,6,1.88,975,False,975,0.16999999999999993,1.928205128205128,11.28
Home & Cleaning,Om Bhakti Wick for Diya - Ghee Cotton Wicks Big,1.89,10,6,1.7,30,False,30,0.18999999999999995,56.666666666666664,10.2
Home & Cleaning,Air Wick Room Air Freshener Spray - Lavender & Lotus,1.61,5,6,1.52,245,False,245,0.09000000000000008,6.204081632653061,9.120000000000001
Home & Cleaning,Scotch Brite Kitchen Sink Brush,1.35,9,5,1.22,58,False,1,0.13000000000000012,21.03448275862069,6.1
Home & Cleaning,Odonil Room Air Freshener Spray - Lavender Mist,1.5,12,1,1.32,137,False,137,0.17999999999999994,9.635036496350365,1.32
Home & Cleaning,Godrej Aer Power Pocket - Long Lasting Bathroom Fragrance Lavender Bloom,0.55,0,4,0.55,10,False,10,0.0,55.00000000000001,2.2
Home & Cleaning,Origami Good Karma Paper Serviettes,0.8,10,6,0.72,50,False,50,0.08000000000000007,14.4,4.32
Home & Cleaning,Scotch Magic Tape,1.15,14,6,0.98,58,False,1,0.16999999999999993,16.89655172413793,5.88
Home & Cleaning,Ambi Pur Car Freshener Gel - Relaxing Lavender,2.99,10,2,2.69,75,False,75,0.30000000000000027,35.86666666666667,5.38
Home & Cleaning,Origami Kitchen Towels 4 in 1 60 Pulls 2 Ply,2.65,0,6,2.65,58,False,1,0.0,45.689655172413794,15.899999999999999
Home & Cleaning,Ariel Matic Liquid Detergent Front Load,2.25,0,6,2.25,1000,False,1,0.0,2.25,13.5
Home & Cleaning,Om Bhakti Wick for Diya - Ghee Cotton Wicks Small,1.39,10,6,1.25,30,False,30,0.1399999999999999,41.666666666666664,7.5
Home & Cleaning,Chakaachak Super Strong Scrub,0.29,3,5,0.28,58,False,1,0.009999999999999953,4.827586206896552,1.4000000000000001
Home & Cleaning,Nimyle Lemongrass Floor Cleaner,1.65,5,5,1.56,975,False,975,0.08999999999999986,1.6,7.800000000000001
Home & Cleaning,Oxi Green Floor Cleaner - Citrus,1.79,10,6,1.61,1000,False,1,0.17999999999999994,1.61,9.66
Home & Cleaning,Airwick Room Air Freshener Spray - Rose & Saffron,1.61,5,5,1.52,245,False,245,0.09000000000000008,6.204081632653061,7.6
Home & Cleaning,Origami Luxuria Kitchen Towel 300 Pulls Single,3.2,0,2,3.2,58,False,1,0.0,55.17241379310345,6.4
Home & Cleaning,Philips EyePro 10.5W Light Bulb,2.2,10,6,1.98,58,False,1,0.2200000000000002,34.13793103448276,11.879999999999999
Home & Cleaning,Mangalam Camphor Tablet Jar,2.8,10,6,2.52,100,False,100,0.2799999999999998,25.2,15.120000000000001
Home & Cleaning,Chakaachak Super Sponge Wipes (Pack of 3),1.4,0,6,1.4,174,False,3,0.0,8.045977011494253,8.399999999999999
Home & Cleaning,"""Origami Good Karma Paper Serviettes - 100 napkins (1 ply)""",0.78,10,6,0.7,58,False,1,0.08000000000000007,12.068965517241379,4.199999999999999
Home & Cleaning,Robin Dazzling Liquid Blue After Wash,0.74,5,6,0.7,200,False,200,0.040000000000000036,3.4999999999999996,4.199999999999999
Home & Cleaning,Om Bhakti Camphor Big,1.19,10,6,1.07,40,False,40,0.11999999999999988,26.750000000000004,6.42
Home & Cleaning,Om Bhakti Wick for Diya - Cotton Long Batti,0.2,0,6,0.2,75,False,75,0.0,2.666666666666667,1.2000000000000002
Home & Cleaning,Om Bhakti Camphor Small,0.79,10,6,0.71,25,False,25,0.08000000000000007,28.4,4.26
Home & Cleaning,Ariel Matic Top Load Detergent Washing Powder,4.99,0,1,4.99,2000,False,2,0.0,2.495,4.99
Home & Cleaning,Scotch Brite Multi-Purpose Sponge Wipes,7.0,17,6,5.81,580,False,10,1.1900000000000004,10.017241379310345,34.86
Home & Cleaning,Surabhi Pure Camphor,0.5,2,6,0.49,25,False,25,0.010000000000000009,19.599999999999998,2.94
Home & Cleaning,Lizol Double Concentrate Disinfectant Floor Cleaner Citrus,3.25,5,6,3.08,900,False,900,0.16999999999999993,3.4222222222222225,18.48
Home & Cleaning,Chakaachak Floor Pocha Large,0.5,0,1,0.5,58,False,1,0.0,8.620689655172413,0.5
Home & Cleaning,Ariel Matic Front Load Liquid Detergent,2.2,0,4,2.2,1000,False,1,0.0,2.2,8.8
Home & Cleaning,Harpic Power Fresh 6 Toilet Cleaner Rim Block Marine Splash,1.88,10,4,1.69,35,False,35,0.18999999999999995,48.285714285714285,6.76
Home & Cleaning,Chakaachak Dust Proof Broom,1.8,2,6,1.75,58,False,1,0.050000000000000044,30.17241379310345,10.5
Home & Cleaning,Cherry Blossom Liquid Shoe Polish Neutral,0.0,0,1,0.0,75,False,75,0.0,0.0,0.0
Home & Cleaning,Om Bhakti Kumkum,0.12,0,6,0.12,15,False,15,0.0,8.0,0.72
Home & Cleaning,Apsara Non Dust Eraser,0.6,10,5,0.54,1160,False,20,0.05999999999999994,0.4655172413793104,2.7
Home & Cleaning,Chakaachak Power Scrub (Pack of 2),0.42,2,6,0.41,116,False,2,0.010000000000000009,3.5344827586206895,2.46
Home & Cleaning,Om Bhakti Wick for Diya - Vanaspati Ghee Cotton Wicks Small,0.69,11,6,0.61,30,False,30,0.07999999999999996,20.333333333333332,3.66
Home & Cleaning,Whiskas Adult +1 year Salmon in Gravy,2.5,10,3,2.25,85,False,1,0.25,26.470588235294116,6.75
Home & Cleaning,Origami Paper Party Plates,2.4,0,6,2.4,580,False,50,0.0,4.137931034482759,14.399999999999999
Home & Cleaning,Gala Microfiber Multipurpose Cloth,1.4,7,6,1.29,58,False,1,0.10999999999999988,22.24137931034483,7.74
Home & Cleaning,Ariel Matic Front Load Detergent Powder,2.6,0,6,2.6,1000,False,1,0.0,2.6,15.600000000000001
Home & Cleaning,Ariel Matic Liquid Detergent Front Load,2.5,0,4,2.5,1000,False,1,0.0,2.5,10.0
Home & Cleaning,Vim Dishwash Bar,0.23,4,0,0.22,300,True,300,0.010000000000000009,0.7333333333333334,0.0
Home & Cleaning,Dettol Effective Protection Antiseptic Liquid,1.16,0,0,1.16,250,True,250,0.0,4.64,0.0
Home & Cleaning,Godrej Good Night Gold Flash Liquid Vapouriser,0.89,0,0,0.89,60,True,60,0.0,14.833333333333334,0.0
Home & Cleaning,Rin Detergent Powder,0.86,2,0,0.84,1000,True,1,0.020000000000000018,0.84,0.0
Home & Cleaning,Surf Excel Easy Wash Detergent Powder,1.36,3,0,1.31,1000,True,1,0.050000000000000044,1.31,0.0
Home & Cleaning,Rin Detergent Bar,0.1,0,0,0.1,140,True,140,0.0,0.7142857142857143,0.0
Home & Cleaning,Odomos Mosquito Repellent Spray,0.9,8,0,0.82,100,True,100,0.08000000000000007,8.2,0.0
Home & Cleaning,Chakaachak Super Steel Scrubber,0.12,8,0,0.11,58,True,1,0.009999999999999995,1.896551724137931,0.0
Home & Cleaning,Scotch-Brite Scrub Sponge Ideal For Dishwash Liquid,0.65,9,0,0.59,116,True,2,0.06000000000000005,5.086206896551723,0.0
Home & Cleaning,Gala No Dust Broom,1.9,7,0,1.75,58,True,1,0.1499999999999999,30.17241379310345,0.0
Home & Cleaning,Chakaachak Eazo Grass Broom New,1.05,2,0,1.02,58,True,1,0.030000000000000027,17.586206896551726,0.0
Home & Cleaning,Vim Dishwash Bar,0.45,0,0,0.45,600,True,600,0.0,0.75,0.0
Home & Cleaning,Rin Fabric Whitener Detergent,0.69,10,0,0.62,500,True,500,0.06999999999999995,1.24,0.0
Home & Cleaning,Comfort After Wash Fabric Conditioner Lily Fresh,2.35,9,0,2.12,860,True,860,0.22999999999999998,2.4651162790697674,0.0
Home & Cleaning,Ujala Superme For Super Whiteness Of Clothes,0.25,0,0,0.25,75,True,75,0.0,3.3333333333333335,0.0
Home & Cleaning,Surf Excel Quick Wash,2.08,6,0,1.95,1000,True,1,0.13000000000000012,1.95,0.0
Home & Cleaning,Scotch BOPP Packaging Tape,0.8,15,0,0.68,58,True,1,0.12,11.724137931034482,0.0
Home & Cleaning,Origami Plates Plain,2.5,10,0,2.25,100,True,100,0.25,22.5,0.0
Home & Cleaning,Dettol Antiseptic Liquid,0.3,0,0,0.3,60,True,60,0.0,5.0,0.0
Health & Hygiene,Epigamia Fruit Yogurt Alphonso Mango,0.4,50,6,0.2,75,False,75,0.2,2.666666666666667,1.2000000000000002
Health & Hygiene,Epigamia Fruit Yogurt Vanilla,0.4,50,6,0.2,75,False,75,0.2,2.666666666666667,1.2000000000000002
Health & Hygiene,Nestle A+ Actiplus Probiotic Dahi Plain Curd,0.78,3,5,0.75,400,False,400,0.030000000000000027,1.875,3.75
Health & Hygiene,Dettol Original Germ Protection Alcohol Based Hand Sanitizer,0.25,0,6,0.25,50,False,50,0.0,5.0,1.5
Health & Hygiene,Dettol Antiseptic Disinfectant Liquid,0.66,0,6,0.66,125,False,125,0.0,5.28,3.96
Health & Hygiene,Durex Air Ultra Thin Condoms,0.82,0,6,0.82,174,False,3,0.0,4.712643678160919,4.92
Health & Hygiene,Durex Air Ultra Thin Condom,2.45,10,6,2.2,580,False,10,0.25,3.7931034482758625,13.200000000000001
Health & Hygiene,Dabur Regular Hajmola,0.45,6,6,0.42,120,False,120,0.030000000000000027,3.5,2.52
Health & Hygiene,Hajmola Anardana Digestive Tablets,0.45,6,2,0.42,120,False,180,0.030000000000000027,3.5,0.84
Health & Hygiene,Zandu Balm,0.4,10,4,0.36,8,False,8,0.040000000000000036,45.0,1.44
Health & Hygiene,Vicks Cough Drops Menthol,0.2,0,6,0.2,1160,False,20,0.0,0.1724137931034483,1.2000000000000002
Health & Hygiene,Durex Extra Time Condoms,2.28,10,6,2.05,580,False,10,0.22999999999999998,3.5344827586206895,12.299999999999999
Health & Hygiene,Vicks Vaporub,0.85,9,6,0.77,25,False,25,0.07999999999999996,30.8,4.62
Health & Hygiene,Dettol Antiseptic Liquid,0.33,0,4,0.33,60,False,60,0.0,5.500000000000001,1.32
Health & Hygiene,Veet Sensitive Skin Hair Removal Cream,1.35,5,6,1.28,50,False,50,0.07000000000000006,25.6,7.68
Health & Hygiene,Vicks VapoRub,1.45,11,2,1.29,50,False,50,0.15999999999999992,25.8,2.58
Health & Hygiene,Dabur Hajmola Imli Digestive Tablets,0.45,6,6,0.42,120,False,120,0.030000000000000027,3.5,2.52
Health & Hygiene,Dettol Antiseptic Liquid + Disinfectant Spray - Original,1.59,10,6,1.43,225,False,225,0.16000000000000014,6.355555555555555,8.58
Health & Hygiene,Iodex Body Pain Expert,0.4,2,6,0.39,8,False,8,0.010000000000000009,48.75,2.34
Health & Hygiene,Patanjali Hing Goli,0.65,10,4,0.58,100,False,100,0.07000000000000006,5.8,2.32
Health & Hygiene,Moov Fast Pain Relief Cream,1.89,15,6,1.6,50,False,50,0.2899999999999998,32.0,9.600000000000001
Health & Hygiene,Dettol Hand Sanitizer,1.0,5,6,0.95,200,False,200,0.050000000000000044,4.75,5.699999999999999
Health & Hygiene,Whisper Ultra Soft XL+ Sanitary Pads,3.3,2,6,3.23,30,False,30,0.06999999999999984,107.66666666666666,19.38
Health & Hygiene,Whisper Choice Regular Wing Sanitary Pad,0.3,0,2,0.3,406,False,7,0.0,0.7389162561576355,0.6
Health & Hygiene,Savlon Surface Disinfectant Spray,1.65,10,6,1.48,170,False,170,0.16999999999999993,8.705882352941176,8.879999999999999
Health & Hygiene,Durex Extra Thin Condoms,2.28,10,6,2.05,580,False,10,0.22999999999999998,3.5344827586206895,12.299999999999999
Health & Hygiene,Stayfree Secure Dry Cover Regular Sanitary Pad With Wings,0.3,3,6,0.29,406,False,7,0.010000000000000009,0.7142857142857143,1.7399999999999998
Health & Hygiene,Eno Fruit Salt Lemon Flavour Energy Powder,1.3,10,6,1.17,100,False,100,0.13000000000000012,11.7,7.02
Health & Hygiene,Moov Pain Relief Specialist Spray,1.49,5,5,1.41,35,False,35,0.08000000000000007,40.285714285714285,7.05
Health & Hygiene,Savlon Germ Protection Wipes,1.89,10,6,1.7,72,False,72,0.18999999999999995,23.61111111111111,10.2
Health & Hygiene,Veet Hair Removal Cream Dry Skin,1.35,5,5,1.28,50,False,50,0.07000000000000006,25.6,6.4
Health & Hygiene,Whisper Ultra Soft Air Fresh Sanitary Pads (XL) with Wings,3.15,0,4,3.15,30,False,30,0.0,105.0,12.6
Health & Hygiene,Whisper Choice Regular Sanitary Pads,0.9,0,6,0.9,1160,False,20,0.0,0.7758620689655172,5.4
Health & Hygiene,Whisper Ultra Clean Wings XL+  Pouch,4.49,7,6,4.15,44,False,44,0.33999999999999986,94.31818181818183,24.900000000000002
Health & Hygiene,Durex Extra Ribbed Condoms,2.45,10,2,2.2,580,False,10,0.25,3.7931034482758625,4.4
Health & Hygiene,Eno Regular Fruit Salt Energy Powder,1.3,0,6,1.3,100,False,100,0.0,13.000000000000002,7.800000000000001
Health & Hygiene,Durex Extra Thin Bubblegum Condom,1.5,10,6,1.35,580,False,10,0.1499999999999999,2.327586206896552,8.100000000000001
Health & Hygiene,Dabur Hajmola Pudina - Digestive Tablets,0.45,6,6,0.42,120,False,120,0.030000000000000027,3.5,2.52
Health & Hygiene,Baidyanath Isabgol,1.1,22,3,0.85,100,False,100,0.2500000000000001,8.5,2.55
Health & Hygiene,Kapiva Thar Aloe Vera Juice,2.99,15,6,2.54,1000,False,1,0.4500000000000002,2.54,15.24
Health & Hygiene,Fine Life Cotton Balls,1.1,10,6,0.99,100,False,100,0.1100000000000001,9.899999999999999,5.9399999999999995
Health & Hygiene,Stayfree Dry Max All Night XL Dry Cover Sanitary Pads,3.4,12,6,2.98,28,False,28,0.41999999999999993,106.42857142857143,17.88
Health & Hygiene,Moov Pain Releiver Spray,2.9,15,6,2.46,80,False,80,0.43999999999999995,30.75,14.76
Health & Hygiene,Whisper Ultra Clean XL Plus Sanitary Pad,1.75,0,5,1.75,870,False,15,0.0,2.0114942528735633,8.75
Health & Hygiene,Durex Condoms Mutual Climax,1.2,0,6,1.2,174,False,3,0.0,6.896551724137931,7.199999999999999
Health & Hygiene,Durex Extra Dots Condoms,2.28,10,6,2.05,580,False,10,0.22999999999999998,3.5344827586206895,12.299999999999999
Health & Hygiene,Zandu Balm Ulter Power For Strong Headache Bodyache & Cold,0.45,8,6,0.41,8,False,8,0.040000000000000036,51.25,2.46
Health & Hygiene,Dabur Hajmola Maha Candy - Aam+Imli,1.3,5,1,1.23,130,False,130,0.07000000000000006,9.461538461538462,1.23
Health & Hygiene,Whisper Choice Ultra XL Sanitary Pad,1.33,2,5,1.3,1160,False,20,0.030000000000000027,1.1206896551724137,6.5
Health & Hygiene,Veet Full Body Waxing Kit For Dry Skin,2.35,7,6,2.18,1160,False,20,0.16999999999999993,1.8793103448275863,13.080000000000002
Health & Hygiene,Dabur Chyawanprakash - Sugar Free,4.15,7,6,3.85,900,False,900,0.30000000000000027,4.277777777777778,23.1
Health & Hygiene,Zandu Balm,0.85,10,5,0.76,25,False,25,0.08999999999999997,30.4,3.8
Health & Hygiene,Himalaya Cold Balm,1.25,9,6,1.13,45,False,45,0.1200000000000001,25.111111111111107,6.779999999999999
Health & Hygiene,Dettol Clinical Strength Hand Sanitizer Liquid,2.5,10,6,2.25,500,False,500,0.25,4.5,13.5
Health & Hygiene,Kapiva Wild Amla Juice,2.49,14,6,2.12,1000,False,1,0.3700000000000001,2.12,12.72
Health & Hygiene,Dabur Chyawanprash,3.49,3,6,3.38,950,False,1,0.11000000000000032,3.5578947368421048,20.28
Health & Hygiene,Amrutanjan Pain Balm Extra Power,1.0,11,6,0.89,28,False,27,0.10999999999999999,31.785714285714285,5.34
Health & Hygiene,Stayfree Dry-Max All Night Ultra-Dry Sanitary Pad,0.9,10,6,0.81,406,False,7,0.08999999999999997,1.9950738916256159,4.86
Health & Hygiene,Whisper Ultra Clean XL Plus Sanitary Pad,1.55,0,6,1.55,870,False,15,0.0,1.781609195402299,9.3
Health & Hygiene,Durex Mutual Climax Condoms,3.6,15,6,3.06,580,False,10,0.54,5.275862068965518,18.36
Health & Hygiene,Whisper Daily Liners Clean and Fresh,1.05,0,4,1.05,1160,False,20,0.0,0.9051724137931035,4.2
Health & Hygiene,Moov Cream Regular,0.5,6,4,0.47,10,False,10,0.030000000000000027,47.0,1.88
Health & Hygiene,Moov Pain Relief Specialist,0.75,5,6,0.71,15,False,15,0.040000000000000036,47.33333333333333,4.26
Health & Hygiene,Dabur Chyawanprakash Sugar Free,2.35,5,6,2.23,500,False,500,0.1200000000000001,4.46,13.379999999999999
Health & Hygiene,Baidyanath Isabgol,1.1,22,5,0.85,100,False,100,0.2500000000000001,8.5,4.25
Health & Hygiene,Veet Hair Removal Cream (Normal Skin),1.35,5,6,1.28,50,False,50,0.07000000000000006,25.6,7.68
Health & Hygiene,Stayfree Advanced XL Ultra Comfort Sanitary napkins with Wings,1.75,0,3,1.75,812,False,14,0.0,2.155172413793103,5.25
Health & Hygiene,Savlon Clothes Disinfectant & Refreshing Spray Fresh Breeze,1.75,10,6,1.57,230,False,230,0.17999999999999994,6.82608695652174,9.42
Health & Hygiene,Dabur Chyawanprash Immunity Booster,1.9,6,6,1.77,500,False,500,0.1299999999999999,3.54,10.620000000000001
Health & Hygiene,Vicks Inhaler with Keychain,1.05,9,4,0.95,116,False,2,0.10000000000000009,8.189655172413792,3.8
Health & Hygiene,Stayfree Secure XL Size Sanitary Napkins,1.15,0,5,1.15,1160,False,20,0.0,0.9913793103448274,5.75
Health & Hygiene,Dabur Ayurvedic Tulsi Drops (Immunity Booster),1.95,6,6,1.82,30,False,30,0.1299999999999999,60.666666666666664,10.92
Health & Hygiene,Organic India Wheat Grass,3.95,20,4,3.16,100,False,100,0.79,31.6,12.64
Health & Hygiene,Organic India Organic Chyawanprash,4.95,20,6,3.96,500,False,500,0.9900000000000002,7.92,23.759999999999998
Health & Hygiene,Organic India Sugar Balance 60 Capsules Bottle,2.25,0,6,2.25,60,False,60,0.0,37.5,13.5
Health & Hygiene,Whisper Ultra Soft XL+ Sanitary Pads,5.55,0,1,5.55,60,False,60,0.0,92.5,5.55
Health & Hygiene,Dabur - Chyawanprash,0.99,0,1,0.99,250,False,25,0.0,3.96,0.99
Health & Hygiene,Vicks BabyRub,1.05,11,6,0.93,25,False,25,0.12,37.2,5.58
Health & Hygiene,Bombay Shaving Company Sensitive Cartridges,3.75,0,2,3.75,116,False,2,0.0,32.327586206896555,7.5
Health & Hygiene,Organic India Brahmi Bottle,2.05,20,1,1.64,60,False,60,0.4099999999999999,27.333333333333332,1.64
Health & Hygiene,Horlicks Protein Plus Chocolate,2.7,0,2,2.7,200,False,200,0.0,13.500000000000002,5.4
Health & Hygiene,Dabur Nature Care Isabgol - Double Action,1.4,5,6,1.33,100,False,100,0.06999999999999984,13.3,7.98
Health & Hygiene,Kapiva Wild Tulsi Giloy Juice |,4.0,15,1,3.4,1000,False,1,0.6000000000000001,3.4,3.4
Health & Hygiene,Dabur Amla Juice,2.35,15,6,1.99,1000,False,1,0.3600000000000001,1.99,11.94
Health & Hygiene,Epigamia Fruit Yogurt Strawberry,0.4,50,0,0.2,75,True,75,0.2,2.666666666666667,0.0
Health & Hygiene,Dettol Effective Protection Antiseptic Liquid,1.16,0,0,1.16,250,True,250,0.0,4.64,0.0
Health & Hygiene,Stayfree Secure Cottony Soft Cover Sanitary Pad (Regular) with Wings,0.3,3,0,0.29,406,True,7,0.010000000000000009,0.7142857142857143,0.0
Health & Hygiene,"Eno Cooling Sachets - Cool Mint, 6 Pieces Carton",0.54,11,0,0.48,5,True,5,0.06000000000000005,96.0,0.0
Health & Hygiene,Whisper Choice Sanitary Pad,0.32,9,0,0.29,406,True,7,0.030000000000000027,0.7142857142857143,0.0
Health & Hygiene,Whisper Bindazzz Nights XL + Sanitary Pad,0.9,0,0,0.9,406,True,7,0.0,2.2167487684729066,0.0
Health & Hygiene,Gillette Venus Close & Clean Razor,2.49,7,0,2.3,58,True,1,0.1900000000000004,39.655172413793096,0.0
Health & Hygiene,Whisper Choice Regular Sanitary Pads,0.9,3,0,0.87,58,True,20,0.030000000000000027,15.0,0.0
Health & Hygiene,Stayfree Secure Dry Cover Extra Large Sanitary Pad,0.42,2,0,0.41,406,True,7,0.010000000000000009,1.0098522167487682,0.0
Health & Hygiene,Dabur Honitus Herbal Cough Remedy Ayurvedic Syrup,1.05,15,0,0.89,100,True,100,0.16000000000000003,8.9,0.0
Health & Hygiene,Whisper Bindazzz Night Sanitary Pads XL Plus,1.85,0,0,1.85,870,True,15,0.0,2.1264367816091956,0.0
Health & Hygiene,Fine Life Cotton Balls,0.6,0,0,0.6,50,True,50,0.0,12.0,0.0
Health & Hygiene,Dettol Antiseptic Liquid,0.3,0,0,0.3,60,True,60,0.0,5.0,0.0
